seller_id,first_sale,last_sale,total_orders,total_revenue,avg_review_score,days_since_last_sale,seller_lifespan_days,is_churned
0015a82c2db000af6aaaf3ae2ecb0532,2017-09-26 22:17:05,2017-10-18 08:16:34,3,2685.0,3.6666666666666665,315,21,True
001cca7ae9ae17fb1caed9dfb1094831,2017-02-04 19:06:04,2018-07-12 21:38:26,195,24487.03,3.9358974358974357,47,523,False
002100f778ceb8431b7a1020ff7ab48f,2017-09-14 01:00:31,2018-04-12 12:58:23,50,1236.5,4.036363636363636,139,210,True
003554e2dce176b5555353e4f3555ac8,2017-12-15 06:52:25,2017-12-15 06:52:25,1,120.0,5.0,257,0,True
004c9cd9d87a3c30c522c48c4fc07416,2017-01-27 10:34:34,2018-05-03 11:13:38,156,20407.19,4.1085714285714285,118,461,True
00720abe85ba0859807595bbf045a33b,2018-01-27 13:46:31,2018-08-03 16:57:01,13,1007.5,3.6538461538461537,25,188,False
00ab3eff1b5192e5f1a63bcecfee11c8,2017-03-18 11:40:26,2017-03-18 11:40:26,1,98.0,5.0,529,0,True
00d8b143d12632bad99c0ad66ad52825,2018-03-21 11:17:37,2018-03-21 11:17:37,1,86.0,5.0,161,0,True
00ee68308b45bc5e2660cd833c3f81cc,2017-09-19 01:02:44,2018-08-09 20:45:10,135,20345.0,4.335260115606936,19,324,False
00fc707aaaad2d31347cf883cd2dfe10,2018-01-31 15:33:18,2018-06-13 16:19:00,103,13490.8,3.7202797202797204,76,133,False
010543a62bd80aa422851e79a3bc7540,2017-07-04 17:54:07,2017-08-02 13:49:39,2,1416.0,4.5,392,28,True
010da0602d7774602cd1b3f5fb7b709e,2018-06-06 18:37:14,2018-06-06 18:37:14,1,849.5,1.0,83,0,False
011b0eaba87386a2ae96a7d32bb531d1,2016-10-06 07:08:15,2016-10-06 07:08:15,1,99.98,4.0,692,0,True
01266d4c46afa519678d16a8b683d325,2018-08-02 16:07:38,2018-08-20 19:14:26,3,90.25,5.0,8,18,False
013900e863eace745d3ec7614cab5b1a,2017-03-04 10:02:28,2018-04-13 16:35:16,23,1619.7,4.730769230769231,137,405,True
014c0679dd340a0e338872e7ec85666a,2017-01-26 00:20:22,2018-07-04 23:17:21,14,7058.0,3.6666666666666665,55,524,False
014d9a685fd57276679edd00e07089e5,2017-11-21 13:22:00,2018-08-17 13:13:21,11,729.88,3.8333333333333335,12,268,False
0176f73cc1195f367f7b32db1e5b3aa8,2017-11-16 17:42:52,2018-08-13 17:54:44,37,4643.2,4.052631578947368,15,270,False
01bcc9d254a0143f0ce9791b960b2a47,2017-08-12 16:25:03,2018-02-02 10:03:35,10,1393.21,4.4,208,173,True
01c97ebb5cdac52891c0ed1c37ba0012,2017-04-13 23:47:01,2018-07-31 19:13:20,9,577.5,4.083333333333333,28,473,False
01cf7e3d21494c41fb86034f2e714fa1,2016-10-06 18:03:01,2018-02-26 09:41:21,59,9439.56,4.2,184,507,True
01ed254b9ff8407dfb9d99ba1e17d923,2017-08-04 10:33:43,2017-11-08 20:24:38,5,1465.99,5.0,293,96,True
01fd077212124329bac32490e8ef80d9,2018-04-16 10:44:09,2018-08-24 17:52:59,31,1208.0,4.3076923076923075,4,130,False
01fdefa7697d26ad920e9e0346d4bd1b,2017-04-26 15:57:39,2018-08-20 21:50:59,128,14802.53,4.376923076923077,8,481,False
0241d4d5d36f10f80c644447315af0bd,2017-10-08 19:00:03,2018-08-28 15:11:49,238,31561.5,4.2730923694779115,0,323,False
0249d282d911d23cb8b869ab49c99f53,2017-09-18 20:48:19,2018-03-22 22:37:56,11,393.0,4.2727272727272725,159,185,True
024b564ae893ce8e9bfa02c10a401ece,2016-10-05 12:41:38,2017-02-12 18:46:20,2,706.4000000000001,4.75,562,130,True
028872bfa080090a9d0abd4f1af168f8,2017-08-19 09:10:45,2017-08-19 09:10:45,1,70.5,5.0,375,0,True
02b72cdeb9cfcc429f1af6f4e3f3b737,2018-07-25 21:20:47,2018-08-22 20:09:46,4,522.65,4.75,6,27,False
02c988090b766852e088c69d7fb3b551,2017-07-21 17:52:29,2018-08-15 09:44:30,12,1564.3700000000001,4.6875,14,389,False
02d35243ea2e497335cd0f076b45675d,2017-04-29 22:33:10,2018-08-02 17:53:47,14,5794.0,2.6875,26,459,False
02dcd3e8e25bee036e32512bcf175493,2018-02-21 20:55:22,2018-08-22 16:20:30,13,1491.9,3.588235294117647,6,181,False
02ecc2a19303f05e59ce133fd923fff7,2017-06-18 18:04:34,2018-08-21 20:13:02,21,5264.19,4.541666666666667,7,429,False
02f5837340d7eb4f653d676c7256523a,2017-11-01 20:55:07,2018-08-08 14:13:58,30,3883.05,4.833333333333333,21,279,False
02f623a8eb246f3c5f7c2f96462654e6,2018-04-25 15:13:02,2018-08-22 23:52:12,44,6378.0,4.568181818181818,6,119,False
0307f7565ff85b299b6e5ef162b1b1a9,2016-10-10 18:09:39,2017-05-25 07:49:44,6,4711.9,3.5,461,226,True
0336182e1b3e92f029d5354832045fdf,2016-10-05 19:09:33,2016-10-05 19:09:33,1,29.8,2.0,692,0,True
034b9387752bfa309f350a70cd45ffa3,2018-04-11 15:53:57,2018-08-22 16:05:04,8,96.0,4.5,6,133,False
038b75b729c8a9a04b0d07cba7eabe86,2018-04-20 12:29:17,2018-04-22 18:42:38,2,467.0,3.5,128,2,True
039b29ff3b3473435d0cd59040575de9,2018-04-26 11:32:03,2018-08-23 13:56:52,9,114.9,4.444444444444445,6,119,False
039e6ad9dae79614493083e241147386,2018-04-03 11:35:18,2018-07-10 20:53:38,5,12925.0,4.0,49,98,False
03a2a6dcbe45d639c4dc2a0d24769c40,2018-03-13 08:11:07,2018-08-15 18:21:14,9,1078.41,4.111111111111111,13,155,False
03bd479e1d9484cdb14104d3023f7321,2018-05-09 17:37:03,2018-07-24 17:28:41,3,359.70000000000005,4.333333333333333,35,75,False
0417b067eeab773d2f7061a726dc477f,2018-03-01 20:13:18,2018-08-20 12:38:56,13,1859.18,3.923076923076923,9,171,False
042573af89b6d931f672efaf789d8358,2018-01-21 17:44:36,2018-02-11 13:08:02,3,413.48,3.6666666666666665,199,20,True
04308b1ee57b6625f47df1d56f00eedf,2017-11-14 16:57:33,2018-08-12 00:13:50,92,58991.799999999996,3.9456521739130435,17,270,False
0432ead42b6c8a0bdf68154add917fdf,2017-04-02 16:31:42,2018-07-27 18:03:57,82,7574.400000000001,4.551724137931035,32,481,False
044668ccd5316b12a7cf0d54a156e3e9,2018-08-08 17:54:25,2018-08-20 21:07:24,3,137.8,5.0,8,12,False
04843805947f0fc584fc1969b6e50fe7,2018-08-05 14:55:14,2018-08-05 14:55:14,1,1400.0,5.0,24,0,False
048c2757535328e0d7dac690ad3c0aae,2017-03-04 15:23:15,2018-08-21 16:31:46,50,9065.08,4.18,7,535,False
04aa0a1c5ce6b222003403a3e11c3cc0,2017-03-22 17:10:13,2018-01-24 11:40:28,11,5518.0,3.5294117647058822,217,307,True
04aba03279157f6d4e0fe8ccaf21963c,2017-05-10 11:51:13,2018-08-26 13:25:25,15,2416.0,4.533333333333333,3,473,False
04e38a233f726ef161074ab1c9b0399a,2017-09-15 00:53:25,2018-05-05 21:12:28,19,991.6,4.166666666666667,115,232,True
04ee0ec01589969663ba5967c0e0bdc0,2018-08-21 11:29:05,2018-08-21 11:29:05,1,289.49,5.0,8,0,False
04fdea0c111866e6cf812f1570d6b5bd,2017-10-14 09:11:45,2018-01-31 13:57:40,8,865.0,3.5,210,109,True
0509040ea3fe50071181bbc359eb7738,2017-05-03 14:22:02,2018-08-02 12:05:18,87,3689.35,4.5,27,455,False
052577151711aec5c744fe12e66db3e1,2017-10-26 18:35:40,2017-10-26 18:35:40,1,687.0,5.0,306,0,True
054694fa03fe82cec4b7551487331d74,2017-01-07 17:20:56,2018-04-09 16:57:00,20,8286.1,3.2857142857142856,141,456,True
056b4ada5bbc2c50cc7842547dda6b51,2017-12-01 10:20:48,2018-08-23 13:21:08,64,12203.400000000001,4.107692307692307,6,265,False
0570350b23eda5444f8d1d9544932058,2018-04-12 23:43:37,2018-05-22 20:17:22,6,626.9,5.0,98,39,True
05730013efda596306417c3b09302475,2018-07-06 18:37:58,2018-08-22 20:16:37,4,952.0,5.0,6,47,False
058cb5aeb36d7c0fcae20fc85d5e0a59,2017-09-25 22:41:26,2018-08-14 23:23:38,11,1236.0,3.5833333333333335,14,323,False
058fd0aa2bfdb2274e05e1ae971dabb6,2017-08-03 11:36:18,2018-06-07 19:45:30,60,7631.9,4.375,82,308,False
05a48cc8859962767935ab9087417fbb,2018-08-02 12:05:38,2018-08-02 12:05:38,1,42.9,5.0,27,0,False
05a940b4ecae36cadfd8e93bd9c43257,2017-07-16 17:22:22,2018-02-19 15:20:06,9,695.1,4.222222222222222,190,217,True
05aebce0b5c8f0d41b29b686f2d05fd3,2018-03-05 16:24:44,2018-08-10 16:15:34,2,74.99000000000001,5.0,18,157,False
05ca864204d09595ae591b93ea9cf93d,2018-08-16 09:18:25,2018-08-16 09:18:25,1,179.9,5.0,13,0,False
05d2173d43ea568aa0540eba70d2ca76,2017-09-27 12:01:09,2018-08-12 20:44:16,62,5759.66,3.909090909090909,16,319,False
05e107217c7266362fd44b75b2cd4cc4,2018-06-29 23:02:10,2018-08-21 05:26:43,5,193.38000000000002,4.125,8,52,False
05f51e13da97139648b8125c31e5f51b,2017-07-10 16:09:38,2018-03-23 10:44:18,57,13100.31,4.25,159,255,True
05feb94f19d094d4b0f9281f0b1d4c99,2017-08-14 08:05:48,2018-02-18 18:26:06,6,9353.0,4.5,191,188,True
05ff92fedb5be47920fea08e501238b9,2016-10-04 16:02:18,2018-08-07 21:31:29,57,21853.98,4.241935483870968,21,672,False
062c325cd6a2b87845fab56b4ec2eeae,2018-05-07 11:48:13,2018-08-01 21:33:30,2,133.22,5.0,27,86,False
062ce95fa2ad4dfaedfc79260130565f,2017-01-26 18:48:30,2017-09-10 00:14:56,54,7479.1,4.016949152542373,353,226,True
06532f10282704ef4c69168b914b77be,2017-03-03 14:12:45,2017-08-18 16:26:37,7,9827.95,4.625,375,168,True
06579cb253ecd5a3a12a9e6eb6bf8f47,2017-08-03 17:47:10,2018-08-11 21:27:06,61,4587.400000000001,3.842857142857143,17,373,False
066a6914e1ebf3ea95a216c73a986b91,2016-10-06 17:10:05,2018-08-10 12:12:35,66,8956.38,3.9722222222222223,19,672,False
0691148aee60ca47977c187804f935ae,2017-11-24 15:13:24,2018-08-27 08:56:49,47,5904.41,4.0,2,275,False
0692610d8abe24f287e9fae90ea0bbee,2018-06-02 11:14:09,2018-08-22 15:45:32,4,173.99,4.0,6,81,False
06a2c3af7b3aee5d69171b0e14f0ee87,2018-01-19 09:51:37,2018-08-22 11:49:11,389,36220.97,3.9826302729528535,7,215,False
06bb3a2fe5e7b7a845b13e8fb91bd944,2017-09-11 08:09:15,2018-07-04 22:45:03,17,1536.19,4.611111111111111,55,296,False
06df0c10d34e459d9672bc77388742eb,2018-03-16 13:58:32,2018-08-06 19:44:03,26,9070.0,4.366666666666666,22,143,False
06e5eefc71ec47ae763c5c6f8db7064f,2017-04-25 16:33:00,2018-08-22 17:14:07,90,21648.670000000002,3.924731182795699,6,484,False
07017df32dc5f2f1d2801e579548d620,2017-03-08 15:00:44,2018-07-29 21:34:43,8,946.49,4.111111111111111,30,508,False
070d165398b553f3b4b851c216b8a358,2017-08-24 10:29:36,2018-08-16 14:21:35,31,3333.17,3.473684210526316,13,357,False
0725b8c0f3f906e58f70cbe76b7c748c,2017-01-20 17:23:00,2018-08-07 17:41:54,16,2263.73,3.641025641025641,21,564,False
0743a0239d764b9a0f959a57d07e36ab,2018-07-24 10:50:34,2018-08-04 17:01:32,4,336.96,4.75,24,11,False
0747d5bb69f0586cc869d8af4c50f93e,2016-10-06 13:39:20,2017-06-03 00:20:47,12,322.8,3.8461538461538463,452,239,True
0761743cbffb25d7148189e9f1a5f03a,2017-11-30 09:38:21,2018-02-02 18:42:02,3,241.2,4.285714285714286,207,64,True
077c5fae4bea9500e3737b16f71b9d3a,2017-09-19 12:44:23,2018-06-22 13:20:25,4,106.80000000000001,4.666666666666667,68,276,False
0791d9fc1e30678ecf03d3e55fa108d3,2018-05-15 14:03:08,2018-07-24 16:03:03,5,842.0,2.727272727272727,35,70,False
079d295dcbf06ee8bb1b65ba964eb2b6,2018-06-25 12:37:03,2018-08-09 20:00:05,5,349.3,4.8,19,45,False
07a9bc7f61396b658ddf3ac534efe44c,2017-06-26 11:44:22,2017-06-26 11:44:22,1,239.8,3.5,429,0,True
07bf9669d84d1f11be443a9dd938f698,2017-03-08 16:34:25,2018-06-27 09:01:34,18,1776.0,3.25,63,475,False
07d75e33f2750d97d467fb57e4dfdd8a,2018-03-06 09:17:21,2018-05-07 09:49:04,2,722.4,2.5,114,62,True
07de60b03d150fb3ea09eab5da5e4c8b,2018-01-31 23:06:27,2018-08-18 20:44:06,9,719.1,4.333333333333333,10,198,False
07e8e8fc5222bb358e6f259da3197074,2018-02-21 06:27:09,2018-08-08 22:13:19,2,51.8,4.0,20,168,False
080102cd0a76b09e0dcf55fcacc60e05,2017-07-23 11:22:00,2018-08-26 16:26:52,122,5612.65,4.53125,2,399,False
080199a181c46c657dc5aa235411be3b,2017-09-20 05:02:16,2018-08-24 11:43:17,79,14504.2,4.614457831325301,5,338,False
08061dc0fc165ed41288cc7acde738ee,2017-03-23 00:48:00,2017-11-14 12:48:34,4,123.8,4.5,288,236,True
08084d990eb3f53af056ccbc1730c8a7,2018-02-08 07:04:45,2018-08-14 20:56:45,12,372.5,4.166666666666667,14,187,False
081acf3de680d554796c9cf041be7bc2,2017-11-27 14:39:18,2018-05-23 18:30:11,4,1597.3,4.125,97,177,True
082e0bf4cb865a6533b1e8e498cc0255,2017-10-29 13:42:54,2018-08-17 07:09:44,11,2073.3,3.3043478260869565,12,291,False
085f6f7e049c996695fb2074fe38d45e,2018-02-26 14:22:19,2018-05-02 15:25:10,6,305.4,3.625,118,65,True
08633c14ef2db992c11f840f04fad4cd,2017-12-13 09:15:58,2018-08-24 14:57:19,74,7644.3,4.237113402061856,5,254,False
0873d9f8f36123f8d910f4760e788cfb,2018-05-07 20:22:07,2018-08-14 14:19:51,6,7265.59,3.1666666666666665,15,98,False
0885aaf116795758dfeb5f1032487bcd,2017-12-14 21:06:57,2018-08-19 17:17:45,27,2573.1,4.241379310344827,9,247,False
0887a9f087bcd5d9f6642b52f897fc6c,2017-02-02 15:22:02,2017-08-05 13:51:38,12,1642.0,4.416666666666667,389,183,True
08ad4ac1388e4420ca531c3edfc46198,2018-06-11 19:55:25,2018-08-18 18:52:16,6,221.62,2.7142857142857144,10,67,False
08cdbae123ff67ca4e36d9d641ce0119,2018-02-20 08:12:25,2018-07-29 15:29:19,4,3517.99,2.4285714285714284,30,159,False
08d0949a9a17c027262db1f3c450c26c,2017-08-21 13:38:52,2018-08-23 00:54:22,12,354.7,3.5384615384615383,6,366,False
08d1c9478fb0d7d7fcac9c0da4e82fc7,2018-06-12 08:29:53,2018-06-12 08:29:53,1,538.0,5.0,78,0,False
08d2d642cf72b622b14dde1d2f5eb2f5,2017-02-12 21:40:53,2017-12-06 08:31:25,16,939.0,4.428571428571429,266,296,True
08f5819815f3d06545011850bd70f0a8,2018-06-21 00:56:22,2018-08-12 16:01:35,3,452.0,4.666666666666667,16,52,False
091065b789659bc3cd9af9cb3a6253ff,2017-10-15 13:01:37,2018-01-18 17:13:29,2,1359.0,3.5,222,95,True
0936e1837d0c79253456bbb2ffaaef10,2017-04-11 22:09:31,2017-04-11 22:09:31,1,38.9,5.0,504,0,True
093805f8f2aeb63881444571e1f48f30,2017-08-31 20:38:35,2018-01-30 12:01:37,22,1215.79,3.814814814814815,211,151,True
094ced053e257ae8cae57205592d6712,2018-04-04 20:43:55,2018-07-30 10:59:07,19,1519.2,4.052631578947368,30,116,False
0951a6e282947e09cd47969f4ed0b47f,2018-07-26 09:25:14,2018-08-27 14:39:21,7,492.3,4.857142857142857,2,32,False
09883d9ab71c8fe8a9bfc7fc3075b07e,2017-04-25 17:46:45,2017-11-19 13:23:06,4,269.6,4.0,283,207,True
099095b050cfe8eb1ddff5317587e96e,2017-12-16 09:01:56,2018-08-13 18:43:30,16,5003.84,3.0526315789473686,15,240,False
09bad886111255c5b5030314fc7f1a4a,2018-08-08 18:25:48,2018-08-27 19:37:48,5,487.5,5.0,1,19,False
09f952a5f58d2285b0372551ae8f9b01,2017-09-15 09:24:57,2018-08-24 22:21:24,50,11821.5,3.875,4,343,False
0a198e95d32b1be2da9424c962a6ebfa,2018-06-13 12:09:56,2018-06-13 12:09:56,1,69.99,5.0,77,0,False
0a82f5fb06a4fe4ac2cf7cb412ec71b8,2018-02-03 13:14:01,2018-03-31 12:09:05,2,462.0,5.0,151,55,True
0a85ebe4e328db81ac9109781205e2f7,2018-05-11 10:18:31,2018-08-24 15:40:41,12,667.9,4.583333333333333,4,105,False
0aa2205ca24f113f4658a5c536667426,2018-04-18 11:16:54,2018-08-14 17:39:49,4,815.62,2.8181818181818183,14,118,False
0ac4201fda2c68ebc0e47cb9423cf3c9,2017-06-19 08:18:34,2018-06-17 13:20:11,13,1716.8700000000001,4.333333333333333,73,363,False
0ad80de75c811326389cfb1daba7d45e,2017-10-19 08:38:00,2018-01-05 20:37:59,6,1449.4,4.833333333333333,235,78,True
0adac9fbd9a2b63cccaac4f8756c1ca8,2017-01-22 20:25:54,2018-08-16 20:56:16,106,15566.5,4.007407407407407,12,571,False
0ade5cc4a305ed7093a23f68ca47519c,2017-11-24 09:11:25,2018-01-21 14:20:45,2,158.88,5.0,220,58,True
0aea4c6ae1505b3228ddf3dd7822ee5b,2017-10-09 20:23:13,2018-04-30 07:04:12,8,1427.91,3.875,121,202,True
0af2ab31141893d26aca5a404a537dab,2018-08-23 22:37:44,2018-08-23 22:37:44,1,59.0,5.0,5,0,False
0af977692321d895349eded183341d28,2018-04-01 02:54:21,2018-08-20 16:20:58,2,257.75,4.5,8,141,False
0afccdb8a34ee5c79f7c06faf2b4d56e,2017-04-05 11:04:33,2018-04-07 13:48:17,24,1185.6,3.9583333333333335,144,367,True
0b09101900100c0e9d312861fad5a1b9,2017-01-27 14:59:17,2017-01-27 14:59:17,1,153.75,4.0,579,0,True
0b0ddbc7b9d9584f442c7ac92b0ff6c9,2018-03-30 20:29:47,2018-06-04 23:21:42,3,1416.76,4.666666666666667,85,66,False
0b18d63d0cd1d723567903fd34a07df2,2017-04-11 14:30:03,2018-06-12 23:52:24,9,1678.1399999999999,4.785714285714286,77,427,False
0b1ca3ef18a63d7eb0c8897fa0849c08,2018-04-12 00:10:10,2018-04-12 00:10:10,1,55.0,5.0,139,0,True
0b35c634521043bf4b47e21547b99ab5,2017-12-07 11:06:04,2018-08-12 02:11:20,50,13235.65,3.4935064935064934,17,247,False
0b36063d5818f81ccb94b54adfaebbf5,2017-01-30 21:44:49,2017-01-30 21:44:49,1,765.0,5.0,575,0,True
0b3f27369a4d8df98f7eb91077e438ac,2017-11-13 15:19:44,2017-11-22 18:38:11,2,245.18,3.6666666666666665,279,9,True
0b46f784306be7200ca1700aa55d819f,2017-03-19 08:36:36,2017-03-19 08:36:36,1,19.9,5.0,528,0,True
0b64bcdb0784abc139af04077d49a20e,2018-04-06 19:54:30,2018-07-13 10:56:30,4,137.6,4.75,47,97,False
0b90b6df587eb83608a64ea8b390cf07,2017-10-24 14:48:29,2018-08-16 22:03:02,163,29075.68,4.014018691588785,12,296,False
0bae85eb84b9fb3bd773911e89288d54,2017-05-02 16:32:37,2018-08-21 20:24:33,136,7433.5599999999995,4.227586206896552,7,476,False
0bb27263628258b8111a0262769fa9db,2017-04-01 17:24:26,2017-04-01 17:24:26,1,22.2,5.0,514,0,True
0bb738e4d789e63e2267697c42d35a2d,2017-02-01 12:59:24,2018-06-20 06:58:43,29,2308.4,4.633333333333334,70,503,False
0be8ff43f22e456b4e0371b2245e4d01,2017-05-09 10:57:58,2018-08-29 10:22:35,156,11336.0,3.9657142857142857,0,476,False
0bebbb2cea103a4a020c95d43fd7d754,2018-06-30 19:07:30,2018-08-28 12:48:50,9,1367.2,4.888888888888889,1,58,False
0bf0150d5b9d60d9cd2906003332f085,2017-02-16 23:15:22,2018-07-14 14:08:11,39,5774.6,3.6774193548387095,46,512,False
0bfd0b434243adc5c2e1aa6baf19c6aa,2017-10-23 22:16:49,2018-02-03 23:27:28,6,371.2,3.6666666666666665,206,103,True
0c7533c71df861ec58ad7ff999ed0e8d,2017-07-11 23:14:57,2018-07-28 10:25:00,61,3043.2,4.04054054054054,32,381,False
0c7f30ae9b147eca07affbef92832a6a,2017-03-03 11:02:44,2017-04-17 20:12:02,5,479.5,5.0,498,45,True
0c8380b62e38e8a1e6adbeba7eb9688c,2016-10-04 17:25:09,2018-08-21 10:38:28,180,17438.79,4.05,8,685,False
0cab2da43793a6f3c5ed8514c5f54627,2018-05-11 10:26:01,2018-07-27 10:30:54,3,309.70000000000005,5.0,33,77,False
0cbcee27c791afa0cdcb08587a2013a8,2017-03-04 23:32:12,2018-07-14 18:39:58,37,5054.15,4.0,45,496,False
0d33a55da925bbf1ff02af5f6059fc7f,2017-11-09 12:56:00,2018-08-01 12:32:19,22,575.3,4.52,28,264,False
0d4c8269e7f0401201794deef160edd6,2017-10-17 22:36:32,2017-11-07 17:17:18,3,792.64,4.0,294,20,True
0d83f8e03188682112cc0d93523705cc,2017-11-14 09:05:04,2018-01-22 11:52:53,4,696.26,2.75,219,69,True
0d85bbda9889ce1f7e63778d24f346eb,2017-03-22 17:40:51,2018-03-27 07:30:38,51,4845.2,3.8793103448275863,155,369,True
0daf5180aa44356f60f8effa533b55a2,2018-07-30 12:19:23,2018-08-20 14:16:35,2,144.8,5.0,9,21,False
0db783cfcd3b73998abc6e10e59a102f,2016-10-08 20:02:32,2018-04-07 15:24:30,132,9077.4,4.211678832116788,143,545,True
0dd184061fb0eaa7ca37932c68ab91c5,2017-12-04 19:18:09,2018-08-16 13:52:25,161,18446.92,3.937823834196891,13,254,False
0ddefe3c7a032b91f4e25b9c3a08fca1,2018-04-12 15:09:11,2018-08-24 12:41:33,9,402.9,4.5,5,133,False
0df3984f9dfb3d49ac6366acbd3bbb85,2017-03-12 09:25:41,2018-06-17 15:32:09,86,9891.49,4.340909090909091,72,462,False
0dfbed20065e425d2eaefb101f9816c0,2018-05-12 23:13:36,2018-06-04 21:18:04,3,84.35,2.6666666666666665,85,22,False
0e44d110fa6a54e121cb2c095a77762f,2017-08-04 06:36:20,2018-06-13 00:02:17,6,223.32,4.333333333333333,77,312,False
0e72c1a751b496722a6cb1f10653b62a,2018-05-11 00:18:02,2018-07-30 21:42:57,3,140.8,4.666666666666667,29,80,False
0e982cff76cc0579f632cea8a0e38c9d,2017-09-26 12:57:49,2018-04-03 07:28:21,6,971.9,4.142857142857143,148,188,True
0ea22c1cfbdc755f86b9b54b39c16043,2016-10-06 18:50:25,2018-08-22 18:03:39,234,10826.3,4.315018315018315,6,684,False
0eaa7e33d73809f1f925f7d07c506cbd,2017-04-10 10:28:48,2018-08-27 17:01:43,15,1552.0,4.6,1,504,False
0ebd97a106433a45a4aebe57c1799778,2017-05-16 09:12:37,2018-07-13 21:05:56,31,3046.8,4.5,46,423,False
0ec28cec4046a4a199b6de9b4c891d97,2018-04-22 15:59:19,2018-05-17 14:47:11,3,296.6,5.0,104,24,True
0ed6ce5d87fd9c69eaacaeb778d67235,2017-10-05 17:40:46,2018-08-21 11:40:08,42,2026.52,4.309523809523809,8,319,False
0ee4fb99ac55ffbbc98795aa01b7f8fa,2017-05-01 10:30:43,2017-05-01 10:30:43,1,59.9,5.0,485,0,True
0ef83d7d83ed97cd2a0049ac8be5f88a,2017-11-24 11:01:15,2018-08-28 13:29:17,48,4699.01,4.196428571428571,1,277,False
0f0c984a4a955310903b6b6008660bad,2018-04-24 18:30:34,2018-05-27 10:25:22,4,369.81,3.75,94,32,True
0f519b0d2e5eb2227c93dd25038bfc01,2017-01-27 12:10:46,2017-01-27 12:10:46,1,79.9,5.0,579,0,True
0f7eea709efdf942b5f95c7516dbacd7,2018-04-05 19:11:09,2018-05-13 14:59:06,3,195.74,4.0,108,37,True
0f80a40c312b2472dca482cf50f5186f,2018-08-22 11:12:30,2018-08-22 11:12:30,1,129.9,3.0,7,0,False
0f94588695d71662beec8d883ffacf09,2017-03-01 10:56:53,2017-03-01 10:56:53,1,9.0,5.0,546,0,True
0fe2d9733ed841eb064503920015a8c0,2018-05-14 18:58:43,2018-07-09 22:14:07,3,389.64,4.666666666666667,50,56,False
0ff83046c3fa22efee8ecf291888b191,2017-04-01 18:33:06,2018-04-01 22:36:20,10,768.9000000000001,4.818181818181818,149,365,True
0ffa40d54288e4f3499b8780dd0f144f,2018-01-10 08:52:43,2018-05-11 10:49:37,33,2162.8,4.4,110,121,True
10076e5788b8ee532724bcd460baf762,2017-05-11 17:19:02,2018-07-24 16:05:58,23,821.48,4.615384615384615,35,438,False
10089e9f2fd0c668a8fd4e52e1698888,2017-03-12 17:35:58,2017-11-14 09:41:18,3,1139.9,4.333333333333333,288,246,True
101a3a003516bc11253298b2fad3cb65,2018-06-21 20:47:22,2018-07-26 19:02:58,5,450.0,4.833333333333333,33,34,False
1025f0e2d44d7041d6cf58b6550e0bfa,2017-07-09 11:15:16,2018-08-26 09:22:44,910,139720.16,3.8521617852161785,3,412,False
10264f60a8f0a4d2f30810f5c661c673,2018-06-19 21:10:11,2018-08-09 12:44:54,4,284.6,5.0,20,50,False
1099a00e0ee3a50935e6c2447ca090c5,2017-11-09 18:46:46,2018-01-02 18:05:48,3,849.6999999999999,3.6666666666666665,238,53,True
10cdd491d1dbea8fb4ead97b19c334ce,2018-06-26 20:11:26,2018-07-24 21:26:25,3,208.9,5.0,35,28,False
10ff823eda2b032e2c93d17a7d294736,2017-06-14 17:47:53,2018-04-06 10:26:19,8,1144.98,4.25,145,295,True
112453736dbe3889cfb74e1aaa0ba0c1,2018-06-13 09:39:17,2018-08-18 20:19:40,7,1890.0,4.071428571428571,10,66,False
1127b7f2594683f2510f1c2c834a486b,2017-02-24 21:36:00,2018-08-22 20:38:11,110,6703.7,4.186046511627907,6,543,False
11305281b50fff20ae8bb473f8e11876,2016-10-09 13:31:57,2018-08-21 21:18:33,35,6528.700000000001,4.35,7,681,False
113e3a788b935f48aad63e1c41dac1bd,2017-07-22 13:30:25,2018-08-17 08:59:55,39,847.35,4.416666666666667,12,390,False
116ccb1a1604bc88e4d234a8c23f33de,2017-11-09 12:05:32,2018-08-21 21:49:19,61,2004.89,4.602739726027397,7,285,False
11742f81550ac064cc9a40f67151d9ad,2018-08-02 14:41:02,2018-08-17 19:00:16,2,781.9,5.0,11,15,False
117cfc326c6d50da67ca858ff5c0c852,2018-05-02 15:22:57,2018-05-19 16:47:00,5,454.6,4.6,101,17,True
11938fcc75f6902fea1d0a6f72b54a57,2018-01-11 21:19:54,2018-05-27 23:24:55,2,594.98,3.0,93,136,True
119c7f1a00ef43fad0e57604e76a747c,2017-10-15 02:37:02,2018-02-27 20:13:13,2,189.8,4.5,182,135,True
119d1aef1b4144adba89163f6cd9f5d4,2017-05-26 20:01:38,2017-11-17 19:46:19,4,1094.0,4.75,284,174,True
11bfa66332777660bd0640ee84d47006,2017-09-06 20:20:25,2018-08-23 10:27:06,76,4146.86,3.7766990291262137,6,350,False
11d4c477d09821164bca4f70a2eae031,2017-07-18 20:52:33,2017-08-28 20:47:42,3,83.04,5.0,365,40,True
11eac105f3f90a9b87b19c89d91e24f3,2017-05-24 10:21:15,2017-07-12 17:17:00,5,802.89,3.6,412,49,True
11fb6f6d341adbe19e81733701704635,2018-08-07 17:16:36,2018-08-25 18:36:46,3,1197.0,5.0,3,18,False
120476eb7a04c149d14772edaf5d9bf2,2018-07-14 09:19:17,2018-08-10 11:56:30,4,2368.8,3.8333333333333335,19,27,False
1284de4ae8aa26997e748c851557cf0e,2017-05-11 18:46:35,2017-10-18 11:41:18,3,1459.97,2.6666666666666665,315,159,True
128639473a139ac0f3e5f5ade55873a5,2017-05-12 23:12:12,2018-08-18 11:11:55,527,11795.849999999999,4.182310469314079,11,462,False
128f9bfbe4c7d5185033914b1de3d39a,2017-09-13 17:44:20,2018-06-17 13:26:47,13,1267.39,4.8,73,276,False
12a8eb0f8d1cd3270695bf2a99f55966,2017-10-12 01:21:54,2017-12-13 17:49:36,2,397.0,3.5,258,62,True
12b9676b00f60f3b700e83af21824c0e,2017-03-07 22:10:46,2018-08-26 21:55:14,133,26575.0,4.529850746268656,2,536,False
12c2ed9cded6138cf0c75f525f565fc7,2017-11-09 19:40:27,2018-08-03 17:21:48,4,314.96,4.25,25,266,False
13074f016982ff2bd6c58ced8682f000,2017-11-02 20:58:23,2018-07-10 16:00:51,13,1977.0,4.142857142857143,49,249,False
131fcb0a0c9a47bba4474aacff0f14b7,2018-06-03 19:44:12,2018-08-09 01:13:45,4,369.8,4.0,20,66,False
1336efc61c316ddf92c899eb817f7cae,2017-01-22 21:42:56,2018-08-16 01:59:55,74,4837.31,3.9411764705882355,13,570,False
134285d1f41da5c13a756ee8142c8a4e,2018-06-10 13:27:42,2018-08-16 21:31:19,3,1572.6999999999998,2.75,12,67,False
134a288e7de827ec5ec62e3ec9c3a295,2017-05-01 12:25:44,2017-09-17 21:55:13,9,877.45,4.777777777777778,345,139,True
134b867a0f7f8bbe6abf10f91874891e,2018-04-19 22:04:20,2018-04-19 22:04:20,1,789.89,4.0,131,0,True
13511db12ac61e2f89c53b72a944a60b,2018-04-23 13:50:35,2018-08-18 19:15:41,6,798.0,3.5,10,117,False
1352e06ae67b410cdae0b2a22361167b,2017-04-07 18:12:59,2017-04-07 19:33:15,2,178.0,3.0,508,0,True
1354d51653f645349064725ed204e85e,2017-06-05 16:49:45,2018-08-21 08:54:00,18,2570.0,3.7142857142857144,8,441,False
138dbe45fc62f1e244378131a6801526,2018-05-07 11:11:27,2018-08-24 14:30:31,49,1125.56,3.9827586206896552,5,109,False
139157dd4daa45c25b0807ffff348363,2017-08-31 11:09:42,2017-08-31 11:09:42,1,29.9,4.0,363,0,True
13c2ed7698b3ca92dad49e849219da59,2018-01-03 20:20:26,2018-08-02 12:06:05,8,498.61,4.444444444444445,27,210,False
13d058e4eeac2ce8217660b2f8a05812,2017-05-13 00:04:32,2018-07-20 20:25:35,22,3739.78,4.181818181818182,39,433,False
13d95f0f6f73943d4ceffad0fc2cd32c,2018-03-13 12:23:51,2018-03-13 12:23:51,1,249.99,3.0,169,0,True
13dd308f81fea30cc670c656b2b46cc3,2018-07-30 23:51:39,2018-08-27 19:32:27,3,117.69999999999999,5.0,1,27,False
13e85aac53340018b40c2af68001b7e0,2016-10-08 22:41:36,2016-10-08 22:41:36,1,17.8,5.0,689,0,True
13f57c12a00ed4610db646b913a7f5c6,2017-09-25 10:08:28,2018-05-04 06:35:42,7,645.2,4.769230769230769,117,220,True
13fa2a6c6b9d0f43cb588d7c82117a12,2017-06-09 17:38:12,2017-09-27 21:06:35,9,4987.0,4.090909090909091,335,110,True
141440cad9341e553f8401c574a2aa38,2018-05-01 12:22:52,2018-08-14 02:08:11,11,1288.2,4.166666666666667,15,104,False
1430239a858e7682bbc43b20758af153,2017-08-22 16:56:24,2018-08-21 18:22:34,17,633.99,4.0,7,364,False
1444c08e64d55fb3c25f0f09c07ffcf2,2018-04-28 12:23:26,2018-04-28 12:23:26,1,2749.0,1.0,123,0,True
1464afc72f696af775557a821c2e253f,2017-04-12 12:13:43,2018-08-19 09:08:14,29,1059.36,4.166666666666667,10,493,False
14a08204d03bb6b6bde8029f801ae0eb,2018-03-15 20:13:55,2018-08-20 20:02:22,28,2185.4,3.8157894736842106,8,157,False
14d7985702e72162bbf13b6beb74ab2b,2017-03-31 14:40:26,2018-08-17 18:49:15,37,3887.0,4.342105263157895,11,504,False
14ee35374a7876217954b5fa08e50463,2017-10-04 19:55:43,2018-01-17 11:42:31,6,809.0,4.333333333333333,224,104,True
14f2b3587172b9db894c9bad8dab520b,2018-03-21 13:01:05,2018-07-14 14:55:43,2,244.0,2.5,46,115,False
152ee17e4c8aaf53dac99f3462e4999b,2017-07-14 14:16:10,2017-10-14 11:58:43,6,308.96000000000004,4.333333333333333,319,91,True
154bdf805377afea75a3bd158e9eab10,2018-07-02 18:42:38,2018-07-02 18:42:38,1,89.9,1.0,57,0,False
1554a68530182680ad5c8b042c3ab563,2016-10-04 14:23:50,2018-08-15 19:30:07,246,29164.43,4.2481481481481485,13,680,False
157c3e4b42f81ac4a44e8b1ca2fe9876,2017-10-19 22:49:04,2018-08-16 11:37:32,23,2548.5,3.967741935483871,13,300,False
1588ac4010787100dddef64568f0ae35,2017-12-22 20:35:38,2018-01-18 15:29:09,3,599.97,3.0,222,26,True
15aac934c58d886785ac1b17953ea898,2017-10-19 19:59:44,2018-06-26 13:02:55,25,4353.9,4.115384615384615,64,249,False
15b3b1b81484422eb41df68ac87f1f50,2017-11-24 23:01:08,2017-11-24 23:01:08,1,43.35,1.0,277,0,True
15cd6eefe58588619aaed41dfa6621b1,2017-07-17 21:44:27,2018-05-12 17:35:56,16,1622.74,4.333333333333333,108,298,True
15ead3a5037a918ddb520dfe39a3d2b9,2018-01-22 13:48:41,2018-04-24 09:38:50,6,254.5,4.857142857142857,127,91,True
15fa791d5e017f66402dc28c44480657,2018-02-16 14:52:20,2018-06-12 21:05:23,8,1802.0,4.25,77,116,False
160851d3ece7aa1a510f8d1a4bb8a8af,2018-07-29 11:15:05,2018-08-20 15:38:49,2,102.05,5.0,8,22,False
16090f2ca825584b5a147ab24aa30c86,2017-01-31 17:40:36,2018-08-27 22:54:07,398,25579.16,4.068965517241379,1,573,False
160e4f13fd3a64b1b86807be88b5ffb0,2017-11-15 19:51:30,2018-02-13 19:14:16,4,886.0,4.25,196,89,True
164a5a8794e6d42e14f55e447b12a3bc,2018-07-27 11:24:55,2018-07-27 11:24:55,1,73.99,5.0,33,0,False
165b1235e9e9942cb5fae67103576fb0,2018-05-20 08:41:02,2018-08-19 07:41:33,11,2085.15,4.3125,10,90,False
165fc07beebdcb6190fba8a06db2a449,2017-08-07 10:21:18,2018-08-14 17:42:23,50,17481.4,3.6875,14,372,False
1660ad786c27fd935378b6192a90b417,2017-08-17 10:06:55,2018-07-22 17:19:08,12,1570.0,4.615384615384615,37,339,False
166e8f1381e09651983c38b1f6f91c11,2017-07-25 01:53:48,2017-08-21 00:27:44,2,78.8,5.0,373,26,True
167fd940acebc789debd6eb418c46e38,2017-11-30 18:26:24,2018-06-04 20:13:34,5,1077.58,3.0,85,186,False
1690cada046eb7e92c12f98b1f8a8167,2018-04-16 21:52:12,2018-08-10 17:09:47,10,1760.0,4.9,18,115,False
16bdc8cefd0e32a6f0824d296c5ad14a,2018-04-11 08:22:30,2018-04-11 08:22:30,1,41.76,5.0,140,0,True
1703bc09972dab9782e7a9194943b69f,2018-07-14 17:52:26,2018-07-14 17:52:26,1,249.9,5.0,45,0,False
1710c3aaa9c6b44ec3883ee0fe300e21,2018-04-25 17:22:38,2018-05-02 13:13:23,2,1188.9,5.0,119,6,True
17306570e772e7718c92a562d33f5f1d,2017-02-28 21:17:05,2018-04-18 14:37:49,27,8640.0,3.7666666666666666,133,413,True
173d56ffbd4c56cb80fc3615487d712b,2018-08-18 08:27:58,2018-08-20 11:20:51,2,358.0,5.0,9,2,False
1746c1ae87ac63d530c7c943d0ac42e2,2017-12-12 22:04:33,2017-12-12 22:04:33,1,229.9,5.0,259,0,True
1771297ac436903d1dd6b0e9279aa505,2017-01-19 22:41:52,2018-08-17 12:46:57,28,2881.27,4.583333333333333,12,574,False
1782ce2db72c3dda627d5e7c898104e1,2017-02-06 10:13:04,2018-05-05 16:45:11,9,2010.8,4.3,115,453,True
17908cf9b444ee34047cadd5c0f4a516,2017-09-21 21:02:09,2018-08-11 22:01:59,11,1993.99,4.545454545454546,17,324,False
17998cf586426bf0f2c3726cb0a4b211,2017-07-28 04:06:33,2018-01-01 14:06:06,2,69.8,4.0,240,157,True
179d859f51292aac5c10806a356f7af9,2018-06-29 00:34:12,2018-08-10 16:02:36,18,404.46999999999997,4.315789473684211,18,42,False
17a053fcb14bd219540cbde0df490be0,2017-07-06 12:53:06,2018-08-13 21:46:36,124,40753.14,4.208053691275167,15,403,False
17ca9b9e9b9ef8fdb529001b49ebb50f,2017-07-11 09:36:46,2018-08-21 12:21:04,115,9719.83,4.038759689922481,8,406,False
17e34d8224d27a541263c4c64b11a56b,2017-02-16 23:14:15,2018-08-20 11:27:27,247,54440.28,4.188461538461539,9,549,False
17eea220a40cc0d2c0c5346379682398,2017-09-14 10:29:33,2017-09-29 18:39:14,3,875.98,3.6666666666666665,333,15,True
17f51e7198701186712e53a39c564617,2017-02-04 12:29:21,2018-08-05 09:58:57,56,48019.0,4.344262295081967,24,546,False
180c3376aff0e43dd5788709df48a843,2017-08-11 11:35:58,2018-01-03 17:24:21,5,4513.0,4.7,237,145,True
1835b56ce799e6a4dc4eddc053f04066,2017-09-05 23:06:45,2018-08-25 16:36:58,417,33211.72,3.5913200723327305,3,353,False
1838dd9b8977065acf51d95e0053ea7a,2017-07-28 09:06:33,2018-08-01 22:15:19,62,2750.5,4.338461538461538,27,369,False
184725737946a1a938bbbd1a9e978103,2018-08-12 23:15:08,2018-08-21 15:56:19,3,359.70000000000005,4.666666666666667,7,8,False
184a67a8f9f63234d3a92340bbdb727f,2016-10-05 19:09:33,2017-11-08 07:52:53,7,268.66,3.8181818181818183,294,398,True
186cdd1b2df32caa72cfb410bba768d3,2018-05-11 11:17:57,2018-08-06 13:16:55,6,1341.4499999999998,5.0,23,87,False
189ca3538ce9f920cacf0f982cbe223b,2018-06-21 19:06:28,2018-08-07 14:50:14,4,419.0,3.8,22,46,False
18a349e75d307f4b4cc646a691ed4216,2017-08-21 12:54:37,2018-08-26 19:04:40,109,7425.21,3.5078125,2,370,False
18e694e0e48ed6f7aa3f24aade5fd697,2018-06-05 19:28:28,2018-08-26 19:07:32,31,701.54,4.676470588235294,2,81,False
1900267e848ceeba8fa32d80c1a5f5a8,2017-05-17 22:01:53,2018-08-26 20:06:40,406,24824.46,3.844106463878327,2,465,False
191d55f7edb8524d525ed01b20fe32e8,2017-11-27 23:57:41,2018-01-18 00:19:41,3,747.0,2.3333333333333335,223,51,True
1927cdb9fa74f5270097f6250e8e8f34,2018-08-06 15:47:47,2018-08-06 15:47:47,1,120.0,5.0,22,0,False
19484c79cef6c062cb177aa4ef2fcc3c,2018-08-03 01:50:48,2018-08-03 01:50:48,1,201.9,1.0,26,0,False
1961c3e1272bfeceb05d0b78b5bbfdaf,2018-07-28 23:32:46,2018-08-18 22:35:15,2,657.0,4.666666666666667,10,20,False
1976a05ecf2996d6ffb7b5430e635fe7,2017-02-25 11:11:52,2017-09-12 16:06:10,8,1796.2,4.0,350,199,True
1987cd4be10fe09ee50454f9c354d1c6,2017-10-08 16:38:54,2018-03-02 23:16:28,14,2877.7,4.25,179,145,True
198c7ea11960a9844b544d9bcdca860c,2017-01-26 13:14:02,2017-08-22 22:19:38,25,1733.7500000000002,3.88,371,208,True
1996942dc085d7773ba77a529b163cd0,2018-05-29 21:30:08,2018-08-15 23:20:59,9,2383.52,4.222222222222222,13,78,False
19a7c9f66ffa6452ff4b4c0cca71da27,2017-09-30 16:14:28,2017-09-30 16:14:28,1,279.0,5.0,332,0,True
19d62d484cba71963c93f0f00ab42013,2018-04-26 16:49:29,2018-04-26 16:49:29,1,139.9,4.0,124,0,True
19e0f40a907ec568c34bfac15de4f4a1,2017-01-31 11:26:49,2017-10-17 10:30:04,4,178.0,5.0,316,258,True
1a3df491d1c4f1589fc2b934ada68bf2,2017-04-29 20:57:32,2018-08-15 20:49:33,160,22693.2,4.236994219653179,13,472,False
1a8e2d9c38b84a9702ac7922924b0573,2018-02-06 10:54:24,2018-02-06 10:54:24,1,80.0,5.0,204,0,True
1a932caad4f9d804097d7f8e615baed1,2018-05-02 15:14:09,2018-08-22 18:16:55,20,4661.0,3.566666666666667,6,112,False
1acde099eb406aa220b1169b188b42da,2017-09-10 22:32:14,2017-11-06 12:41:01,9,311.09999999999997,4.3,296,56,True
1b0b0f4f95e962d6f32fe90c759d0479,2017-12-01 12:05:20,2018-08-16 13:45:11,2,139.8,5.0,13,258,False
1b1ae47a313a825a7ccceb8e2e30fa9d,2017-10-04 21:39:30,2018-05-07 13:37:30,10,2184.0,3.9,114,214,True
1b45169b635ef59425637e9a33eb5fb3,2018-02-13 13:27:43,2018-08-15 23:04:04,7,308.9,4.625,13,183,False
1b4b28463457a256e9a784ebe2a8f630,2018-08-07 16:49:52,2018-08-07 16:49:52,1,699.42,1.0,21,0,False
1b4c3a6f53068f0b6944d2d005c9fc89,2017-02-16 17:42:42,2018-07-26 13:09:48,111,14469.5,4.155172413793103,34,524,False
1b61fb1f0f2185d89e9a126c498e9cc7,2017-06-23 07:15:39,2017-06-23 07:15:39,1,49.7,5.0,432,0,True
1b65c144b17e607c0f37f10bb7dfec8d,2018-04-20 20:36:31,2018-06-29 11:31:08,5,1109.5,2.0,61,69,False
1b7e5006cb25dd23ce8686691013b121,2017-09-30 12:48:45,2018-08-03 13:37:17,11,2636.74,4.363636363636363,26,307,False
1b8356dabde1d35e17cef975c3f82730,2017-02-03 16:13:58,2017-11-13 22:06:58,55,3366.4,4.133333333333334,288,283,True
1b8b75e227c9a9c100d0c210fb6176ce,2017-01-08 20:57:29,2017-11-30 15:39:45,15,1444.8700000000001,3.933333333333333,271,325,True
1b938a7ec6ac5061a66a3766e0e75f90,2017-09-22 17:15:55,2018-08-18 18:46:34,29,3859.8,4.451612903225806,10,330,False
1bb2bdb95f4841f1bba2c0d2cd83d3c9,2017-01-30 18:43:16,2018-08-13 11:43:17,79,4930.73,4.571428571428571,16,559,False
1bb3812d5f0747a3ab7348f199001a10,2017-11-06 23:39:18,2018-08-14 19:46:25,9,834.4,4.888888888888889,14,280,False
1bc2e21de46adfea6b98cc96b00f3b40,2017-02-06 23:01:32,2017-05-16 10:55:20,3,1039.95,3.6,470,98,True
1c129092bf23f28a5930387c980c0dfc,2017-10-02 14:50:52,2018-08-11 14:36:54,200,9528.619999999999,4.178082191780822,18,312,False
1c40343cc5d18c2d8248ac2f3366de34,2018-05-28 21:38:55,2018-08-20 21:51:20,21,2461.41,4.545454545454546,8,84,False
1c56ffe0e9dea2657fc6e95b53f40b13,2018-07-23 11:36:26,2018-08-22 21:47:41,3,183.0,4.333333333333333,6,30,False
1c5e4e49b9079480255b49d50aac1aa9,2017-03-09 18:15:38,2018-08-05 04:43:04,12,10173.11,4.333333333333333,24,513,False
1c68394e931a64f90ea236c5ea590300,2017-07-15 11:56:44,2018-08-13 10:39:55,142,26133.56,3.943820224719101,16,393,False
1c742ac33582852aaf3bcfbf5893abcf,2018-06-22 16:07:51,2018-06-22 16:07:51,1,97.9,5.0,67,0,False
1c83418358f249c9d6affa52d579db0e,2017-04-29 06:54:41,2017-04-29 06:54:41,1,24.9,5.0,487,0,True
1ca4bdb0cd7fc48e949bac066188ed26,2018-03-22 14:08:52,2018-07-09 08:54:35,3,1140.0,5.0,51,108,False
1ca7077d890b907f89be8c954a02686a,2017-09-15 13:53:55,2018-04-09 17:09:08,108,12474.64,2.2598425196850394,141,206,True
1caf283236cd69af44cbc09a0a1e7d32,2017-04-07 12:07:32,2018-07-26 19:41:13,33,917.6,4.54054054054054,33,475,False
1cbcd2ee0afb3fc09963b87eb65e7e4f,2018-06-18 11:15:23,2018-06-18 11:15:23,1,90.0,5.0,72,0,False
1cbd32d00d01bb8087a5eb088612fd9c,2018-05-10 14:32:26,2018-08-19 12:31:08,11,1045.47,4.25,10,100,False
1cbd50a8c52e6cf8e315c5709fab386f,2018-01-23 12:49:41,2018-07-20 12:28:34,9,785.97,3.7777777777777777,40,177,False
1cbdc7cf130a41fd13a3c2a7d2fcfda7,2018-05-06 11:15:20,2018-07-03 10:46:01,2,165.8,5.0,57,57,False
1cd9e0cc1839d55516843def5600816d,2018-06-18 13:34:26,2018-08-19 15:43:09,5,825.0,5.0,9,62,False
1ce3ae5a399804d1a87e706f8a813c3e,2017-08-03 11:45:23,2018-08-20 14:45:48,40,2563.0,3.727272727272727,9,382,False
1d0646a72178a6fb37ee8082140e06ec,2018-07-16 14:24:22,2018-08-22 18:52:42,2,61.0,5.0,6,37,False
1d0997ff06b524ce9289ffd75114ecd3,2017-01-27 16:21:48,2017-11-24 09:43:53,3,3747.0,3.6666666666666665,278,300,True
1d139e3a3b14025640d8df1b230aace0,2017-09-13 12:24:18,2017-11-19 18:41:04,2,36.49,3.5,282,67,True
1d1bbb8ac1581824986f582583fff01d,2018-04-27 10:01:33,2018-08-24 13:59:41,4,166.88,3.5,5,119,False
1d2732ef8321502ee8488e8bed1ab8cd,2017-04-19 11:58:54,2018-05-03 16:46:51,4,1148.0,3.2,117,379,True
1d29dfba02015238dfbe2449a5eaa361,2017-02-01 09:54:31,2018-05-10 13:09:26,12,612.8,4.5,111,463,True
1d4587203296c8f4ad134dc286fa6db0,2017-12-15 11:52:23,2018-08-27 19:29:28,40,2287.5,4.365853658536586,1,255,False
1d503743d2526f03f0c2c89540ee008c,2018-01-25 15:23:17,2018-07-15 12:57:22,12,516.04,4.235294117647059,45,170,False
1d8dbc4f32378d715c717c1c1fc57bae,2017-03-20 16:41:25,2018-06-24 18:49:49,91,11205.99,3.9072164948453607,65,461,False
1d953075c2f0dd990bacf27b83b330f1,2018-08-13 11:35:50,2018-08-13 11:35:50,1,59.0,5.0,16,0,False
1da366cade6d8276e7d8beea7af5d4bf,2017-02-04 17:33:35,2017-12-21 17:43:41,42,6348.59,3.9166666666666665,250,320,True
1da3aeb70d7989d1e6d9b0e887f97c23,2017-03-04 09:55:07,2018-08-21 17:04:34,261,8717.539999999999,4.064417177914111,7,535,False
1dc2de47ee26a0a5b12dc14fd6dc0dea,2018-02-01 09:48:31,2018-08-22 14:19:39,25,1670.3,4.518518518518518,7,202,False
1dcfa3835714681d4ba4a93bc1e0fd41,2017-07-27 09:24:18,2017-12-14 00:29:03,12,1186.6000000000001,4.071428571428571,258,139,True
1dd33b8119b3cb1056ed5dc88cd0aaf4,2017-11-09 13:49:13,2018-02-14 12:20:44,8,1513.0,3.75,196,96,True
1de62b6f2fd96227629786db492433db,2018-06-14 21:05:33,2018-08-23 10:43:59,2,208.8,5.0,6,69,False
1dfe5347016252a7884b694d4f10f5c4,2017-10-28 15:55:01,2018-04-08 22:20:03,20,1632.5,3.1923076923076925,142,162,True
1e26c56af8d48424e1df0140a2401f83,2018-06-13 20:49:57,2018-08-08 11:14:31,2,258.9,5.0,21,55,False
1e47d8b6546eb3a77b1acddcc9406242,2017-05-15 08:59:57,2017-05-15 08:59:57,1,149.9,1.0,471,0,True
1e47defeeadeca0e9a18fa5a9311e735,2017-06-13 11:34:47,2017-07-19 16:17:11,3,234.12,5.0,405,36,True
1e483cc5c76fef08d3ca05f9a8af7d01,2017-02-09 15:43:30,2017-05-18 12:41:57,9,166.09,4.4,468,97,True
1e8b33f18b4f7598d87f5cbee2282cc2,2017-11-16 13:23:12,2018-08-27 21:27:13,122,17233.56,4.273381294964029,1,284,False
1e8c6a4c538f286aee9573239740a4b4,2018-04-10 14:29:06,2018-08-13 23:03:46,5,359.7,3.8,15,125,False
1e9d5a33694bddb76316fd1f54734d20,2018-07-18 13:52:51,2018-08-17 11:12:26,2,318.0,4.5,12,29,False
1eade46fba20122dc4aefb379f8c636b,2017-02-13 00:28:28,2018-07-22 22:00:38,58,3635.37,4.306666666666667,37,524,False
1f1bb1f0859883505541bdd6606193e5,2017-04-05 21:01:30,2018-07-29 20:22:09,27,16040.84,4.310344827586207,30,479,False
1f2eebc0e970fd3c463e4f5d9652687a,2018-08-09 16:06:19,2018-08-09 16:06:19,1,44.99,5.0,19,0,False
1f50f920176fa81dab994f9023523100,2017-04-03 22:00:31,2018-08-25 20:10:27,1399,107147.91,3.9808785529715762,3,508,False
1f7dfad2cb384ea4d2d7e1ffbd78c407,2018-05-05 13:16:14,2018-05-05 13:16:14,1,49.0,1.0,116,0,True
1f7fd2a6fcd5a6fa5d8a4dabc72aaae0,2017-04-05 15:15:05,2018-05-07 09:12:36,3,531.8,5.0,114,396,True
1f867308a0ce13133a4e639ff4de0c02,2017-09-25 12:07:37,2018-06-02 11:03:09,7,875.1,4.538461538461538,88,249,False
1f9ab4708f3056ede07124aad39a2554,2017-01-27 18:00:27,2018-06-02 11:14:30,76,13312.93,4.090909090909091,88,490,False
1fa2d3def6adfa70e58c276bb64fe5bb,2018-08-24 13:04:05,2018-08-24 13:04:05,1,6.9,1.0,5,0,False
1fbe10c70e30765ed1de86d9f7e98409,2018-06-21 10:09:54,2018-07-18 17:25:29,2,98.75,1.5,41,27,False
1fdc574883ef3b33ad41562d93f3a74a,2017-11-26 23:00:00,2018-07-21 13:10:30,18,4251.0,4.444444444444445,39,236,False
1fe5540d7c1c37a595fefbacd5570d9e,2018-08-02 15:58:56,2018-08-16 08:44:24,20,4537.6,4.28,13,13,False
1fe61aa5494bd3ae92a2c13e067c810f,2017-11-27 12:12:28,2017-11-27 12:12:28,1,537.76,4.0,275,0,True
2009a095de2a2a41626f6c6d7722678d,2017-03-10 12:10:11,2017-10-29 21:01:35,8,388.89,3.9166666666666665,303,233,True
2039c5e51785b5dde7cf93ccb3b7be2c,2018-07-16 13:00:53,2018-07-16 13:00:53,1,159.9,5.0,44,0,False
204b4e07bddef3c9b317f70189135b22,2018-07-27 17:29:41,2018-07-27 17:29:41,1,73.4,5.0,32,0,False
2059c39f76271d4ca3f15b5ffaccc8b8,2017-02-01 13:18:42,2017-09-07 20:12:30,12,604.9,4.5,355,218,True
20611af7866c6068fd5ae1f9dbe15c92,2018-07-14 20:11:04,2018-07-16 09:04:15,2,219.8,4.5,44,1,False
2063dd1b9f568df1c16741ea7d3e6adb,2017-03-05 20:31:56,2017-11-15 21:27:34,3,763.1,5.0,286,255,True
2075d8cd4dd63ff12df0749a5866bb06,2018-08-07 14:02:28,2018-08-10 00:10:24,3,184.7,5.0,19,2,False
2089a6d640999f9b9141ac719b2af596,2017-04-17 07:25:25,2018-06-24 22:09:28,41,7676.02,3.926829268292683,65,433,False
20a7efa9721046319bdde5d60b6b5365,2018-01-08 10:50:24,2018-02-08 14:19:47,3,501.20000000000005,5.0,202,31,True
20a8b0dc55da94fe74d112082427c84f,2018-07-31 12:54:10,2018-08-23 11:20:57,7,407.4,4.285714285714286,6,22,False
20b54c376b794ed028df09a3cd88e8dc,2017-09-16 17:56:07,2018-06-15 14:30:59,7,927.87,3.7142857142857144,75,271,False
20cb7c2fde3e5bf10f0bbe7394e1c6a9,2017-03-14 19:26:29,2018-08-21 19:23:38,31,844.9999999999999,3.9,7,524,False
20d53aad4fe5ee93a64f8839609d3586,2017-11-26 10:19:20,2017-11-26 10:19:20,1,14.5,1.0,276,0,True
20d83f3ef0e6925fd74bfd59170babf7,2017-03-28 22:02:40,2018-08-28 21:10:46,40,2903.6,4.351851851851852,0,517,False
20f0aeea30bc3b8c4420be8ced4226c0,2017-02-05 19:13:56,2017-02-05 19:13:56,1,14.9,1.0,569,0,True
2138ccb85b11a4ec1e37afbd1c8eda1f,2016-10-04 19:30:28,2018-08-28 13:28:34,388,12108.21,3.9119047619047618,1,692,False
213b25e6f54661939f11710a6fddb871,2017-11-21 21:24:19,2018-08-14 07:49:51,152,15225.8,3.7853403141361257,15,265,False
213fafb0ca06fb3d5886579c2565791b,2018-06-14 15:23:38,2018-08-23 10:23:31,3,189.70000000000002,2.3333333333333335,6,69,False
2156f2671501a81034d7d07f217609d0,2017-09-01 18:28:26,2018-07-26 13:59:29,21,2909.5,4.0,34,327,False
217f005bb37ff3aeef5b2ae1788e75ba,2017-04-21 20:16:02,2017-05-10 09:00:07,2,74.97,4.666666666666667,476,18,True
218d46b86c1881d022bce9c68a7d4b15,2017-01-18 14:56:47,2018-08-22 15:38:10,382,53950.3,4.163895486935867,6,581,False
218f991754f360af9c2daa5e0b8e990c,2017-12-18 18:19:07,2018-08-19 19:09:43,14,3554.32,3.5294117647058822,9,244,False
2199e7fe213c16213bf5d6a7eadc9a5d,2017-01-28 20:09:18,2018-08-20 08:13:17,24,3767.29,4.4,9,568,False
21c62b998a043ebe31161d38f84929fc,2018-07-16 17:15:06,2018-08-08 22:21:23,4,750.49,4.5,20,23,False
21d59342ba150175ca2aa4f8faddeca6,2018-08-09 11:07:40,2018-08-22 14:53:45,2,259.9,4.5,7,13,False
21e83881401b92b49fb09a16d3852291,2017-03-09 23:39:26,2018-01-29 16:16:23,12,3109.06,4.769230769230769,211,325,True
2235cf78d3e2073a88146a9cb60f0dd0,2017-11-30 19:12:21,2017-11-30 19:12:21,1,178.99,5.0,271,0,True
226b05fe067266c59c15dae208213d06,2018-03-08 23:14:39,2018-04-12 16:01:28,10,1056.9,4.181818181818182,138,34,True
228e4c1a0be164f613d41c24345f9d2c,2018-05-07 13:31:20,2018-08-10 22:17:45,5,539.7,5.0,18,95,False
229c3efbfb0ea2058de4ccdfbc3d784a,2016-10-05 07:31:49,2018-08-17 15:12:27,118,15479.0,3.606896551724138,11,681,False
22a23e5ac7061fc538cc2a019afaaf16,2017-05-18 11:00:04,2017-05-18 11:00:04,1,95.0,3.0,468,0,True
22c32ec35d0116ef02c281798a25bf8b,2018-01-30 05:33:26,2018-02-22 19:15:25,4,119.58,3.5,187,23,True
2305ab43e846518f58dd9d59f3f54e96,2018-04-24 13:42:07,2018-06-18 14:46:06,3,788.89,3.6666666666666665,72,55,False
232a6014e7b10cba61c6c2b2ea6bb4b0,2017-02-04 22:38:49,2018-07-20 10:39:19,32,3819.9700000000003,4.085714285714285,40,530,False
23613d49c3ac2bd302259e55c06c050c,2016-10-08 21:12:48,2018-08-19 23:28:25,69,4193.1,3.6835443037974684,9,680,False
236585a4ddb5fea9fa40233e2249ed91,2017-11-05 15:36:10,2018-08-09 23:21:52,11,649.53,4.090909090909091,19,277,False
2379bdc3888025689a9deb7b141507d5,2018-01-31 16:57:52,2018-08-03 10:17:53,9,999.5,4.333333333333333,26,183,False
238fac594e170b59c6d228f5a4f4f1d9,2017-10-08 10:44:32,2018-08-19 11:25:16,29,3126.0,3.933333333333333,10,315,False
23a0ffca143a15b9b5bbdb7d552f626a,2018-03-14 19:41:35,2018-08-14 14:23:59,23,3718.51,3.9583333333333335,15,152,False
23c38debaffe4a25a30fdbd9b586a13f,2018-04-02 12:30:02,2018-08-07 08:19:25,41,5382.18,4.304347826086956,22,126,False
23ca5f678e0b3ea6c630b30fa8bf51ea,2017-03-04 11:44:25,2017-05-04 23:14:03,6,183.0,5.0,481,61,True
23d7c96d4a1160db1c726b248601b25a,2017-07-20 17:52:10,2018-08-16 09:59:36,50,10868.14,3.849056603773585,13,391,False
23ff42c4bf1f8f16cddb19d8b972974a,2017-09-27 08:01:35,2017-11-17 13:12:47,2,174.70000000000002,4.333333333333333,285,51,True
240b9776d844d37535668549a396af32,2018-07-17 13:48:59,2018-08-21 14:19:34,35,13332.09,4.3428571428571425,8,35,False
244b04680fdbded0acf5aebd9c92b44a,2017-12-12 10:52:09,2017-12-14 18:34:09,2,1701.8000000000002,1.0,257,2,True
244c2f1bff6afe1f2eaf9bfe9b2aed38,2017-02-07 11:11:30,2018-02-06 08:31:14,23,2877.0,3.7,204,363,True
247587846358bb1d2e4c6522020b36fe,2018-06-17 22:05:56,2018-06-17 22:05:56,1,99.0,5.0,72,0,False
2493dc3f20131696a0ecdb9948051a8d,2017-01-24 17:09:24,2017-02-07 23:15:25,4,504.38,4.75,567,14,True
249f0e9905a6e06ad6c6bea7547ab9f6,2018-06-25 01:10:48,2018-08-03 18:54:39,3,347.95,3.6666666666666665,25,39,False
24a6daf925d9d591870a66660416de31,2018-01-29 09:47:12,2018-05-06 20:33:11,2,60.0,4.5,114,97,True
24c1de8d9551c0b4fbc53317d53efda8,2017-02-01 18:41:32,2017-02-01 18:41:32,1,355.0,5.0,573,0,True
2528513dd95219a6013d4d05176e391a,2017-03-22 14:20:09,2018-08-24 11:17:45,160,32660.2,3.927710843373494,5,519,False
2528744c5ef5d955adc318720a94d2e7,2017-10-28 12:57:36,2018-06-27 13:33:58,5,6245.0,2.4,63,242,False
252e76235acb79183cfca6e34f13337d,2017-02-17 16:10:12,2018-06-01 11:54:07,3,261.2,3.75,89,468,False
253c025bab43881055aeecde5e2d8b77,2017-11-23 18:36:14,2018-07-10 13:20:17,2,94.82,4.5,50,228,False
253f95b3a0e6983ae18aed49fbc2b845,2018-03-21 08:26:56,2018-06-11 11:52:05,5,799.5,4.4,79,82,False
257e61d3251fb5efb9daadddbc2cf7ca,2018-04-06 17:16:18,2018-08-15 16:12:57,12,7729.0,4.75,13,130,False
258447aad3f7b01e2643c89f64dc5647,2018-07-24 19:44:56,2018-07-24 19:44:56,1,51.9,5.0,35,0,False
259f7b5e6e482c230e5bfaa670b6bb8f,2017-03-23 14:28:37,2018-08-27 13:59:44,136,8429.13,4.245398773006135,2,521,False
25be943a321c8938947bdaabca979a90,2018-05-09 14:54:32,2018-07-28 23:15:29,3,479.0,4.333333333333333,31,80,False
25c5c91f63607446a97b143d2d535d31,2017-03-08 08:58:11,2018-03-28 11:26:02,156,54951.52,3.708487084870849,154,385,True
25cf099de44674fde97473224f9d59ab,2017-06-06 11:52:48,2018-08-25 21:53:15,50,1654.3600000000001,4.26,3,445,False
25debeafbce801fdd479539350185eee,2017-06-05 10:45:54,2018-04-24 21:18:31,5,237.85,2.6666666666666665,126,323,True
25e47381a6c510ddeb36084e33b89f0c,2017-05-16 18:26:49,2017-06-29 07:53:56,16,1289.6000000000001,4.0588235294117645,426,43,True
25e6ffe976bd75618accfe16cefcbd0d,2016-10-06 19:38:12,2018-06-24 20:26:36,106,11552.62,4.417391304347826,65,626,False
262237171f48e85819065498cac80d7b,2017-08-02 08:58:27,2018-08-02 22:27:23,4,599.0,4.3,26,365,False
2646baaf662d4d92ac48f047e35db92d,2018-04-29 22:00:59,2018-08-09 19:37:47,15,1263.05,4.555555555555555,19,101,False
26562f211dd1364af2a8596dc945e8ae,2018-07-10 10:33:17,2018-07-31 17:12:15,2,99.0,5.0,28,21,False
265fdc289dffa9f1ad801c74f7d0de47,2018-08-13 12:20:57,2018-08-13 12:20:57,1,495.0,5.0,16,0,False
26785a546900236d66f2e4197c211158,2017-11-22 19:20:46,2018-07-24 17:04:30,15,1019.2,4.666666666666667,35,243,False
269c5fc9fcadee614364c3620c30a1f9,2018-07-31 18:14:02,2018-08-08 21:19:23,3,209.6,5.0,20,8,False
269cff2d3c8d205c11f37a52402ea93b,2018-06-28 08:44:49,2018-08-10 18:09:49,4,1281.59,4.4,18,43,False
26af45f5dfd967225a832838aa4e24a3,2018-01-11 13:15:43,2018-08-22 21:26:03,10,573.1,4.181818181818182,6,223,False
26b482dccfa29bd2e40703ba45523702,2018-07-31 20:37:46,2018-08-20 08:39:15,3,344.78,5.0,9,19,False
26bad72add1f86e08a776ce4ffdaf1ca,2017-09-13 14:44:40,2018-05-21 11:08:51,7,622.0,4.428571428571429,100,249,True
26d6bbee02420494d471c9f6436929c0,2018-04-05 12:14:30,2018-08-25 19:15:56,12,434.51,4.6923076923076925,3,142,False
26d8a1c7c75d513045798992ead43aa2,2017-08-17 02:43:54,2018-08-11 20:30:25,34,5937.13,4.333333333333333,17,359,False
26e13b6ff5b641b329e5524241ee2c93,2018-08-01 04:52:56,2018-08-22 18:03:39,4,119.69999999999999,4.0,6,21,False
26e2c91ef821e1ff8985f408788fe35b,2018-02-20 09:43:30,2018-07-24 16:11:14,12,1649.4,3.0,35,154,False
26e2e5033827d2ba53929f43e03d8ffe,2018-08-25 12:50:59,2018-08-25 12:50:59,1,139.49,5.0,4,0,False
26f6b7ab07be3e9e69ce82a6552efc19,2018-08-14 01:00:24,2018-08-15 15:12:34,2,54.8,3.0,13,1,False
270297ead4c65a6cd2593960d2af6b21,2017-03-15 19:48:58,2018-08-13 23:03:46,17,9344.4,3.736842105263158,15,516,False
270572bb714b00531be85e16e1550f26,2018-05-24 21:26:55,2018-05-24 21:26:55,1,96.99,5.0,96,0,True
2709af9587499e95e803a6498a5a56e9,2017-02-15 22:32:29,2018-08-26 19:01:18,25,1180.56,2.608695652173913,2,556,False
270d3ef21830ad0ecf3a6c53d08a533a,2017-12-06 14:04:08,2018-04-28 02:23:24,5,471.0,2.2941176470588234,123,142,True
271b8923c6a549e02d3c9fd1f8c0422b,2018-07-30 19:39:13,2018-07-30 19:39:13,1,105.19,4.0,29,0,False
271c58a1d139c45eaf3316107c6d3a3b,2018-05-02 13:55:37,2018-08-12 19:17:28,27,3597.63,4.185185185185185,16,102,False
272f092de69afedd4d2969440b37f18f,2017-02-05 23:22:30,2017-10-15 04:15:02,25,1896.23,3.85,318,251,True
2745f798279e0ed033addcc1474776d7,2017-08-20 22:08:30,2018-05-30 15:04:45,32,3668.5299999999997,3.90625,90,282,False
276677b5d08786d5dce7c2149dcce48b,2018-02-01 21:24:28,2018-08-13 12:23:45,31,3424.2,3.888888888888889,16,192,False
27a56ff04b34c2ba34ce6ba4d3b9d616,2017-04-05 15:45:38,2017-10-13 10:53:47,8,349.28999999999996,4.125,320,190,True
282c7480173bb9c01dd41cc739fec010,2017-08-07 21:25:10,2017-08-20 16:09:44,5,4274.2,4.0,373,12,True
282f23a9769b2690c5dda22e316f9941,2017-07-14 12:12:53,2018-08-23 19:14:36,98,6464.28,4.330275229357798,5,405,False
28405831a29823802aa22c084cfd0649,2018-06-26 16:00:19,2018-08-18 18:29:46,6,210.0,4.5,10,53,False
28872dc528e978a639754bc8c2ce5a4c,2018-06-11 22:55:43,2018-06-11 22:55:43,1,1009.9,5.0,78,0,False
289cdb325fb7e7f891c38608bf9e0962,2018-02-21 22:53:10,2018-08-25 14:05:07,109,13410.550000000001,4.592,4,184,False
28a26ebce31d5918b181ede016fd693b,2018-08-13 15:55:29,2018-08-13 15:55:29,1,29.9,5.0,15,0,False
28c7d8743fbc8679f484868cc0fcaefb,2018-05-05 12:40:10,2018-08-10 00:40:57,3,201.5,5.0,19,96,False
28d162ab86bb49d719c32f0ee6186eaa,2017-09-19 10:20:27,2017-09-19 10:20:27,1,109.99,4.0,344,0,True
28ea411b354f14b1a494be4e79f0ce02,2017-02-28 13:40:03,2018-01-30 16:34:50,6,820.0,4.666666666666667,210,336,True
28f10b1c5e5abb9d4857745bede6147c,2018-04-28 07:47:49,2018-08-17 14:33:23,28,835.0,4.0,12,111,False
28fb0829fd777877cdc350d25cb5bd5b,2017-10-29 17:10:13,2017-11-22 21:15:27,2,279.8,5.0,279,24,True
293dee954235e4e4e43f129313625ebe,2017-10-11 10:22:56,2018-01-16 16:01:28,8,1829.91,5.0,224,97,True
2953ce3a88f5e3c3b696d77fc9e4c8eb,2017-10-01 10:19:07,2018-08-23 17:19:57,14,470.0,4.666666666666667,5,326,False
296729ffb9b684050dd24836dac4494a,2018-05-10 10:11:34,2018-08-02 19:54:25,2,114.0,5.0,26,84,False
297d5eccd19fa9a83b2630071ff105e4,2018-07-19 22:48:13,2018-08-23 09:35:05,8,834.97,5.0,6,34,False
299c89a525fee36c567f4fe72f038100,2018-08-08 17:36:33,2018-08-08 17:36:33,1,189.0,3.0,20,0,False
29c322e3f09f886f8bacbe91dfbd979e,2018-08-22 21:26:03,2018-08-22 21:26:03,1,48.98,5.0,6,0,False
29e6e05b65f93bc224c644319dc52ecf,2018-06-28 09:19:36,2018-08-17 22:06:17,4,475.6,4.75,11,50,False
29fe9f200d3fa0c668d2aa1ec7e08dfb,2017-06-16 15:16:41,2017-09-03 16:15:17,5,400.0,4.0,359,79,True
2a1348e9addc1af5aaa619b1a3679d6b,2017-01-14 01:16:14,2018-08-02 15:57:13,48,2697.4,3.0,26,565,False
2a167ca73899c85001a837d8fb4962f6,2018-07-17 13:27:40,2018-07-24 23:09:26,2,4097.0,4.333333333333333,35,7,False
2a261b5b644fa05f4f2700eb93544f2c,2017-10-16 12:29:49,2018-08-01 16:43:40,51,5405.0,3.3373493975903616,27,289,False
2a50b7ee5aebecc6fd0ff9784a4747d6,2017-11-27 21:45:48,2017-11-27 21:45:48,1,199.8,1.0,274,0,True
2a5b78b41cd05baeac8df54c6606b92c,2017-07-02 15:37:04,2018-08-15 18:01:23,46,15554.28,4.303571428571429,13,409,False
2a61c271b1ac763450d846849783e922,2017-09-12 16:17:32,2018-02-16 13:43:28,17,1486.77,3.6818181818181817,194,156,True
2a6fbeaa7ab9e5d59a35841a8da71ce4,2017-03-08 15:46:42,2018-07-01 09:42:35,30,1632.79,3.8666666666666667,59,479,False
2a73cba571d90c694b7caca072ccf6ce,2018-07-26 09:13:04,2018-07-26 09:13:04,1,342.78,5.0,34,0,False
2a7c6c0b0d5efde2bf75ec1e1cec2d41,2017-11-14 12:03:44,2017-12-11 14:48:45,3,147.6,3.3333333333333335,261,27,True
2a7dc43cecabf23403078e2188437d1d,2017-11-03 00:16:32,2018-06-03 10:59:14,52,4795.91,4.092592592592593,87,212,False
2a84855fd20af891be03bc5924d2b453,2017-12-28 12:31:49,2018-08-29 14:18:28,155,14989.0,4.364779874213837,0,244,False
2aa3443d7bf9d9bb11133f420d75e083,2017-11-14 12:43:54,2018-08-13 01:18:39,10,647.0,3.0,16,271,False
2aafae69bf4c41fbd94053d9413e87ee,2018-05-24 15:22:39,2018-07-24 19:04:45,2,94.0,4.5,35,61,False
2addf05f476d0637864454e93ba673d5,2017-08-03 14:06:43,2018-03-18 20:29:14,12,4552.0,5.0,163,227,True
2b03ac196f5ed62ac483960fe0fa3b65,2017-11-10 10:51:55,2018-05-02 10:48:44,7,843.1,4.142857142857143,119,172,True
2b1a40c1daabc6ca280c4b815c101841,2017-01-16 21:18:10,2018-06-16 12:55:53,22,12342.6,3.787878787878788,74,515,False
2b2fed75b8e5ea3a052fc4c0825da485,2017-04-23 15:20:31,2017-07-29 22:32:22,3,510.9,5.0,395,97,True
2b3b9ce054da76a7428df143a567b156,2018-06-17 15:59:39,2018-08-19 10:47:22,5,301.0,3.1666666666666665,10,62,False
2b3e4a2a3ea8e01938cabda2a3e5cc79,2017-05-09 09:32:59,2018-07-27 11:21:46,52,23629.15,4.388888888888889,33,444,False
2b402d5dc42554061f8ea98d1916f148,2018-04-28 16:17:34,2018-04-28 16:17:34,1,299.89,5.0,122,0,True
2b5ed0c9139dae8883a200dfcb272ece,2017-04-03 17:25:59,2017-11-06 12:03:52,4,85.41,4.25,296,216,True
2ba91c7ad80ff88b23b7db823b43c233,2018-04-04 12:42:36,2018-08-12 19:57:00,6,740.4,3.8333333333333335,16,130,False
2bd05d410a8fd26dc4184a15f4f2f588,2017-01-27 10:29:59,2017-10-21 11:22:57,6,1316.73,5.0,312,267,True
2bdb95a56a36ebbc6640337ac5eac174,2017-01-27 22:07:02,2017-01-27 22:07:02,1,89.9,5.0,578,0,True
2be17df1c49978426251562096c3cc09,2017-01-17 16:58:06,2018-06-30 20:39:53,16,2165.0,4.1875,59,529,False
2bf28e311bba65237358230cabac3f15,2018-04-03 20:28:35,2018-08-12 14:52:42,7,294.0,3.875,17,130,False
2bf6a2c1e71bbd29a4ad64e6d3c3629f,2017-11-02 13:11:26,2018-08-13 19:30:37,30,50628.9,4.193548387096774,15,284,False
2c00c85d30361cd2ced2969cffbbffa3,2018-04-16 19:27:56,2018-04-16 19:27:56,1,49.8,5.0,134,0,True
2c2c9832d1bb38c5b0034a3b47d313ee,2018-07-27 10:44:02,2018-07-27 10:44:02,1,49.9,3.0,33,0,False
2c3d56f92f360fb89d849b84e8f50eae,2017-10-06 08:49:02,2018-03-23 18:38:45,7,425.1,3.4285714285714284,158,168,True
2c43fb513632d29b3b58df74816f1b06,2018-06-20 21:40:18,2018-07-23 20:50:50,3,858.0,3.6666666666666665,36,32,False
2c4c47cb51acd5ea5db5e0ae0e26542a,2017-09-04 09:26:19,2018-07-29 16:04:47,12,2575.9,4.6,30,328,False
2c538755f1ca9540af144f266e70df6c,2018-05-12 07:21:13,2018-05-12 07:21:13,1,334.99,5.0,109,0,True
2c54051840f19eca309a5423cf22df36,2017-12-04 00:59:05,2018-04-04 09:52:29,2,23.7,4.5,147,121,True
2c9005d8043aff18b8557ffb7b13cda4,2018-05-07 21:00:33,2018-05-07 21:00:33,1,109.9,5.0,113,0,True
2c9e548be18521d1c43cde1c582c6de8,2017-10-06 17:00:22,2018-08-27 16:17:16,124,6013.56,3.9239766081871346,1,324,False
2cb4700db635baa1c0d4f90ed27b6669,2017-03-15 23:15:28,2017-03-18 01:58:41,2,199.8,2.0,529,2,True
2cb6eb1b7185064167657fa09f541105,2018-02-20 22:32:06,2018-08-03 21:35:53,6,1415.7,4.25,25,163,False
2cb98e27ce1c18abdb42209b34c382a7,2018-06-19 14:30:42,2018-06-19 14:30:42,1,62.49,4.0,71,0,False
2d20f1cd18725c91147da0791d498022,2018-08-11 14:06:52,2018-08-11 14:06:52,1,99.8,5.0,18,0,False
2d22fc3089eb907b29ebff50581fb472,2018-04-13 17:26:09,2018-04-29 18:43:21,3,317.70000000000005,3.6666666666666665,121,16,True
2d2322d842118867781fc737e96d59a1,2018-06-08 10:35:03,2018-08-25 21:20:50,8,176.4,4.9,3,78,False
2d2c62bef4c8ba0dd74e0e228e808539,2017-11-20 15:08:25,2018-08-23 13:56:50,16,3749.0,4.125,6,275,False
2d34636518ba88f5349b732fcf8ba2e4,2018-04-30 20:25:31,2018-04-30 20:25:31,1,150.0,5.0,120,0,True
2d378dbb39815785238c0139c7647fb7,2017-04-13 19:35:02,2017-05-17 09:44:13,2,1154.0,5.0,469,33,True
2d42ebcda99fd55f6f4bc2f1ca035d50,2018-06-24 13:21:50,2018-08-08 13:20:45,10,921.5,4.0,21,44,False
2d50d6282f8aa2257819a77bfaa0efe0,2017-08-31 13:43:07,2018-08-11 14:31:30,42,3008.48,3.744186046511628,18,345,False
2d518637f53161b973e01f56ea4bb88e,2018-04-13 14:37:55,2018-07-30 20:33:35,13,1219.8899999999999,4.923076923076923,29,108,False
2d8cfba3fcd3170555941605edaa196a,2017-03-15 11:41:46,2017-03-15 11:41:46,1,45.0,5.0,532,0,True
2d9e8987a2ea5cf88dce330249043ff1,2018-08-02 13:07:42,2018-08-18 02:42:23,2,239.8,4.5,11,15,False
2dcf93836ae3ce0d7c93e2f10876467a,2018-06-23 14:16:49,2018-08-07 20:29:36,9,1443.8,4.166666666666667,21,45,False
2dd1fb6f0e42a2243b8a01e40cd41216,2017-02-20 08:35:25,2017-04-22 14:49:56,3,686.89,3.0,494,61,True
2dee2ce60de9709b1a24083217181a1f,2017-07-18 19:49:49,2018-06-28 14:29:37,54,7784.5,4.363636363636363,62,344,False
2e0dba2da448400b1c11d7b4b22f32a4,2017-02-10 11:11:16,2017-05-21 19:21:32,7,235.87,3.769230769230769,464,100,True
2e13c71026e1a39ba5cc1b86dcb679aa,2017-12-27 17:38:31,2018-08-23 17:29:25,24,3793.0,4.25,5,238,False
2e1a7d075abe038c1b2743005fe42ff1,2017-08-25 15:24:46,2018-05-16 13:24:11,18,1366.8,3.8181818181818183,105,263,True
2e1c9f22be269ef4643f826c9e650a52,2017-07-18 13:44:30,2018-08-24 10:16:19,161,12260.23,4.220238095238095,5,401,False
2e2f44824ab87a0cb961f68bf4073e7f,2018-04-02 21:10:31,2018-04-02 21:10:31,1,48.0,2.0,148,0,True
2e3be8a987a30d7544dbbda6861cc14e,2017-02-07 17:03:30,2018-07-18 21:37:46,14,2472.86,3.6,41,526,False
2e7ea2aafec5835e781b21d6d1faf1f1,2018-07-05 18:35:55,2018-08-23 21:46:53,7,528.4,4.0,5,49,False
2e90cb1677d35cfe24eef47d441b7c87,2017-03-08 21:55:07,2018-08-26 17:23:02,127,13894.710000000001,4.036496350364963,2,535,False
2ea0861cc19e94cad86438c984c52da4,2018-05-17 14:33:47,2018-07-17 13:32:49,6,165.6,3.3333333333333335,43,60,False
2eb70248d66e0e3ef83659f71b244378,2018-02-06 14:25:14,2018-07-19 00:41:35,187,39115.62,2.7777777777777777,41,162,False
2ec6e37d992a95eaddb3369dcbcc76d9,2017-08-18 13:53:01,2017-10-06 15:54:34,2,159.8,1.5,326,49,True
2ee0a0689f2f6a72f35a7cb6033f6e7e,2017-11-14 20:08:30,2017-11-26 14:31:13,4,272.0,4.0,276,11,True
2eeb6531ee027a48d401e72bebdd87d3,2017-02-07 17:16:26,2017-02-14 19:12:38,3,38.699999999999996,4.333333333333333,560,7,True
2ef086a599b597572aca4433b7ed6b3d,2018-01-11 07:27:07,2018-01-11 07:27:07,1,49.0,5.0,230,0,True
2f09f7d37a97956d11cc1a7cadd5262b,2017-02-07 17:18:57,2017-09-02 13:22:11,7,625.0,4.125,361,206,True
2f1e7b90e01d9f086cbcb301c0c3d406,2017-11-27 23:03:26,2017-11-27 23:03:26,1,59.0,5.0,274,0,True
2f3d8b4c9e2ee165075331fea3f3095a,2017-10-13 10:57:04,2017-10-13 10:57:04,1,130.0,5.0,320,0,True
2f4b0d3b9634b647d4edee577d7ebb7e,2018-01-26 16:15:02,2018-03-10 10:10:19,10,337.9,4.909090909090909,172,42,True
2f4b9d112bfa44a214bc6cef085d17c8,2016-10-07 10:06:58,2017-04-16 20:08:33,5,293.99,4.333333333333333,499,191,True
2f73e04d12cdf0c945ded66bb3fcf6c7,2017-02-15 16:27:45,2018-08-19 19:52:18,3,1359.0,3.3333333333333335,9,550,False
2f74af7a0ee5636f12c2336f9fffed47,2017-06-04 12:09:58,2017-11-20 18:50:52,13,560.6999999999999,4.3076923076923075,281,169,True
2f9b7ce230a057a98a9f5df5893ee36c,2017-05-17 10:45:24,2017-06-18 16:13:28,2,141.82,4.5,436,32,True
2fa13c8bd5705d279f7ed5cc9ec61c68,2018-04-20 11:25:54,2018-07-10 17:52:57,2,87.4,5.0,49,81,False
2fb25ab44bdbeae6a4d816e0d0c9d500,2017-08-18 01:36:03,2018-06-22 21:40:54,5,683.08,4.8,67,308,False
2fdde51ad3e12f297da656d4fbd5d0b5,2017-04-17 19:55:27,2017-10-16 17:03:04,9,5803.0,4.777777777777778,316,181,True
2ff6b7bff164ef05590a52734e1296da,2017-11-01 21:31:57,2018-05-11 09:30:22,7,1803.59,4.714285714285714,110,190,True
2ff97219cb8622eaf3cd89b7d9c09824,2018-02-16 17:17:41,2018-08-25 14:09:50,87,4339.1,4.553191489361702,4,189,False
3076499bbc033a927bf4a8a41bcf7fd4,2018-05-03 15:40:43,2018-08-22 11:13:09,7,359.33,4.444444444444445,7,110,False
3078096983cf766a32a06257648502d1,2017-05-19 08:15:11,2018-05-09 19:32:24,56,7910.84,4.295081967213115,111,355,True
30829ded4523ab9224b93bc49a62c95f,2018-01-10 10:50:11,2018-08-23 11:30:04,18,6911.71,3.5806451612903225,6,225,False
3092c0b297aacfb4bb6e056ebe13b9b8,2018-01-18 22:44:34,2018-06-29 09:18:48,16,1184.3,4.176470588235294,61,161,False
30a2f535bb48308f991d0b9ad4a8c4bb,2017-02-04 15:05:16,2018-07-27 11:20:08,71,4781.2,4.261363636363637,33,537,False
30a81d8cf85fb2ada1b1b094c9583a95,2018-02-22 01:14:05,2018-08-15 10:14:58,17,1245.42,4.85,14,174,False
30c7f28fd3a5897b2c82d152bb760c17,2017-04-22 13:55:16,2017-11-28 13:50:19,6,1849.3799999999999,1.3333333333333333,274,219,True
312ba1d77e9c332ef21f9598b7f64cd7,2018-01-29 11:36:06,2018-07-23 10:53:28,7,567.0,3.375,37,174,False
31344c16881c08a8a72c6d2eb29918c1,2017-01-26 21:58:21,2018-08-20 12:03:54,42,9365.8,4.428571428571429,9,570,False
31561f325664a8a7aba4c8d0c3a9b3db,2018-06-05 22:51:12,2018-08-17 02:52:51,36,2702.19,4.578947368421052,12,72,False
318f287a62ab7ac10b703ac37435a231,2017-02-08 15:35:42,2018-08-24 16:38:58,51,2432.48,3.918032786885246,4,562,False
31ae0774c17fabd06ff707cc5bde005f,2017-05-08 16:25:25,2018-08-25 10:39:56,11,6719.85,4.0,4,473,False
31be790e64fc99f8ff48ec2bd18a3104,2018-07-29 23:08:40,2018-08-17 20:53:26,6,241.39999999999998,4.333333333333333,11,18,False
31da954dc0855f2495c6310f70a2f931,2017-09-10 20:50:42,2018-08-20 13:28:21,29,4583.0,4.233333333333333,9,343,False
31e60bf8d103ce47932a85f5562deb16,2018-07-11 16:07:05,2018-07-11 16:07:05,1,181.0,5.0,48,0,False
31eec405c9bb71dec8e2629a92e764fa,2018-06-27 12:28:47,2018-08-10 13:10:40,5,256.89,4.6,19,44,False
323ce52b5b81df2cd804b017b7f09aa7,2018-01-26 20:51:44,2018-08-02 12:06:07,29,2374.3,4.379310344827586,27,187,False
324583d68897f5ddbaf38f6248322176,2018-02-21 12:09:19,2018-02-25 13:05:21,2,84.0,1.0,185,4,True
325f3178fb58e2a9778334621eecdbf9,2017-03-09 10:24:00,2018-01-29 19:18:47,36,981.6999999999999,4.456521739130435,211,326,True
327b89b872c14d1c0be7235ef4871685,2017-02-03 01:06:06,2017-03-15 14:28:24,3,1177.0,2.3333333333333335,532,40,True
3289d8c3eef4873f91ce0b1343c0dd58,2018-05-25 18:44:29,2018-05-25 18:44:29,1,199.99,5.0,95,0,True
328acb143b4a73aad6bee8e734f5d20d,2017-02-06 13:51:28,2017-02-10 14:49:23,2,699.98,4.0,565,4,True
3296662b1331dea51e744505065ae889,2018-08-27 12:41:49,2018-08-27 12:41:49,1,517.8,5.0,2,0,False
32b8764b4ef628b53608fc34011fcc13,2018-03-06 22:41:47,2018-08-22 08:33:48,36,8884.0,4.2368421052631575,7,168,False
32e5635e63cb374eb63afdd242fb6134,2017-08-15 21:29:06,2017-08-15 21:29:06,1,910.0,5.0,378,0,True
32f1bb9dfa65bc7df5c0d9d95a616be4,2018-03-18 23:47:19,2018-08-08 12:09:55,4,246.49,3.4,21,142,False
32f83ffe11cd40f7adcf4eef171f52d9,2017-11-19 13:22:29,2017-11-19 13:22:29,1,29.99,5.0,283,0,True
32fdd5d44ecb43dfd6a24b9369eca144,2017-03-22 12:10:36,2017-05-15 13:20:05,8,479.2,4.375,471,54,True
333c4210e76a1aa2ab817b99437e3ff1,2018-07-17 19:46:54,2018-08-10 10:31:43,2,335.0,5.0,19,23,False
3340ef1913fb70d28420f6ceb685c339,2017-01-18 20:14:17,2017-11-23 16:22:37,32,6731.15,4.333333333333333,278,308,True
334cab711dee080b079fa5779b584783,2018-04-08 13:05:27,2018-08-09 18:06:43,11,1069.7,4.961538461538462,19,123,False
33576ec5412fb5905d876f12f33bfde6,2017-07-12 23:03:19,2018-06-24 20:40:44,31,2807.0,4.121212121212121,65,346,False
3361277dc30b7cccdb0c286b24219756,2017-02-11 13:33:12,2018-08-18 18:48:25,29,3905.05,4.214285714285714,10,553,False
3364a91ec4d56c98e44174de954b94f6,2017-04-29 14:34:26,2017-08-29 09:42:04,6,3579.94,3.8333333333333335,365,121,True
33a17d60c64393351ebf1ef860f4e0f2,2017-07-08 11:40:20,2018-08-14 19:12:16,43,8152.4800000000005,4.617021276595745,14,402,False
33a6f4b1e7cdc205511e76ba1b6e0186,2018-01-26 10:54:11,2018-08-28 14:32:59,105,10295.01,4.357142857142857,1,214,False
33ab10be054370c254ddfcf0a6253422,2018-06-22 16:04:28,2018-08-28 11:51:45,4,213.2,5.0,1,66,False
33ac3e28642ab8bda860a2f693000e78,2017-02-09 21:17:20,2018-07-23 11:42:25,34,3661.03,4.228571428571429,37,528,False
33c51922b6e3c16b24a8f28e5833c99d,2017-12-02 08:50:05,2018-08-01 08:33:57,18,6657.87,4.05,28,241,False
33cbbec1e7e1044aaf11d152172c776f,2018-04-03 20:15:00,2018-08-18 13:56:19,15,730.67,4.6875,11,136,False
33cbda8716511e27e556dff9d8418bf2,2017-03-30 14:48:27,2018-06-05 13:29:17,5,507.40000000000003,4.833333333333333,85,431,False
33d677f27a69b84051204ee4ae76eaca,2018-03-17 19:07:43,2018-07-20 19:11:27,9,165.0,4.6,39,125,False
33dd941c27854f7625b968cc6195a552,2018-05-27 16:26:55,2018-08-03 00:45:12,5,6787.5,4.4,26,67,False
33fd411ed63a7c2f9005e3f065d9f85d,2018-04-11 11:52:13,2018-04-11 11:52:13,1,24.9,4.0,140,0,True
34056b8b55c1775a22af2331670a799c,2017-11-16 13:18:14,2018-08-23 17:19:01,77,6398.7,4.038961038961039,5,280,False
340636a908b13bbe0f4fb63fbe1d0c03,2018-04-06 17:48:33,2018-05-06 11:40:23,3,490.5,5.0,115,29,True
343e716476e3748b069f980efbaa294e,2017-04-19 22:03:31,2018-08-10 08:00:25,17,922.5999999999999,4.041666666666667,19,477,False
3442033154be05bac582e173ef54fd12,2018-08-16 21:55:21,2018-08-16 21:55:21,1,161.0,5.0,12,0,False
344223b2a90784f64136a8a5da012e7f,2018-01-17 22:10:43,2018-01-17 22:10:43,1,10.9,2.0,223,0,True
3442f8959a84dea7ee197c632cb2df15,2017-05-05 16:12:29,2017-08-30 11:47:52,3,218.7,3.0,364,116,True
34675b28b826facfde119785bf287dc1,2017-08-01 22:00:44,2017-08-01 22:00:44,1,21.99,4.0,392,0,True
3481aa57cd91f9f9d3fa1fa12d9a3bf7,2016-10-04 09:06:10,2017-08-22 11:02:26,25,1773.03,3.88,372,322,True
3492e68f37fd1df87f4f2f2ea247f445,2018-05-09 22:09:32,2018-08-08 19:53:48,8,787.86,3.5555555555555554,20,90,False
34a557286ead8fe75c989e0afcf7d98c,2018-05-14 17:20:48,2018-08-18 00:12:08,4,414.9,4.75,11,95,False
34d1ca11b242c0fee2c834ae8d788566,2017-03-01 16:21:50,2018-08-07 08:43:58,40,13422.24,4.219512195121951,22,523,False
34f563c82a85b99ae9e6d60db5fc2e28,2018-04-13 15:09:55,2018-08-06 20:19:36,8,2332.3,4.625,22,115,False
3504c0cb71d7fa48d967e0e4c94d59d9,2017-07-05 09:53:02,2017-11-06 13:48:10,53,2349.94,4.415094339622642,296,124,True
35281d148dcf7134bae913c57db4e6da,2018-07-19 19:38:45,2018-07-19 19:38:45,1,119.99,5.0,40,0,False
353e21e8bf8de2722b4fae1636664b76,2018-02-27 07:38:47,2018-06-16 20:14:00,4,208.0,2.5,73,109,False
35857757f553273b1056c1cabdace7fb,2017-07-24 15:19:05,2018-03-28 00:23:11,6,454.6,4.0,154,246,True
3586b8580d9c917874e053a1bb37b5ff,2017-05-05 11:25:20,2018-08-12 23:05:02,36,1524.7,4.441860465116279,16,464,False
35b96509602ec4b7da831b5cd73ff2c2,2018-05-08 09:35:12,2018-08-03 19:12:10,2,558.9,4.5,25,87,False
35ef5aa32949680f627efec3c23e705c,2017-03-28 09:06:23,2017-07-11 20:54:38,4,361.6,3.2,413,105,True
35fb511489d9ee3ee27a76debce9df06,2017-02-22 18:45:58,2018-04-09 08:57:49,7,414.5,3.5714285714285716,142,410,True
3606774ec64634822d78dc2db6d37045,2016-10-04 23:39:01,2016-10-04 23:39:01,1,179.9,5.0,693,0,True
365e445f796710c3431557e85caa25db,2017-02-01 16:03:51,2017-06-16 13:35:23,4,1115.0,4.4,439,134,True
365e4bce19bda0082c3d15d83fdb8bcd,2018-01-22 13:52:39,2018-06-29 23:18:47,6,796.4,4.714285714285714,60,158,False
36890be00bbfc1cdb9a4a38a6af05a69,2018-06-04 19:51:43,2018-08-19 16:57:32,13,1361.3,4.230769230769231,9,75,False
36a968b544695394e4e9d7572688598f,2017-02-22 17:12:07,2018-08-27 16:24:47,148,6999.37,3.732484076433121,1,550,False
36f98ad67cc981f50ce8aed093d5783c,2018-07-25 11:04:58,2018-08-01 23:43:21,2,119.4,4.0,27,7,False
37303482a42fb700d8d127e70a9cd6c8,2017-12-11 14:52:54,2017-12-11 14:52:54,1,58.9,5.0,261,0,True
373ee4a3a775a733770ca3f790b8b9ac,2017-02-06 18:57:19,2018-05-08 14:23:15,13,2183.07,4.0,113,455,True
37515688008a7a40ac93e3b2e4ab203f,2017-07-10 22:08:53,2018-07-16 08:50:17,227,5954.1,4.071129707112971,44,370,False
376a891762bbdecbc02b4b6adec3fdda,2017-05-20 00:26:11,2018-05-02 22:17:41,57,6406.23,4.672413793103448,118,347,True
376d67b61dce0c990155286e7ae486a4,2018-03-01 15:29:58,2018-03-01 15:29:58,1,94.0,4.0,180,0,True
3771c85bac139d2344864ede5d9341e3,2017-05-25 16:39:50,2017-12-12 22:53:35,26,1433.3,3.566666666666667,259,201,True
377bc18334c78dd2f1535ef22a3ad225,2018-08-18 20:59:58,2018-08-18 20:59:58,1,135.98,5.0,10,0,False
3785b653b1b82de85ab47dd139938091,2017-08-24 11:34:24,2018-08-01 22:44:09,21,1611.9,4.76,27,342,False
37be5a7c751166fbc5f8ccba4119e043,2017-05-03 09:01:56,2018-05-21 10:57:22,269,55525.54,4.308510638297872,100,383,True
37dd29b36c458d82f74a953c40c43645,2017-10-08 16:50:45,2018-05-28 13:37:22,7,4536.99,4.0,93,231,True
38102b031c2a15e54623d711bfc753d3,2017-02-09 11:01:14,2018-02-14 10:32:00,8,418.0,3.9,196,369,True
381c83fdca332ea6afd896da20bf6e4a,2017-08-17 08:58:53,2018-08-14 07:04:43,46,7355.8,4.391304347826087,15,361,False
382229d1e840115ffe3dbf5ff460e417,2018-04-14 22:35:36,2018-08-20 17:34:26,45,4037.06,4.3125,8,127,False
385799a1cddbd26dfeb9157356a42282,2017-03-28 16:03:34,2017-09-09 16:16:29,4,551.9399999999999,4.833333333333333,353,165,True
38874e327ce94d11390b96eb42d61928,2016-10-08 10:31:00,2017-10-27 14:24:24,6,3779.94,4.0,306,384,True
389e45560e33d2d0747f949dcddbc08e,2018-08-16 21:58:25,2018-08-16 21:58:25,1,39.0,5.0,12,0,False
38af8acfd46ac4a7bf754e8ca6736664,2017-11-27 23:02:54,2018-02-14 11:15:39,5,345.0,4.8,196,78,True
38e679b9e0064cd94c6f035707344dae,2016-10-06 18:11:11,2018-01-30 07:15:03,27,3644.15,4.178571428571429,211,480,True
38e6dada03429a47197d5d584d793b41,2017-09-06 19:27:08,2017-10-29 11:59:16,7,596.14,3.3333333333333335,304,52,True
38f276ca6e7cc95a6d1bb55ac9e5550f,2017-11-26 18:08:38,2017-11-26 18:08:38,1,24.99,5.0,275,0,True
3903c788ded8dc03b5ebab37a2f3e9a1,2018-05-25 12:51:58,2018-08-05 14:00:06,5,119.97999999999999,4.0,24,72,False
391bbd13b6452244774beff1824006ed,2018-03-05 11:05:50,2018-03-05 11:05:50,1,63.9,1.0,177,0,True
391fc6631aebcf3004804e51b40bcf1e,2016-10-06 00:06:17,2018-08-25 20:13:35,521,40067.23,3.9563812600969306,3,688,False
392353362d22cc2c236e1ee81ff19890,2018-04-13 22:12:39,2018-08-22 21:48:00,5,288.7,4.6,6,130,False
392e0502231ae2f8b29994ef6398cd77,2017-01-09 21:40:42,2018-03-04 13:42:37,17,1572.9,4.352941176470588,178,418,True
392f7f2c797e4dc077e4311bde2ab8ce,2018-08-20 21:10:45,2018-08-21 10:10:40,2,52.0,5.0,8,0,False
3935fe5fe0f82787a9dcb8deb62be09d,2018-04-17 09:59:30,2018-08-24 16:08:33,16,1681.69,3.9411764705882355,4,129,False
3968920b9aa752ab98f7d5888c9252f2,2018-05-03 19:10:38,2018-08-06 16:19:52,8,523.3,4.1,22,94,False
3969863bb8af7f72580b3b1ffd3a17b3,2017-11-25 00:32:14,2018-08-14 16:18:52,12,623.15,4.0,14,262,False
397c4d0c005b6f41f90098ac724e28cb,2018-04-09 21:35:35,2018-08-04 14:32:55,5,8177.0,4.4,25,116,False
3985a3c45be355a4c57fde108bfabd1c,2017-01-27 00:34:10,2017-06-19 15:25:29,7,344.2,4.125,435,143,True
3986c0b54f6b748b75e7bd4e092aa3e5,2018-08-17 19:54:45,2018-08-17 19:54:45,1,24.99,5.0,11,0,False
398cb257329ef7af7f1943a8974a3cbc,2018-07-20 09:42:40,2018-07-20 09:42:40,1,145.9,5.0,40,0,False
39a5005f2605cbdb4f9ac14485cabfd1,2018-06-27 10:45:14,2018-08-04 13:18:33,3,501.07,5.0,25,38,False
39c763cca83e654764b7a4a650fb9b7c,2017-09-14 20:57:31,2018-07-27 20:36:45,11,761.0,3.8181818181818183,32,315,False
39d54ff918774174706fb065d7f9dc07,2017-11-25 17:36:18,2018-07-24 09:09:25,22,1554.69,3.9166666666666665,36,240,False
39d61be7a92eb77b7da367bd4845bc0e,2018-03-21 20:35:30,2018-08-07 14:24:03,7,700.59,4.214285714285714,22,138,False
39f776d2974049026ff531fc42ef2a3e,2018-01-12 18:17:38,2018-04-25 18:57:38,3,1084.04,4.0,125,103,True
3a1a1fec38dd360f15fc912e821e169d,2017-10-28 12:12:48,2018-05-05 16:21:56,15,2007.3799999999999,3.8666666666666667,115,189,True
3a3c180dd702a725bd0ba4117689239e,2018-05-04 20:19:38,2018-05-04 20:19:38,1,41.9,4.0,116,0,True
3a3e46d10f74d8a6ca76e2b538f106a0,2018-02-05 16:41:52,2018-05-25 22:04:28,2,299.9,4.8,95,109,True
3a4127e1ba7208ea37044c5092aae170,2018-04-19 07:58:35,2018-07-13 14:48:56,5,1842.6999999999998,4.0,47,85,False
3a490ba60afa30ece0e7d50cfe74a4f0,2017-04-12 23:50:54,2017-12-18 18:30:40,8,1529.2,4.625,253,249,True
3a52d63a8f9daf5a28f3626d7eb9bd28,2017-02-01 08:42:43,2017-02-01 08:42:43,1,35.0,1.0,574,0,True
3a734b715d333a2588a3d54a0c9b8746,2017-08-04 10:08:27,2018-01-14 20:54:13,15,2121.52,4.666666666666667,226,163,True
3a79f35a2344ede41af21267f61d5ec6,2017-11-16 13:40:29,2017-11-16 13:40:29,1,186.0,1.0,286,0,True
3aa3c89ae3cd482385568be76120f63c,2018-06-07 22:36:29,2018-06-07 22:36:29,1,29.9,4.0,82,0,False
3ab971ce71839580d2ae5b4e40fe8044,2018-06-03 17:41:43,2018-08-20 14:25:47,35,4917.0,3.810810810810811,9,77,False
3ac588cd562971392504a9e17130c40b,2018-08-17 21:08:06,2018-08-17 21:08:06,1,11.9,5.0,11,0,False
3ade81dab5a172b88e1871c28ae05260,2017-10-06 09:42:10,2018-08-25 12:54:41,28,5383.6,4.133333333333334,4,323,False
3afc536624bc2e65bddfb5db33cc01f3,2018-01-23 17:56:14,2018-06-12 10:55:06,6,312.0,3.5,78,139,False
3b15288545f8928d3e65a8f949a28291,2017-03-22 14:09:46,2018-08-13 16:57:13,101,14084.789999999999,3.884297520661157,15,509,False
3b18f9856c6eb2413eafedb58e9eecd9,2018-04-11 15:33:25,2018-04-11 15:33:25,1,315.0,5.0,139,0,True
3b872fd4747f01cc56206f2934198618,2017-11-27 16:23:47,2018-08-21 14:08:51,25,2726.7400000000002,3.888888888888889,8,266,False
3bb32fedaa74e4ad20f4ce067733bd31,2018-08-03 13:32:54,2018-08-05 20:48:32,2,103.69999999999999,4.666666666666667,23,2,False
3bb548e3cb7f70f28e3f11ee9dce0e59,2017-03-05 14:10:40,2018-08-09 12:13:17,46,7690.02,3.981132075471698,20,521,False
3bdff180c7e1f6551a643b99c265a120,2017-02-01 17:39:57,2018-04-17 16:37:44,56,3008.2,4.120689655172414,133,439,True
3be5841cdcc46de4ed3f9116f104b2c5,2017-01-24 21:16:50,2017-02-12 21:41:09,4,599.6,4.75,562,19,True
3be634553519fb6536a03e1358e9fdc7,2017-07-09 11:27:14,2018-08-27 21:36:16,80,5290.92,4.0,1,414,False
3bfba5a77604f6dfae7e6dd7aaf65821,2018-08-09 19:54:54,2018-08-21 20:50:17,4,2095.5,5.0,7,12,False
3c010235b7345c92f125d14ee232a76b,2018-07-02 13:16:53,2018-08-15 11:37:45,15,3578.0,4.666666666666667,14,43,False
3c03b12bab54d8b37d79d914bfdb1aa0,2017-12-23 22:45:28,2018-08-24 11:09:05,37,4236.34,3.813953488372093,5,243,False
3c3017960b2dbd72711a61f0400aab8f,2017-01-28 17:57:35,2017-04-05 17:01:38,9,878.9000000000001,3.888888888888889,510,66,True
3c487ae8f8d7542beff5788e2e0aea83,2017-08-09 15:42:26,2018-08-17 15:27:40,30,9385.699999999999,3.909090909090909,11,372,False
3c4e0452bff7a2a788179488d3d77032,2017-12-05 10:08:56,2018-03-23 17:33:12,32,3746.4,3.7777777777777777,158,108,True
3c7c4a49ec3c6550809089c6a2ca9370,2017-09-04 12:14:07,2018-08-18 21:48:53,139,4102.65,3.7169811320754715,10,348,False
3c88ed2e76a2247933a15daa7161eb1c,2018-02-01 21:45:16,2018-02-01 21:45:16,1,155.0,5.0,208,0,True
3ca08eeb8d5595949fed424bd3677742,2017-05-11 16:20:58,2018-01-08 13:00:00,13,1688.88,4.6923076923076925,233,241,True
3cfa1358a6caa965278721344c8d76f2,2018-04-18 13:37:54,2018-06-13 21:59:30,5,3140.2799999999997,4.8,76,56,False
3d01d1c414c44b5943a09619ff3853cb,2017-07-05 18:43:41,2017-07-12 20:36:42,4,303.6,4.5,412,7,True
3d0cd21d41671c46f82cd11176bf7277,2017-08-08 20:26:31,2018-08-06 14:38:01,9,447.79999999999995,4.7272727272727275,23,362,False
3d2400ac620cffa23ac81bd192f7f555,2018-08-13 13:36:05,2018-08-13 13:36:05,1,105.0,5.0,16,0,False
3d2531eccfbde1d7c8db7a3a12fb267a,2018-04-24 10:19:45,2018-08-19 18:34:21,10,1999.54,3.9,9,117,False
3d290fe363c60a77498c1126fd3fb8d3,2017-03-11 21:54:43,2017-06-03 15:23:13,3,198.98,4.333333333333333,451,83,True
3d39fbf22a665714baf62fae36029e23,2017-01-14 21:28:46,2017-11-25 00:10:03,8,2504.2,4.75,277,314,True
3d3ccf2b2f8134b10dce9dd446f0e075,2018-06-20 21:14:59,2018-08-10 11:48:43,3,608.6,3.3333333333333335,19,50,False
3d4824f20035949c710eaf111f869d39,2018-06-04 19:07:48,2018-08-23 00:20:45,8,449.96999999999997,3.7777777777777777,6,79,False
3d49bfdd1b43a7fe169b3740067acc61,2018-06-30 01:23:27,2018-08-22 13:57:22,3,215.0,4.666666666666667,7,53,False
3d4b1ae7539303b5704493798893e82c,2017-12-06 20:43:07,2018-02-28 16:31:53,6,1076.0,4.666666666666667,181,83,True
3d5d0dc7073a299e31fa718ce1bc00b6,2018-06-13 15:23:50,2018-08-06 19:55:49,21,674.8,4.2727272727272725,22,54,False
3d621842b2ed28e2b474132480edac3c,2017-08-01 22:04:23,2017-11-30 20:18:51,8,873.9300000000001,4.625,271,120,True
3d62f86afa7c73be2628a3be1423f5a0,2017-12-13 21:25:36,2018-01-09 21:50:02,2,12.0,4.0,231,27,True
3d68c634a99a1ba46dbca3967a69c623,2018-07-22 15:43:14,2018-08-02 12:07:27,2,594.0,5.0,27,10,False
3d700782d7818f2c1e0d7a9e9d75fc00,2017-04-23 20:56:12,2017-07-11 14:20:11,3,149.7,3.6666666666666665,414,78,True
3d871de0142ce09b7081e2b9d1733cb1,2017-03-05 12:29:19,2018-08-26 12:28:39,1064,93456.4,4.131625441696113,3,538,False
3d8fa2f5b647373c8620330c4e077a9f,2018-04-30 14:17:06,2018-08-15 14:57:55,42,3554.73,3.8541666666666665,14,107,False
3da38366e7bd9baf6369071f782ecdf0,2018-01-04 13:37:09,2018-01-04 13:37:09,1,59.47,1.0,237,0,True
3db66a856d18a9cba7c9241fc5221c50,2017-04-20 17:15:47,2018-08-21 12:20:32,94,9618.1,4.171717171717172,8,487,False
3dbbce181edfaa4a597ec858c382d2ec,2017-04-17 10:11:29,2017-12-11 19:56:32,17,848.3,4.35,260,238,True
3dc69bf2c42f0568a5c4791ec3fd3745,2018-02-16 14:01:10,2018-02-16 14:01:10,1,150.0,3.0,194,0,True
3ded4e2d5f135cb103e5949d7263d2dd,2018-02-15 15:37:34,2018-02-15 15:37:34,1,49.9,5.0,194,0,True
3df020b72d3d44b3af9d110fa3940b65,2017-07-14 12:40:11,2018-08-19 23:12:41,55,5039.9,3.9504950495049505,9,401,False
3dfd3dc96f7f8598eca74e9ac8a2fa31,2017-11-13 12:02:55,2018-06-16 16:39:47,6,183.0,4.0,73,215,False
3e35a8bb43569389d3cebef0ce820f69,2018-04-12 19:47:40,2018-04-12 19:47:40,1,55.8,5.0,138,0,True
3e46a38ee171c503c3b4a3f23fe3bf0c,2018-06-22 13:20:40,2018-06-22 13:20:40,1,59.9,5.0,68,0,False
3e51f9cbe317bc3a88f2c76583811ee4,2018-08-14 00:22:06,2018-08-14 00:22:06,1,76.09,5.0,15,0,False
3e8bd881d92466e63ba9e3e809cd3c50,2018-02-16 17:13:02,2018-04-25 20:58:05,8,1862.38,4.222222222222222,125,68,True
3ea00e1dea2b0659dbaf654735929220,2017-02-22 16:04:36,2018-03-14 23:13:24,7,505.0,4.857142857142857,167,385,True
3ea08c48e851106d2f584349daba335f,2018-06-13 21:43:00,2018-06-13 21:43:00,1,170.0,4.0,76,0,False
3ef37b7ca6dd2b80bd8af81a62504996,2017-03-02 18:58:10,2017-09-01 16:25:37,2,700.0,4.5,361,182,True
3f0e48d209018b466fcd3bb4ccfeb520,2017-08-02 14:10:38,2018-01-21 16:56:40,9,5399.0,3.9,219,172,True
3f2af2670e104d1bcb54022274daeac5,2017-09-29 08:52:58,2018-05-19 23:15:03,6,973.6,3.5714285714285716,101,232,True
3f3486b61f45078d4f31ee5e43d8c5bb,2017-12-04 19:22:50,2018-08-17 10:48:14,39,3769.73,4.333333333333333,12,255,False
3f8034bfc6b8b4135534975d49f04c63,2017-01-18 10:42:05,2017-05-24 09:05:17,11,1273.9,3.357142857142857,462,125,True
3f84fefc07dc159b268d4a77d3e8c425,2018-05-07 10:20:46,2018-06-29 23:02:53,3,200.6,5.0,60,53,False
3f995f07c49d0d55a99d5c54957f7d81,2017-04-13 13:13:48,2018-08-20 23:06:39,43,3955.7,4.209302325581396,8,494,False
3f9be91358837bff69df67edfa3e42e8,2018-03-30 11:29:18,2018-05-12 18:04:04,7,569.7,4.428571428571429,108,43,True
3f9c56764fabca627406093dcb3ef0b4,2018-01-22 09:47:40,2018-04-24 18:02:40,7,909.3000000000001,4.714285714285714,126,92,True
3fac58ce0ad699020c7944d53c41329c,2018-05-31 13:16:15,2018-08-20 22:29:55,10,1244.95,4.5625,8,81,False
3fadb4cba4c35bce6a7eaf9872d5623a,2017-04-07 20:18:18,2017-05-31 22:12:33,3,209.5,3.2,454,54,True
3faf68a3b0af94b10bac70d86077be49,2017-02-04 22:19:45,2017-05-02 06:29:43,7,1322.93,4.571428571428571,484,86,True
3fd1e727ba94cfe122d165e176ce7967,2017-12-01 22:57:13,2018-04-04 08:20:22,35,2747.4,3.9722222222222223,147,123,True
3fe7120d6257285ac6a3ce7cb071ccec,2018-01-05 09:35:30,2018-01-10 14:04:29,2,199.98,3.5,231,5,True
3fefda3299e6dfaea3466ef346a3571a,2017-08-11 10:15:22,2017-08-11 10:15:22,1,209.0,4.0,383,0,True
4003520d80d0bad1d5623f7aa3c63cda,2017-09-26 20:50:49,2017-09-26 20:50:49,1,70.0,1.0,336,0,True
402916f742e5c740cc751493d9cf5053,2018-08-05 20:23:26,2018-08-24 09:26:31,9,1252.0,4.7,5,18,False
403aa86912527d730337ffcb0fb096ab,2017-01-30 13:13:59,2017-11-15 14:31:58,11,8959.89,3.727272727272727,287,289,True
4049512728d969bec69f84088b012416,2017-04-23 22:08:43,2018-01-31 23:46:01,7,389.84,5.0,209,283,True
404e1ba01358af4cd63f679b2c4d1fa1,2017-08-21 01:07:46,2018-08-16 12:36:06,8,373.9,5.0,13,360,False
406740ee611378a662d274c7d8c43c4a,2018-03-08 17:10:28,2018-04-13 13:04:33,8,1790.0,4.1,138,35,True
406822777a0b9eb5c50e442dd4cd3ec5,2017-10-30 16:01:24,2018-08-23 00:07:26,44,3548.09,4.282608695652174,6,296,False
4091f77d8c768fc3e81c20761471761d,2018-01-06 14:14:53,2018-08-07 09:12:17,8,1079.0,2.75,22,212,False
40d54b51e962dbe09cabbcfd33298dee,2017-07-08 14:21:09,2018-08-25 14:20:27,30,6785.56,3.903225806451613,4,412,False
40db9e9aa57f7bb151bcda6b0f9bdbb7,2018-02-09 09:48:04,2018-08-17 16:07:20,12,23168.0,2.25,11,189,False
40ec8ab6cdafbcc4f544da38c67da39a,2018-08-01 22:00:33,2018-08-10 13:24:35,2,117.8,5.0,19,8,False
411f3b52d857390502ee4e4d5ceabc2d,2018-04-09 18:48:29,2018-08-22 01:27:49,21,1804.01,4.0,7,134,False
4125d9385a25e82d2f72d3a0fd55bc3f,2018-08-01 16:28:34,2018-08-01 16:28:34,1,42.9,5.0,27,0,False
412a4720f3e9431b4afa1476a1acddbe,2017-09-10 21:12:43,2018-08-13 21:49:33,21,2058.1,4.2727272727272725,15,337,False
4170f6a9367e6b5d6401d03ce6d54569,2017-10-20 16:51:47,2017-12-20 00:40:45,4,568.78,4.2,252,60,True
417a1e6c7321084d2a0ae0d023cfad93,2018-01-31 12:13:17,2018-01-31 12:13:17,1,48.9,5.0,210,0,True
41958cbd3335433c8740300e8cd600d5,2018-06-04 19:22:19,2018-06-04 19:22:19,1,32.99,5.0,85,0,False
41ab63a91b8b264e8c8780368bf1dd5b,2017-10-05 23:06:13,2018-07-12 09:28:43,12,2571.95,4.230769230769231,48,279,False
41b14765bd56c8ad10971074380f9c0c,2018-03-20 14:33:00,2018-07-29 00:48:48,8,395.5,4.1,31,130,False
41b39e28db005d9731d9d485a83b4c38,2017-01-19 15:21:44,2018-08-20 14:19:56,187,16741.05,4.226086956521739,9,577,False
41b86b552e54e3a7009596125aa8b167,2017-03-20 18:47:14,2017-04-09 19:12:02,10,1595.3,4.363636363636363,506,20,True
41c2bad7229b0c25e6becf179ebf63ff,2017-11-27 23:23:49,2018-07-20 21:11:30,20,782.0,4.956521739130435,39,234,False
41c9d3997dd3c072c31139dc5bb5761f,2017-01-27 12:31:05,2017-03-05 14:28:33,3,998.8,4.333333333333333,542,37,True
41da412d33e8da4f22baf55cb1bde82c,2018-01-24 19:13:01,2018-06-20 08:46:31,15,862.9,4.714285714285714,70,146,False
41e0fa5761c886a630994a55c12087e7,2018-04-03 16:31:37,2018-06-14 20:24:49,5,423.6,5.0,75,72,False
4200ddf1967c5e41e48db62bc6d4b5ac,2017-08-20 19:18:04,2018-04-18 14:22:18,22,734.8,3.9523809523809526,133,240,True
4221a7df464f1fe2955934e30ff3a5a1,2018-06-27 20:35:02,2018-08-13 12:29:00,5,849.5,4.8,16,46,False
422be4cc81a457fdb46f47edeb968ae5,2017-01-26 16:20:32,2017-01-26 16:20:32,1,239.9,5.0,579,0,True
427165bf50f8ca07efc7bdc2bfcf1688,2018-04-05 22:19:06,2018-04-26 18:02:59,5,1603.5,3.2,124,20,True
42b6488f5b8246d9141712abd4b1b693,2018-04-12 20:51:03,2018-08-14 19:10:40,2,247.99,4.0,14,123,False
42b729f859728f5079499127a9c2ef37,2018-01-09 22:55:44,2018-08-23 13:23:25,103,4096.96,4.343511450381679,6,225,False
42bde9fef835393bb8a8849cb6b7f245,2017-07-06 20:25:32,2018-08-19 18:19:11,34,7574.0,4.282051282051282,9,408,False
42d4b7e70819438f5ada61c965e92d7e,2018-03-20 14:07:40,2018-03-20 14:07:40,1,49.6,1.0,162,0,True
42ef3192a9ff87a22d1867b74b3ee205,2018-01-02 22:14:43,2018-08-02 19:25:36,23,1354.0900000000001,4.6521739130434785,26,211,False
42fa4ee7240e9b8eb4576358ec142ba7,2018-02-04 10:58:23,2018-07-09 11:28:58,22,3845.7,4.7272727272727275,51,155,False
42fb44130ac3134cde8e35cf8ec7df25,2017-03-22 11:40:21,2017-03-23 16:19:43,2,43.8,5.0,523,1,True
430315b7bb4b6e4b3c978f9dfa9b0558,2018-01-09 23:49:14,2018-08-06 10:23:00,19,2864.4,4.0,23,208,False
4305fe92735c8a43d154ff6dd2b8d927,2017-07-26 17:16:18,2018-08-25 20:26:35,17,2606.1,4.105263157894737,3,395,False
431050a06a317f2b38168dec3dcd2b46,2018-04-28 23:02:40,2018-07-31 14:01:47,10,1370.0,4.5,29,93,False
431af27f296bc6519d890aa5a05fdb11,2017-04-26 18:11:15,2018-07-31 18:46:13,116,13014.5,3.784,28,461,False
4324dd16853115efb0fd9d0d131ba6f4,2017-05-31 08:51:45,2018-03-06 11:51:44,12,1052.25,4.277777777777778,176,279,True
432c37c9dfba871172ec162e20118b8c,2017-03-02 14:06:01,2018-04-12 22:26:18,44,2679.87,4.290909090909091,138,406,True
432c67955c0acd1fd6b0b5d678766a71,2016-10-08 18:39:08,2016-10-08 18:39:08,1,389.0,5.0,689,0,True
43402bdf22aa2310e8f99e2f94f78628,2018-05-14 18:13:58,2018-06-28 00:15:39,4,649.95,2.8,62,44,False
4342d4b2ba6b161468c63a7e7cfce593,2018-05-19 23:44:09,2018-07-25 11:21:39,2,528.9,1.0,35,66,False
436bf27f2f18474fc6047702e9f8a866,2017-01-18 12:51:23,2017-01-18 12:51:23,1,29.9,5.0,588,0,True
4371b634e0efc0e22b09b52907d9d469,2017-06-16 13:58:31,2018-08-13 18:15:19,101,8168.0,4.405405405405405,15,423,False
43753b27d77860f1654aa72e251a7878,2017-09-08 12:12:48,2017-09-08 12:12:48,1,23.9,5.0,355,0,True
4391ea5c5990502176a1dcda44a2373d,2017-10-15 19:48:23,2018-05-16 10:02:45,3,2349.0,4.8,105,212,True
439a47cc365d6e3bd526812ea9de3c29,2017-08-21 15:37:43,2018-07-05 01:16:37,8,1186.5,4.0,55,317,False
43a1d4bab73b816e44ef4e4facd9f9b5,2017-02-20 16:17:04,2017-02-20 16:17:04,1,189.9,4.0,554,0,True
43a5d4a57af536fddc96d08be3afdfcb,2017-06-14 20:17:04,2017-06-14 20:17:04,1,75.0,1.0,440,0,True
43b2c864251aa0ce4030c746984e088a,2018-07-28 15:35:20,2018-08-23 12:49:42,2,94.8,3.0,6,25,False
43f8c9950d11ecd03a0304a49e010da6,2017-07-27 10:31:56,2018-05-29 19:22:17,41,4249.59,4.560975609756097,91,306,True
44073f8b7e41514de3b7815dd0237f4f,2017-02-22 23:49:42,2018-08-08 18:12:16,142,18380.64,3.7417218543046356,20,531,False
440dd6ab244315c632130ecfb63827b1,2016-10-04 13:16:57,2018-08-04 14:55:00,91,13089.0,3.891304347826087,25,669,False
443d880f15cbd3572885e1d44bf2c478,2017-07-21 09:28:29,2017-07-21 09:28:29,1,94.8,2.0,404,0,True
4450bd8327d471c4a11a83d1445b1b62,2017-04-11 06:33:17,2017-04-11 06:33:17,1,199.0,5.0,505,0,True
446cc09cdbb130904da114e807dbec40,2018-03-06 12:22:00,2018-06-04 00:18:20,3,252.8,4.666666666666667,86,89,False
44717f64ec2a457979cf83c429077666,2018-08-01 00:48:09,2018-08-18 22:35:00,2,107.0,5.0,10,17,False
447d377bdb757058acb569025ee18a93,2018-02-02 18:46:41,2018-02-02 18:46:41,1,64.99,5.0,207,0,True
44ed138eca6214d572ce1d813fb0049b,2018-08-08 00:43:30,2018-08-21 09:31:11,2,129.79,4.666666666666667,8,13,False
44f091b5abab8018f682fce8124b85e5,2017-09-11 07:12:41,2017-11-13 11:16:06,3,354.4,3.6666666666666665,289,63,True
45213867cefbf2cd4c6177e10216a951,2017-01-27 18:16:50,2017-10-11 11:41:40,14,4955.42,3.857142857142857,322,256,True
4559697a8f7e637227c2eeaed843baff,2017-02-14 16:20:34,2018-06-27 12:45:26,39,3626.1000000000004,4.219512195121951,63,497,False
455befea1bb853c75ccbca94cff26e5c,2018-06-07 08:36:30,2018-06-07 08:36:30,1,19.99,3.0,83,0,False
455c5640e8c5bd1b2ee85c0158f85727,2018-02-15 13:43:21,2018-05-14 23:49:10,8,6729.5,4.5,106,88,True
455f46ef09a9e45667e2981df84b5cc2,2018-08-07 21:26:48,2018-08-07 21:26:48,1,29.9,4.0,21,0,False
457fe919b032a3f7dadba6fb92cf7855,2018-05-02 18:19:06,2018-08-06 14:48:29,9,1104.89,4.833333333333333,23,95,False
458c6fa920810ce2492da71bc26d9eec,2017-12-12 12:05:08,2017-12-21 15:09:09,2,756.76,2.5,250,9,True
458d868c9642f55f18f04e951a3fdde6,2017-05-31 18:30:10,2017-08-01 10:25:49,2,2718.0,5.0,393,61,True
45a3d05fb00435e52a28859dd03703b3,2017-02-03 18:08:16,2017-02-03 18:08:16,1,1299.0,5.0,571,0,True
45ba18c210d42734ec52c0c1c574e9ee,2018-04-03 00:54:42,2018-08-23 19:03:09,35,5099.44,4.052631578947368,5,142,False
45c20d94d9171b0bcfab3c955e47d67b,2017-05-05 13:35:44,2017-08-30 17:53:35,4,129.46,4.5,363,117,True
45d33f715e24d15a6ccf5c17b3a23e3c,2016-10-03 21:13:36,2018-08-17 08:06:17,56,4518.49,4.172413793103448,12,682,False
461ff5303b6c9c1a4a07f40c5aece516,2018-02-23 11:35:10,2018-07-14 19:34:45,3,102.69999999999999,3.6666666666666665,45,141,False
466222e777149751370e7e98fb623b0c,2018-08-06 23:14:27,2018-08-06 23:14:27,1,87.9,5.0,22,0,False
4677a5437afda5fa7140b927b07be1cc,2018-04-13 16:52:01,2018-08-09 14:20:29,11,3415.7,4.363636363636363,20,117,False
46dc3b2cc0980fb8ec44634e21d2718e,2016-10-04 21:25:32,2018-08-17 22:29:33,503,122811.38,4.233269598470363,11,682,False
46ef1a25845fc051c2998d878354810c,2017-09-13 22:26:26,2018-08-17 21:23:04,5,250.41,4.4,11,337,False
4736e9d642ef4257cd7622516931eb51,2017-11-16 15:50:27,2018-08-25 17:37:28,16,1108.86,4.190476190476191,3,282,False
47648caee88ccfe951fbb27fbf7b4cbe,2018-04-03 09:43:42,2018-05-21 19:01:41,3,1564.99,3.6666666666666665,99,48,True
478bfe564db21eeb44386606aa30b650,2017-10-08 20:24:03,2017-12-27 19:51:59,3,182.70000000000002,4.666666666666667,244,79,True
47efca563408aae19bb7206c2d969ea9,2018-01-05 08:26:03,2018-08-23 20:49:24,11,2383.0,4.363636363636363,5,230,False
47f55702f598c7c6cc8458b0fbc1c49a,2017-09-15 09:57:51,2017-09-15 09:57:51,1,75.0,5.0,348,0,True
48162d548f5b1b11b9d29d1e01f75a61,2017-01-26 11:09:00,2018-08-17 12:16:27,66,20109.39,3.8202247191011236,12,568,False
4830e40640734fc1c52cd21127c341d4,2017-07-25 17:24:33,2018-08-27 17:32:01,204,9550.48,4.191588785046729,1,398,False
48328ec9a579151d9cc6a86d4a59336c,2017-09-19 14:23:31,2017-09-19 14:23:31,1,1099.0,2.0,344,0,True
483ca627d131e18f988349b1655c0acd,2018-03-27 16:37:34,2018-03-27 16:37:34,1,264.0,5.0,154,0,True
48436dade18ac8b2bce089ec2a041202,2017-03-15 09:19:06,2018-08-18 21:19:10,134,11821.11,4.129251700680272,10,521,False
485452467ff670447e84a8370c3fc898,2018-02-02 14:32:10,2018-03-01 22:20:35,3,175.70000000000002,4.666666666666667,180,27,True
4867209cb29b56b92893d7bde3ce8012,2018-06-16 16:05:44,2018-06-16 16:05:44,1,150.0,4.0,73,0,False
4869f7a5dfa277a7dca6462dcf3b52b2,2017-03-14 10:20:54,2018-08-24 19:42:51,1124,226987.93,4.128919860627177,4,528,False
48985c61529077fa4f1e38bcff0f2ed3,2017-01-31 08:37:02,2017-08-01 13:29:51,7,879.3000000000001,4.428571428571429,393,182,True
48b6c3f4c6a93171da04b75313f2130f,2018-03-09 18:08:44,2018-04-25 12:58:56,2,290.26,5.0,126,46,True
48bad451945f5227341793478d6353ea,2017-02-16 19:36:07,2017-12-26 12:19:08,3,307.0,4.0,246,312,True
48e5ee06fb2dc74df1c711a9b6dfac2a,2018-02-03 13:49:34,2018-02-03 13:49:34,1,57.0,5.0,207,0,True
48e954b2da4f6a750c844173b347ed40,2018-04-09 21:04:43,2018-05-07 14:28:20,2,397.79999999999995,4.166666666666667,114,27,True
48efc9d94a9834137efd9ea76b065a38,2016-12-23 23:16:47,2017-01-26 10:00:37,33,345.6,5.0,580,33,True
48fb026ed7455a42f5d3e9390ed5088e,2017-05-24 12:42:59,2017-08-27 23:02:04,9,489.73,2.888888888888889,366,95,True
49067458c68f7701fd334ce326accbe0,2017-09-27 16:49:41,2018-08-17 20:47:06,17,1077.1,3.3684210526315788,11,324,False
4917cee8d902e13428c3ec4b1ca6f315,2017-05-21 10:32:54,2018-08-17 01:48:47,31,5103.9,4.161290322580645,12,452,False
491a5ada3aa1678414e990262c4bbdc1,2017-04-05 09:55:00,2017-04-05 09:55:00,1,1420.0,5.0,511,0,True
49383af7ab774e4e8f3000f49c83dc4b,2018-04-27 19:48:04,2018-08-20 23:18:27,8,660.0,4.583333333333333,8,115,False
4965a7002cca77301c82d3f91b82e1a9,2018-04-21 09:36:56,2018-04-21 09:36:56,1,8.49,5.0,130,0,True
497709c2976a8fa308730a2dec5b0726,2018-07-19 19:22:05,2018-07-19 19:22:05,1,76.0,5.0,40,0,False
4978a02ea9c8be7a9b5480680f40334e,2018-03-21 14:03:09,2018-08-05 11:58:34,18,2356.61,3.5789473684210527,24,136,False
499185655c29ecfdbfe776ef7cf875b5,2018-06-02 13:29:22,2018-06-02 13:29:22,1,89.0,4.0,88,0,False
4992e76a42cb3aad7a7047e0d3d7e729,2017-05-12 14:58:01,2018-08-13 20:53:44,56,2171.2,3.8767123287671232,15,458,False
499ec63c58e51296c9cf57edcfe1c8a8,2018-04-11 16:15:39,2018-06-03 19:20:42,5,365.0,4.8,86,53,False
49cdc90518a4f82676b38b3c1aa43ff6,2018-06-11 11:10:56,2018-08-28 17:39:38,5,1539.5,3.8,0,78,False
49e7217cfe4e427191c378ec626d8737,2017-05-20 15:56:32,2018-05-27 20:45:09,12,2868.8,4.153846153846154,93,372,True
49f8d2ea7b718d0ce587d34207caf2b4,2018-08-23 20:34:07,2018-08-23 20:34:07,1,149.9,5.0,5,0,False
4a1917ef994878940e1fb03eeb787ad7,2018-06-19 16:41:53,2018-07-26 10:31:00,2,768.0,2.6666666666666665,34,36,False
4a1f694197d05fe70026b016a7316b41,2018-02-17 01:22:20,2018-08-12 20:10:32,14,907.77,4.391304347826087,16,176,False
4a23adac87cf538689fa600d976f78b2,2018-08-18 11:49:40,2018-08-22 13:02:19,3,405.0,4.333333333333333,7,4,False
4a3ca9315b744ce9f8e9374361493884,2017-01-08 09:35:14,2018-08-27 10:46:11,1772,199408.32,3.80466768138001,2,596,False
4a3ccda38b2129705f3fb522db62ca31,2017-09-13 15:07:45,2018-08-19 14:51:36,64,16730.99,3.810810810810811,10,339,False
4a5b36211b1f51bf7eaa5c10a57fa483,2018-08-05 21:20:52,2018-08-05 21:20:52,1,139.19,5.0,23,0,False
4a82168aaef173cbb6e46ae88728f919,2018-07-13 15:26:30,2018-08-07 13:32:25,4,512.0,4.0,22,24,False
4a82c4af97ffc0fb2dc26bfdc03b1842,2017-05-30 19:12:37,2017-08-15 14:31:33,3,143.7,5.0,379,76,True
4aba391bc3b88717ce08eb11e44937b2,2017-02-02 01:00:37,2018-08-04 10:49:08,27,7286.88,4.0,25,548,False
4aba6a02a788d3ec81c03137144d9a80,2018-01-16 14:09:55,2018-01-16 14:09:55,1,89.9,5.0,225,0,True
4b0fdb526525f9890eb145bf1534640e,2018-02-25 15:14:28,2018-08-22 15:53:04,18,2419.0,3.95,6,178,False
4b1eaadf791bdbbad8c4a35b65236d52,2016-10-04 09:16:33,2017-03-18 16:32:13,5,960.0899999999999,2.6,528,165,True
4b39558c138930b9e5489c93b6df5fe3,2017-11-15 00:16:15,2018-01-14 16:43:17,4,1096.7,4.6,226,60,True
4b5f66b7adcf57f1ecc0d3c07dd6b177,2017-03-21 16:03:34,2018-07-25 16:11:44,23,6381.78,4.105263157894737,34,491,False
4b90495391ac0bd181a80a459df1e718,2016-10-05 22:24:40,2016-10-05 22:24:40,1,248.0,4.0,692,0,True
4b9750c8ad28220fe6702d4ecb7c898f,2017-10-12 12:42:46,2018-08-27 12:11:07,217,15815.4,4.352941176470588,2,318,False
4b98b0428fc1932cc2514ef9ce2505e6,2017-09-11 11:28:21,2017-11-16 17:01:40,2,465.51,2.3333333333333335,285,66,True
4ba52dfeba874da5b9ee7b17c7494f04,2017-07-31 15:18:44,2017-10-23 18:48:32,11,1463.0,4.363636363636363,309,84,True
4bcec44888b30ba9001234c534716d3f,2018-01-06 11:57:52,2018-07-18 15:22:25,5,146.0,4.6,41,193,False
4bde6149c15cf7e177b36fa060dd6de8,2016-10-07 11:33:35,2016-10-10 11:22:36,2,159.8,5.0,688,2,True
4be6b962d83299498bae2190f95d6566,2018-03-07 16:53:53,2018-08-12 16:08:03,11,508.8,3.9166666666666665,16,157,False
4be9ae93c4fc0f41713d71a4194ee1b3,2018-08-17 17:26:08,2018-08-17 17:26:08,1,109.9,5.0,11,0,False
4bf2f4ee540798a61f9636d12cd9cc80,2017-03-29 10:31:33,2018-08-09 09:12:58,29,4995.56,4.166666666666667,20,497,False
4bf658053d453036c70976bccb2c31b2,2017-04-15 12:11:01,2017-05-18 12:26:29,2,1742.99,4.5,468,33,True
4bfc7a4a1cf8d4d2121c27422d9e50b5,2018-03-25 20:34:15,2018-08-22 19:14:34,26,8124.4,4.225,6,149,False
4c03b9dd4c11ee2cb35c96c49efc9420,2017-05-04 08:41:54,2017-10-06 19:35:38,48,6458.6,4.0625,326,155,True
4c18691b6037662be2df78a765d98ab5,2018-02-25 18:55:59,2018-08-28 10:57:13,63,3195.52,3.8358208955223883,1,183,False
4c1c7281388a33dd06daac44f9fadbd1,2018-04-04 09:12:02,2018-06-20 19:31:47,5,188.32,4.8,69,77,False
4c2b230173bb36f9b240f2b8ac11786e,2017-02-14 14:24:24,2018-08-20 21:37:48,258,14520.47,3.73546511627907,8,552,False
4c498c7345e89aebad651544829beca0,2017-12-02 18:06:27,2018-08-16 10:32:24,47,4570.27,4.276595744680851,13,256,False
4c4d546adf3c3868fe19c9ec6e9ffda9,2018-06-07 09:19:48,2018-08-16 15:54:42,2,111.69999999999999,3.6666666666666665,12,70,False
4c60877808f4318ef1107fbeb8f89afa,2017-12-01 18:40:44,2018-01-16 14:33:54,2,118.0,4.0,225,45,True
4c61e37f664c3c88aff092aa5ac779d7,2018-03-10 18:18:20,2018-04-17 11:12:01,7,788.31,3.25,134,37,True
4c8545742faaf58fafd5fd14d25d75cf,2018-03-15 22:07:54,2018-05-19 18:08:37,4,3020.0,4.5,101,64,True
4c8b8048e33af2bf94f2eb547746a916,2017-08-22 16:50:10,2018-08-24 21:17:00,19,1882.45,3.4782608695652173,4,367,False
4cc43a222a0f94910728b62b97a8c5f8,2018-01-31 14:13:06,2018-01-31 14:13:06,1,108.5,3.0,210,0,True
4cc4fd4fdd406a85bbdc1f824b731bd7,2018-02-26 12:08:58,2018-02-26 12:08:58,1,539.98,5.0,184,0,True
4ce8b55b4bfa4659184e7becc1fba3f2,2018-04-23 13:47:32,2018-04-29 19:19:56,2,199.0,3.0,121,6,True
4cf490a58259286ada5ba8525ba9e84a,2017-03-14 13:06:10,2017-11-23 12:17:53,7,1075.3,3.4285714285714284,279,253,True
4d0041cdbe51b4617d95c70b19decc74,2018-05-10 21:50:13,2018-07-31 09:52:59,8,5235.200000000001,4.5,29,81,False
4d232b78ab7ef10393dc3807d827bc0d,2018-07-22 14:07:35,2018-08-15 20:14:22,5,1475.0,4.4,13,24,False
4d600e08ecbe08258c79e536c5a42fee,2016-10-06 07:53:10,2017-03-15 19:08:27,7,3816.17,4.428571428571429,531,160,True
4d6d651bd7684af3fffabd5f08d12e5a,2017-04-25 11:30:33,2018-08-23 17:09:58,363,43317.9,4.19693094629156,5,485,False
4d9fea3499bdc22aa4da4e339365f215,2018-02-17 16:39:44,2018-07-04 16:17:34,2,192.54000000000002,5.0,55,136,False
4da0e408c99d2fdc2126dc9fce518060,2017-01-14 15:42:20,2018-08-13 18:42:05,44,3344.4,4.5,15,576,False
4dab98ca6cd6d3df586203cefd28a042,2018-03-05 13:28:54,2018-03-05 13:28:54,1,154.9,5.0,177,0,True
4dbd95a08b31ede5c82d3f861cb1ce1a,2017-05-21 11:56:58,2017-11-13 14:13:52,4,370.78000000000003,4.75,289,176,True
4dc2e811a1760953cb7c6a590b498943,2018-08-20 22:32:41,2018-08-20 22:32:41,1,175.0,5.0,8,0,False
4dc646b9b9e8e411ef48ba000ea3ac6f,2018-02-03 18:28:57,2018-08-16 16:49:11,4,289.7,2.4,12,193,False
4ddeb3e828550cddc8d45c8bc36ab2d1,2017-03-15 12:19:23,2017-03-15 12:19:23,1,152.0,5.0,532,0,True
4de6e4ba574aa9dfdc824bc44dc47fdd,2018-01-09 06:37:43,2018-07-05 10:50:12,14,451.1,4.071428571428571,55,177,False
4deebb3199eeafb282ae33229144f94b,2018-01-14 18:19:35,2018-07-28 13:14:25,4,779.7,3.4,32,194,False
4e06067cc08b3f41d837768d392c3ee3,2017-07-16 15:27:12,2018-08-04 19:38:07,31,941.72,4.173913043478261,24,384,False
4e0d109ccfba9a1151c103049880c857,2017-11-24 02:25:07,2018-05-31 17:29:44,2,279.89,3.0,89,188,False
4e17c65a516f69d023a2ae78b84f28d6,2017-03-13 23:46:04,2018-08-26 19:22:51,61,7639.26,4.081081081081081,2,530,False
4e2627090e6e5b9fabba883a37897683,2018-02-26 21:40:14,2018-02-26 21:40:14,1,39.9,1.0,183,0,True
4e326052e5dbba8adcd512f3450a307e,2018-01-31 16:24:50,2018-02-25 11:56:11,3,570.0,1.6666666666666667,185,24,True
4e42581f08e8cfc7c090f930bac4552a,2017-11-24 18:11:33,2017-11-24 18:11:33,1,98.0,1.0,277,0,True
4e480be820e37de1444325ff358c9296,2018-07-11 20:01:00,2018-07-11 20:01:00,1,430.3,5.0,48,0,False
4e5725ba188db8252977a4f0227bd462,2018-02-20 18:27:39,2018-05-25 23:56:57,21,1865.09,3.5416666666666665,95,94,True
4e6015589b781adaa5ce7f1892d06bb1,2017-10-12 19:42:09,2018-01-24 11:06:18,3,684.0,3.6666666666666665,217,103,True
4e7c18b98d84e05cbae3ff0ff03846c2,2017-02-04 20:09:10,2018-07-12 16:53:30,81,9445.9,4.166666666666667,47,522,False
4e85b538b0dad58852641540686d0e14,2017-07-27 08:45:34,2018-06-25 14:34:45,4,361.97999999999996,3.75,65,333,False
4e8dacf3d38f281ae26c3e0321d92d88,2017-01-27 14:59:18,2017-03-14 21:20:04,8,2055.46,2.888888888888889,532,46,True
4e922959ae960d389249c378d1c939f5,2016-10-10 17:49:21,2018-08-28 19:44:25,412,45338.42,3.896860986547085,0,687,False
4e92348462c75b6c842b994ce84a0ed4,2018-07-03 22:20:41,2018-07-03 22:20:41,1,69.9,5.0,56,0,False
4ea2f12dbe91deeacd2c1e74f069a6e6,2017-09-05 21:20:12,2018-04-08 23:24:30,4,210.2,4.833333333333333,142,215,True
4eb61f060e7dcc1d5a80d806c35cc541,2018-03-23 13:10:56,2018-08-23 00:46:54,8,1313.0,3.875,6,152,False
4ebdc7e6cd6102a022dadc49156d4ea8,2017-02-22 10:39:37,2018-07-19 19:38:57,29,951.6,3.787878787878788,40,512,False
4eeb99008a0f59d2c7759c59f9a346eb,2018-04-23 10:39:30,2018-06-18 14:07:12,2,1282.0,4.5,72,56,False
4ef4c39cf3c24f326434cf0b2e48046a,2018-01-18 19:22:23,2018-08-23 09:53:04,7,792.0,3.875,6,216,False
4f0d637c1197fd65405ebd755ac9f86b,2018-05-30 21:48:24,2018-06-20 20:30:31,2,199.8,5.0,69,20,False
4f1f1c8666cdb6442f775c4e8caed465,2018-07-25 22:39:01,2018-08-01 14:04:51,2,944.98,5.0,28,6,False
4fae87d32467e18eb46e4a76a0a0b9ce,2018-08-17 21:45:54,2018-08-17 21:45:54,1,100.9,5.0,11,0,False
4fb41dff7c50136976d1a5cf004a42e2,2017-11-27 20:01:56,2018-02-02 21:38:36,3,1230.0,4.0,207,67,True
4fe2f67634d00c021aa01f96b6f2d68e,2018-08-11 19:27:59,2018-08-16 20:58:56,2,86.8,5.0,12,5,False
5011f0d93373a4c5753adf58ca77af8d,2017-08-16 11:32:22,2018-05-14 14:34:52,11,859.5200000000001,3.6666666666666665,107,271,True
503c1de08ae81a2d86f17951b204db55,2017-06-28 15:23:34,2018-07-26 09:26:38,22,4906.99,4.409090909090909,34,392,False
5058e8c1e82653974541e83690655b4a,2017-10-16 17:57:03,2018-08-03 18:54:39,62,9812.83,3.0259740259740258,25,291,False
5075aaa8404020ae6aa8bf4792099b41,2017-03-16 10:22:52,2018-01-13 19:23:28,10,1572.88,4.133333333333334,227,303,True
50770d25768b0486d89be26afca3108f,2017-12-12 19:09:19,2018-07-18 12:16:33,6,171.76999999999998,4.0,42,217,False
508808d438fe2ff972ed13bb8f4a82e2,2018-08-04 21:13:47,2018-08-27 22:34:17,9,234.84,4.6,1,23,False
50a7e551a7b3f8d37cd6e32d8bfbe5ea,2018-07-24 22:15:53,2018-07-24 22:15:53,1,140.0,5.0,35,0,False
50bf89f1349bc0409a268c3a49678009,2018-07-02 00:11:34,2018-07-02 00:11:34,1,179.9,5.0,58,0,False
50c9975695009e5e6473912e83a6d1da,2017-02-05 15:53:52,2018-07-23 17:14:32,50,3964.4,3.9411764705882355,36,533,False
51209b446b2073894bdc0face6c73ffc,2018-06-13 17:05:52,2018-07-19 11:52:13,2,359.6,2.5,41,35,False
512d298ac2a96d1931b6bd30aa21f61d,2018-01-17 09:54:55,2018-08-17 17:25:51,11,7401.94,4.25,11,212,False
513a54369b6a8a6602fcb0e129c6d78d,2018-08-18 00:16:00,2018-08-26 12:06:17,2,47.8,4.5,3,8,False
5145090ab595c0d0b8557199f5701fbf,2018-03-15 16:04:46,2018-06-09 21:53:29,4,1459.6,4.25,80,86,False
5151aea44289d6c6b090ee31c2132508,2017-02-17 15:29:41,2017-02-20 13:50:49,7,1315.3,1.7142857142857142,555,2,True
515d781150feed28a6ac091bb0e3cb8c,2016-10-07 21:50:26,2017-05-11 15:19:44,6,1002.35,4.166666666666667,474,215,True
5160d23075764e18e07c1f4a87fad743,2017-08-14 18:37:59,2017-12-05 09:35:38,33,2359.0,4.447368421052632,267,112,True
516e7738bd8f735ac19a010ee5450d8d,2018-05-11 18:34:36,2018-08-24 19:51:08,74,6463.19,4.609756097560975,4,105,False
51702dc2a3e106c76dbff722b5bf0726,2017-02-23 23:49:22,2018-04-29 12:20:23,13,2705.1,4.357142857142857,122,429,True
5194c22ed1f616ec0c0f33c571542879,2018-06-21 13:37:25,2018-08-05 15:48:29,4,245.6,4.25,23,45,False
519a7aa428f18d125a283cf8c014fdd6,2018-07-07 16:56:54,2018-07-30 21:54:00,3,79.69999999999999,4.0,29,23,False
51a04a8a6bdcb23deccc82b0b80742cf,2017-11-14 12:04:09,2017-11-14 12:04:09,1,167.99,1.0,288,0,True
51e0557bc7b86de13e946c60ee91ce39,2017-05-14 01:23:01,2017-05-14 01:23:01,1,45.8,5.0,472,0,True
51e4e89242cbb846c2deff3dc015650e,2018-04-04 16:32:31,2018-08-20 17:16:49,16,822.5799999999999,4.625,8,138,False
51ed72984a04e5dd35c2b27e77179038,2017-11-11 19:29:52,2018-04-21 18:38:11,7,1294.3,3.5714285714285716,129,160,True
51f108f62cb87d61918159902c8f8583,2018-07-24 12:22:38,2018-08-19 08:24:27,3,303.73,4.333333333333333,10,25,False
52092ddbd3a58c450a4459bf051b2287,2017-11-11 11:22:49,2018-03-27 15:40:33,6,351.7,4.333333333333333,154,136,True
520b493b57809f446cb0a233bb3e25c7,2017-03-10 20:04:32,2017-12-19 11:08:36,63,3713.9,4.378378378378378,253,283,True
522620dcb18a6b31cd7bdf73665113a9,2016-10-03 09:44:50,2018-08-04 22:58:06,172,56690.49,3.8764044943820224,24,670,False
5236605f4d4b0b3e4df85b850393fca0,2017-08-09 13:04:46,2018-08-04 18:22:26,5,265.3,4.8,24,360,False
52454f90d4c30c016768db02f88c1a74,2018-05-14 21:28:52,2018-07-13 14:38:35,3,80.5,3.6,47,59,False
52562a9f449c3dc3d53f5f5b9ed74903,2017-04-27 22:05:13,2018-04-14 14:59:46,14,3266.6,4.785714285714286,137,351,True
525e75a6fb1454a2325ab1734bcec221,2017-04-13 10:14:47,2017-10-02 12:47:00,9,607.17,4.0,331,172,True
5275ca25d0358ca73864e0ae41be1320,2018-07-23 09:33:10,2018-08-07 20:21:41,4,409.6,4.75,21,15,False
527801b552d0077ffd170872eb49683b,2017-10-05 20:25:27,2018-08-24 20:22:30,90,17942.8,4.445652173913044,4,322,False
52831e5990d0771cb4951d6f12928167,2018-08-06 16:31:57,2018-08-06 16:31:57,1,65.0,3.0,22,0,False
528bcf6680c36dddf07620bd35b33a6f,2017-06-11 21:57:20,2017-10-17 01:08:50,2,969.98,4.5,316,127,True
528ce32f560edd11add4169f6a5b65be,2017-05-02 10:01:50,2017-07-20 09:58:18,2,59.8,5.0,405,78,True
52956b80ae65fda598f06f6b9943e7a9,2018-05-07 21:04:51,2018-05-31 16:24:49,3,792.0,4.0,89,23,False
52a50b42accf164f9f019941e5759d9b,2018-08-02 19:52:43,2018-08-22 12:32:55,4,139.96,4.75,7,19,False
52a52b9f656520e99716f5bc40f661c8,2018-04-29 18:49:23,2018-07-28 13:11:22,7,783.1,4.125,32,89,False
52ac6f920b7280e4c6d30dd94de6259b,2017-02-28 11:27:39,2018-05-23 08:20:07,6,5657.3,3.2857142857142856,98,448,True
52b53f7061969fe471d119b6195da864,2017-08-28 13:15:21,2017-08-28 13:15:21,1,90.0,5.0,366,0,True
52bb00821bcdd358a5a5a27e1f6be5a1,2018-01-17 20:41:09,2018-04-11 17:20:17,2,349.8,4.5,139,83,True
52d76513f0c4d97f3b99570e2c94ee31,2017-07-14 17:24:44,2018-08-16 14:34:23,19,8153.1,3.5714285714285716,13,397,False
52f0fe436a347ddad7ed5f9aa4e27eaa,2018-01-22 15:54:09,2018-05-18 11:23:17,19,1452.49,3.4761904761904763,103,115,True
52f6f9f13ba19504c02781132a049e75,2017-03-25 09:08:41,2017-03-25 09:08:41,1,398.0,2.0,522,0,True
52f976b17ea7f2f087f56dcc419328f6,2017-10-05 10:28:57,2018-07-23 20:37:29,6,7630.0,3.6666666666666665,36,291,False
52f9db5cfb423382a2fa5c9e39303202,2017-11-06 20:40:57,2018-08-02 16:45:33,21,1218.78,4.318181818181818,26,268,False
5305693ffae2d3463377b1f6fe67b15a,2018-01-02 10:35:07,2018-01-02 10:35:07,1,93.56,5.0,239,0,True
53088c75f948b48a7ece173ac17f0c12,2018-05-22 21:45:29,2018-08-07 17:16:46,3,261.70000000000005,5.0,21,76,False
530ec6109d11eaaf87999465c6afee01,2017-05-24 12:17:36,2018-08-23 15:50:07,94,12682.11,4.316831683168317,5,456,False
53243585a1d6dc2643021fd1853d8905,2017-08-28 18:29:21,2018-08-21 09:52:32,348,217940.44,4.12,8,357,False
53336f97ddbe53e2a617d07b17447b95,2017-10-04 09:13:51,2017-10-04 09:13:51,1,599.5,5.0,329,0,True
533d46c1b06970e99f09523a61df4972,2018-02-01 19:36:03,2018-02-04 18:39:24,2,159.98,4.5,205,2,True
5343d0649eca2a983820bfe93fc4d17e,2017-12-18 19:26:02,2018-07-29 19:42:00,70,9819.02,3.590909090909091,30,223,False
534a01cc6df1e034e05c32028a291fa2,2017-08-16 19:24:28,2017-10-23 11:33:12,5,235.59,4.4,310,67,True
535bf14f36346c7f59d87cece104d70c,2018-08-19 11:28:30,2018-08-19 11:28:30,1,50.0,4.0,10,0,False
537eb890efff034a88679788b647c564,2017-07-17 16:21:05,2018-08-28 21:56:12,158,4647.8,4.180232558139535,0,407,False
538caafddff204241cecbf3a02e6b3cf,2017-05-16 11:42:33,2018-07-12 11:24:13,8,128.4,2.75,48,421,False
539ed9e19811677513447759be5eccfc,2018-06-16 18:52:33,2018-08-26 11:44:34,2,32.83,3.0,3,70,False
53b0300ca793f9834cd69c0678d35ee8,2017-11-18 16:05:19,2018-07-30 12:08:24,5,1662.15,5.0,30,253,False
53d00c40e32aeb924a84ce72b1af869d,2018-01-04 22:09:33,2018-08-04 19:54:42,17,2165.85,4.352941176470588,24,211,False
53e4c6e0f4312d4d2107a8c9cddf45cd,2017-02-21 19:06:14,2018-08-27 17:10:36,463,29750.37,4.081553398058253,1,551,False
54065e9aef7e9e9c2dc23b7594db021a,2017-03-03 17:42:10,2017-07-17 19:40:32,12,7079.0,4.333333333333333,407,136,True
5415337f1863452476d42d9f14a16a61,2018-08-04 18:07:07,2018-08-04 18:07:07,1,44.9,3.0,24,0,False
54219883e72aad869adfb2a54b7bfa0f,2017-11-03 12:26:01,2018-07-10 17:16:33,5,6750.0,3.2,49,249,False
542917da124346b47ea1ac79a93ce454,2017-03-04 16:27:08,2017-08-07 14:14:22,20,1341.9,4.190476190476191,387,155,True
544863df86ed3b78a04e0820d41430ee,2018-07-02 10:21:35,2018-07-02 10:21:35,1,23.9,5.0,58,0,False
54583ab379489add547fe47b628db589,2018-07-23 18:18:54,2018-08-28 15:58:28,10,2240.0,4.8,0,35,False
54965bbe3e4f07ae045b90b0b8541f52,2017-10-18 21:56:13,2018-07-03 18:34:56,73,10351.7,2.9382716049382718,56,257,False
54a1852d1b8f10312c55e906355666ee,2017-01-12 12:01:14,2018-08-21 19:49:42,198,17116.45,4.354679802955665,7,586,False
54aa8463e87776b5612f4bdc4bd5d4de,2016-10-07 10:57:46,2017-02-21 10:53:34,7,649.3,3.857142857142857,554,136,True
54c04bdb5ec46762f8f08c7e8f86ed4a,2018-02-06 15:10:03,2018-08-09 10:00:38,18,3281.66,4.315789473684211,20,183,False
55029529919c0123526150bd26ca8f20,2018-06-13 13:31:02,2018-08-13 15:07:30,7,453.95,4.714285714285714,15,61,False
553a440137d6e0cf776aee0bb83ac9f5,2018-05-11 15:20:39,2018-05-29 14:29:23,2,144.8,1.0,92,17,True
5563732abe64c3036cb97ad924128dd1,2017-06-25 22:59:52,2017-12-20 09:56:32,2,404.0,4.666666666666667,252,177,True
5566627eab3fe93fd6ee08798226101a,2017-04-13 00:27:41,2018-01-22 10:33:42,5,85.5,4.4,219,284,True
556a6409838156ea299c9d1f9e2dde43,2018-06-19 10:11:16,2018-08-11 23:28:46,4,1362.8,3.25,17,53,False
557f22c76691849db52d2abccf0015d0,2017-05-08 13:45:25,2017-09-12 23:58:05,12,799.8699999999999,3.1538461538461537,350,127,True
5587130f9850696ed7fafbc91c2cee44,2018-07-13 17:55:51,2018-08-07 09:25:23,2,69.8,5.0,22,24,False
559d56f3b8f0bc2e5a9a62fe2ce2a39f,2018-08-05 09:19:13,2018-08-05 23:10:33,2,385.0,2.5,23,0,False
55a5b51f93f2b70ea513f5a047b0262a,2017-04-04 16:33:35,2017-10-06 10:36:09,39,4002.2999999999997,4.487804878048781,327,184,True
55bb6fe5bebe5012e2d7d9928e1128ff,2018-01-20 21:20:55,2018-07-30 13:35:11,15,1816.55,3.5625,30,190,False
55c26bcb609f480eb7868594245febb5,2018-04-09 13:11:49,2018-08-09 11:44:40,6,664.4000000000001,4.0,20,121,False
55c96925041a14097b6a7825554f4ad5,2017-03-23 19:12:49,2017-11-10 12:30:18,5,170.0,4.666666666666667,292,231,True
55d3daac7c404d59e51c2aa2f4dc5a23,2017-05-31 07:40:50,2018-08-17 11:17:42,21,4480.6,3.9285714285714284,12,443,False
55dedd83e501d8248880557d9073cbfd,2018-08-10 22:50:14,2018-08-28 19:31:41,8,1055.3,4.888888888888889,0,17,False
55f7a3319d80f7fdf078b8f03e6725fe,2018-07-02 19:54:04,2018-08-22 21:06:11,22,3013.78,3.772727272727273,6,51,False
562f8cfc51f265411f487d07e9c40e7f,2017-10-18 12:20:20,2018-05-07 18:58:49,13,766.9200000000001,4.538461538461538,113,201,True
562fc2f2c2863ab7e79a9e4388a58a14,2018-01-15 18:33:21,2018-08-21 09:42:29,255,8659.25,4.241509433962264,8,217,False
5656537e588803a555b8eb41f07a944b,2017-05-19 13:27:20,2018-08-23 14:56:46,171,7952.15,3.8225806451612905,6,461,False
5659d77e8d90378e39b960ad5956f64e,2017-09-12 18:03:22,2018-03-24 16:46:37,2,182.48000000000002,2.5,157,192,True
56642bcb79900e777d68e91915cb4267,2016-10-10 16:39:37,2018-07-26 12:56:16,48,3657.64,3.767857142857143,34,653,False
5670f4db5b62c43d542e1b2d56b0cf7c,2018-04-23 19:03:35,2018-08-17 11:51:36,22,6630.09,4.409090909090909,12,115,False
56db5c0782e8f7ddc9343f9576ff6d16,2017-01-27 22:01:41,2018-08-07 20:45:25,2,734.8,3.0,21,556,False
56e361f411e38dcef17cdc2a3d99628b,2018-07-02 16:39:17,2018-08-23 14:41:37,5,1298.0,4.5,6,51,False
56f413900b5166ab4d730e9ac0b12cb0,2017-06-28 06:52:27,2017-07-12 18:33:35,3,151.79,4.666666666666667,412,14,True
570d4583587a5fe2d47c7be89b91ad27,2017-06-30 20:48:51,2017-07-05 21:55:49,2,125.25,5.0,419,5,True
5721089ba9214e80074f27d5a03fc0eb,2017-11-02 11:01:12,2018-01-30 15:24:11,5,245.93,5.0,210,89,True
5733d806668f8712c24b9abaefbfa642,2018-01-26 14:21:17,2018-04-26 00:13:51,2,243.8,5.0,125,89,True
5741dc2bf5044c34d0698681c5081bed,2018-05-28 10:54:51,2018-07-16 22:56:18,3,89.69999999999999,5.0,43,49,False
575df70bde3f9f2b30bf8d2e9910d725,2016-10-06 15:19:40,2018-08-14 19:32:48,27,5410.05,4.117647058823529,14,677,False
577719699805dd125d5b6fdde5943bba,2018-04-19 17:28:29,2018-08-21 21:30:35,8,1077.8,4.375,7,124,False
578fa3a9cb6b6dceab39231ad59cdaca,2017-09-16 10:56:48,2018-04-30 22:39:58,3,150.0,3.6666666666666665,120,226,True
5795aebfe331fbcd02a2c4b679fb7952,2018-02-11 15:26:46,2018-08-20 11:59:20,6,1280.0,3.8333333333333335,9,189,False
579891617139df7d8671d373f0669622,2017-06-07 20:09:55,2018-07-02 08:00:35,8,280.3,4.5,58,389,False
57a834594e1e9e9219603bfec184eadc,2018-06-03 14:21:44,2018-06-03 14:21:44,1,139.0,5.0,87,0,False
57c764b4a836300be881e2ff86e449f9,2017-02-02 09:23:41,2018-08-22 17:14:06,28,1156.1000000000001,4.137931034482759,6,566,False
57d2ba47f7a3209aa347532ae75c1165,2018-06-21 22:32:27,2018-07-18 11:23:07,2,318.0,4.0,42,26,False
57df9869a600bd6b7c405f2a862eccfb,2018-04-12 21:38:02,2018-08-14 18:05:19,5,125.0,4.4,14,123,False
57e632711dec9ec14ca7546769483e7e,2017-02-05 23:17:55,2018-08-08 12:17:57,62,6439.96,4.424242424242424,21,548,False
57fe6232e67823593374a2281d7a8af8,2017-03-05 22:11:02,2017-12-01 08:46:08,8,178.68,4.75,271,270,True
582d4f8675b945722eda7c0cb61ba4c7,2017-01-20 12:04:03,2018-08-03 19:21:12,59,4702.96,4.112676056338028,25,560,False
585175ec331ea177fa47199e39a6170a,2017-02-21 18:35:38,2017-02-21 18:35:38,1,3549.0,5.0,553,0,True
586a871d4f1221763fddb6ceefdeb95e,2017-01-26 23:20:31,2017-01-26 23:20:31,1,198.0,1.0,579,0,True
5882820ef11c4c068eea0677a7a879b4,2017-04-04 09:36:12,2018-07-20 10:32:03,14,9925.5,4.0,40,472,False
58c851d1a3c7cd3da329eb59453fed44,2018-08-10 16:25:13,2018-08-21 20:57:32,2,268.99,5.0,7,11,False
58e4b302b54937e55a678c4d15111da4,2017-01-26 11:09:11,2017-01-26 11:09:11,1,49.9,5.0,580,0,True
58f1a6197ed863543e0136bdedb3fce2,2018-05-10 20:49:54,2018-08-18 21:16:18,44,6833.0,4.155555555555556,10,100,False
59417c56835dd8e2e72f91f809cd4092,2017-01-25 20:11:36,2017-10-02 17:32:29,18,36459.0,4.277777777777778,330,249,True
594f9aaa48e5bf431f011ddc5669b0d5,2018-04-26 08:51:45,2018-08-27 23:31:47,37,3248.8,4.578947368421052,1,123,False
5962468f885ea01a1b6a97a218797b0a,2017-07-01 16:58:53,2017-10-18 23:24:26,6,674.0,4.666666666666667,314,109,True
596849622429351f47b32e6cae1055ff,2018-06-07 18:26:24,2018-08-21 20:32:25,13,1069.8,3.8461538461538463,7,75,False
5996cddab893a4652a15592fb58ab8db,2018-07-04 12:08:27,2018-07-04 12:08:27,1,810.0,5.0,56,0,False
59b22a78efb79a4797979612b885db36,2017-07-17 10:29:13,2018-08-24 10:25:51,125,27184.5,3.9473684210526314,5,402,False
59bbc819b99a733f02f0d6b49d1c253d,2018-05-08 20:24:56,2018-06-26 23:09:41,2,139.8,5.0,63,49,False
59cd88080b93f3c18508673122d26169,2017-07-26 16:02:36,2017-12-09 11:52:32,10,392.33,4.75,263,135,True
59cea8e446d3834393058e7e0666b6fb,2018-06-16 16:17:45,2018-08-16 14:23:18,10,696.6,4.6,13,60,False
59de1d4c8c057c2a53acd4ca66531af2,2017-11-10 07:56:18,2017-11-10 07:56:18,1,135.0,5.0,292,0,True
59fb871bf6f4522a87ba567b42dafecf,2016-10-06 10:13:53,2018-04-11 23:34:10,123,21308.59,4.261904761904762,139,552,True
5a05a16bb50629ee31afab8a6d4c2674,2018-03-06 17:45:41,2018-07-02 17:52:02,14,794.3,4.0,57,118,False
5a32c398a06c345440bf2a683b017ad3,2018-03-14 21:29:52,2018-03-14 21:29:52,1,34.9,5.0,167,0,True
5a413ade68e8f8d93071a7f52a64cb9e,2018-08-08 07:11:24,2018-08-29 08:25:34,14,778.9,4.642857142857143,0,21,False
5a4236931428800e9d9cc04af0987118,2018-07-17 15:23:54,2018-07-17 15:23:54,1,44.97,5.0,42,0,False
5a425cc503b39b262a847fd6212bf53b,2018-04-27 23:54:06,2018-08-20 13:56:52,14,1340.6000000000001,4.214285714285714,9,114,False
5a6a02f419701fc8c605af71d4fc57a4,2018-05-14 21:43:39,2018-08-24 23:42:21,10,600.5,4.818181818181818,4,102,False
5a8e7d5003a1f221f9e1d6e411de7c23,2016-10-04 22:03:46,2018-08-24 16:26:08,137,11042.1,4.189944134078212,4,688,False
5a93f3ab0ef4c84ed5e1b5dbf23978bc,2017-05-09 08:38:27,2018-03-03 19:10:32,38,2299.2799999999997,4.813953488372093,178,298,True
5a9b3bcab695173c820e53934574ae80,2018-07-27 16:36:49,2018-07-27 16:36:49,1,139.0,5.0,32,0,False
5a9c0859cb00fd8aa4db443837f0a700,2018-07-09 17:28:54,2018-07-11 19:44:12,2,208.0,4.5,48,2,False
5ab05b6d86d417796c69ffd6774ec832,2017-01-20 21:20:07,2018-08-26 12:38:57,10,1886.1,3.6666666666666665,3,582,False
5abb8ea023c77787f2c15da891c8d384,2017-02-17 17:37:52,2017-12-02 21:01:30,13,2241.0,3.923076923076923,269,288,True
5acd070dd3fe441bbb2ec1f1ede515ee,2017-11-24 16:24:26,2018-02-25 14:01:00,7,764.17,2.75,185,92,True
5b07547f10dd980738a1a27f685af669,2018-08-01 10:27:42,2018-08-24 10:46:25,13,1134.6000000000001,4.5,5,23,False
5b0cc932433fa5184b5b94bfe6bcc256,2018-06-20 15:02:35,2018-08-05 21:34:54,12,1437.8,3.4705882352941178,23,46,False
5b179e9e8cc7ab6fd113a46ca584da81,2016-10-04 09:59:03,2017-09-13 16:51:13,34,5173.5,3.4722222222222223,349,344,True
5b2e94f2c22b39ccc24d34ad0f669672,2018-05-02 14:36:01,2018-08-07 15:10:27,10,949.78,4.9,21,97,False
5b33b527da3c5b969cc99dc435cad09a,2017-01-29 00:31:42,2018-08-11 18:52:49,16,1872.79,4.117647058823529,17,559,False
5b35136197710e16ac5e7b7c2bd4ea85,2017-08-16 12:02:50,2018-03-31 12:04:24,7,3104.2000000000003,2.5555555555555554,151,227,True
5b51032eddd242adc84c38acab88f23d,2017-10-30 15:35:32,2018-06-16 21:40:32,12,3280.0,3.7857142857142856,73,229,False
5b581417df4480f632484ba681e53944,2017-07-19 23:37:44,2018-01-29 19:03:39,11,1641.6,3.5,211,193,True
5b664594895aefb418afaee6d40a9a23,2017-01-15 10:14:31,2018-08-05 15:20:44,16,1008.8,3.6363636363636362,23,567,False
5b67882648febfb6e1225e6ad7164f6b,2017-07-09 18:30:33,2018-08-10 19:41:30,27,6813.4800000000005,4.033333333333333,18,397,False
5b8154610ebb21fb90eb587365e673df,2017-07-10 17:44:35,2018-07-28 17:56:15,37,9048.050000000001,4.175,31,383,False
5b85809efd0d0e4dea1a9544e1280ed9,2018-05-16 23:08:51,2018-08-20 14:02:55,12,1804.6000000000001,4.357142857142857,9,95,False
5b925e1d006e9476d738aa200751b73b,2017-10-06 11:52:25,2018-08-20 18:43:09,63,8315.5,4.606060606060606,8,318,False
5b92bfa4120daa27c574daa2e386c693,2017-02-20 08:30:20,2017-02-20 08:30:20,1,14.0,3.0,555,0,True
5b97c06a046398e7005b2b7c0d707a92,2017-05-31 21:22:31,2017-07-27 12:29:26,3,1139.97,4.0,398,56,True
5bba18b40e8c973b0f32e748004775b0,2016-10-10 13:57:41,2016-10-10 13:57:41,1,739.98,5.0,688,0,True
5bc237df65098fe211bb4818f4d26d78,2017-02-09 13:21:46,2017-09-15 19:24:57,2,126.80000000000001,4.5,347,218,True
5bc24d989e71e93c33e50a7782431b0e,2018-05-02 14:07:29,2018-08-21 18:52:27,17,3148.0,4.352941176470588,7,111,False
5bc55dbe2f12b6af6d83ed46023e0dc8,2018-02-21 10:03:23,2018-08-13 20:22:33,17,2992.1,2.3333333333333335,15,173,False
5bf397d04035b5f45cc41e82ec106803,2018-05-08 22:04:11,2018-07-02 16:45:00,3,1525.0,4.25,57,54,False
5bffbafbb22daf6d3bfc216a46db8708,2017-02-25 14:34:40,2017-06-25 23:06:20,21,5239.7,4.695652173913044,429,120,True
5c030029b5916fed0986310385ec9009,2018-06-13 11:43:43,2018-08-20 14:44:08,7,4164.4,4.9,9,68,False
5c243662ce92d84573bfaff24c3e3700,2017-01-28 23:45:53,2018-02-09 23:05:25,98,33329.020000000004,4.099009900990099,200,376,True
5c3460cd3e8a984382ae254e7dd20d9f,2018-02-23 21:00:11,2018-08-16 15:40:31,9,775.76,4.7,12,173,False
5c6d4016c2a288f074fa0848a2b653d2,2017-09-27 19:12:25,2018-08-20 09:09:53,31,3100.0,4.205882352941177,9,326,False
5c853bb56f70f4d14218944bae111d7a,2017-02-22 17:54:36,2018-08-22 21:25:12,23,263.13,4.041666666666667,6,546,False
5ca5d579b5857ee8709479b1047cecc3,2018-03-22 22:43:50,2018-03-22 22:43:50,1,169.99,1.0,159,0,True
5cbbd5a299cab112b7bf23862255e43e,2017-09-14 22:29:52,2018-08-16 15:45:56,36,2726.06,4.315789473684211,12,335,False
5cf13accae3222c70a9cac40818ae839,2017-01-16 16:41:18,2018-08-23 20:38:24,148,14293.300000000001,4.464516129032258,5,584,False
5cf1ec37aea089f45110c70653a166ab,2017-04-01 11:23:53,2017-12-13 16:58:37,2,35.0,5.0,258,256,True
5d0363b33554b373851fc1622e4d5f3c,2017-11-07 19:31:50,2018-08-21 19:44:49,93,6548.79,4.085106382978723,7,287,False
5d043cd5512d4bd2f88e5ccdd5736c38,2017-03-11 19:12:49,2017-03-11 19:12:49,1,650.0,2.0,535,0,True
5d378b73ab7dd6f0418d743e5dcb0bd1,2017-10-09 12:55:44,2017-11-14 21:07:55,6,11254.0,3.8333333333333335,287,36,True
5d3bb11474a06bdc23fb9e89f1164ee0,2017-07-05 21:58:22,2018-08-13 15:36:49,31,4074.4,3.9393939393939394,15,403,False
5d505d2298ad549e4e4e835562fa0c1e,2017-03-15 14:17:51,2017-04-01 18:01:02,2,249.8,5.0,514,17,True
5d76d80a2f5f39c891b996a1bf4c9853,2018-07-25 13:18:32,2018-08-18 14:48:50,6,1238.5,4.833333333333333,11,24,False
5d9dc90a686a8fddacffab6bab5653a3,2017-10-01 10:11:40,2018-08-15 17:00:49,12,3761.94,4.166666666666667,13,318,False
5d9f3746e112e696f98ea22c56b3e912,2018-07-24 17:36:19,2018-07-24 17:36:19,1,1322.64,5.0,35,0,False
5db42a6cd9bf1bf0d3aab9582767f168,2018-05-05 20:10:05,2018-05-05 20:10:05,1,200.0,5.0,115,0,True
5dc203c7b84a0e71e878a179de05fb9a,2018-05-28 20:43:51,2018-08-07 14:32:23,5,421.9,4.0,22,70,False
5dceca129747e92ff8ef7a997dc4f8ca,2017-01-27 13:37:09,2018-06-25 22:59:03,322,111126.73,4.005830903790088,64,514,False
5de1c80811ce7007f62f00d971236c09,2018-07-03 15:09:35,2018-07-30 20:23:57,2,76.8,5.0,29,27,False
5debea795b07621e1f90532e18f96145,2017-10-21 11:29:06,2018-08-15 07:41:09,25,1883.78,4.2727272727272725,14,297,False
5def4c3732941a971cba8fdee992ede1,2018-08-02 12:07:17,2018-08-28 18:49:20,5,134.8,4.5,0,26,False
5e063e85d44b0f5c3e6ec3131103a57e,2018-07-12 10:13:37,2018-07-12 10:13:37,1,22.9,5.0,48,0,False
5e105f5c9f63f5f1fd75d6cb942e55b1,2018-05-20 11:35:23,2018-08-25 11:42:43,8,1471.9,4.5,4,97,False
5e106d93b717c2682b9383da480364a1,2017-04-20 11:42:01,2017-04-20 11:42:01,1,445.9,5.0,496,0,True
5e25c632f9db6cfb8bc100421c2737b6,2018-06-12 21:32:28,2018-06-12 21:32:28,1,259.0,5.0,77,0,False
5e49e3a44bdeb5aab2684258bbd4f525,2017-12-14 11:30:41,2018-03-15 14:54:00,3,507.0,4.666666666666667,167,91,True
5e9f5bd34e0830569f05c9d4f56e04a8,2018-07-12 16:56:22,2018-07-14 20:48:14,2,239.98,4.5,45,2,False
5ee7fd217d08dfe5d3e2f51f96a12c9a,2017-06-17 23:06:16,2018-08-21 09:28:11,9,1165.5,3.4444444444444446,8,429,False
5eeb9c756d9780b96283e5a2ac6da334,2017-10-10 08:27:25,2018-07-18 16:43:02,9,2471.0,4.222222222222222,41,281,False
5ef131ac72773e5b3f6c0d63cf424657,2018-07-03 22:53:10,2018-08-25 16:48:02,10,575.79,3.8181818181818183,3,52,False
5f0057b677eb963672bf05dfa3f16c34,2016-10-07 21:19:32,2017-02-02 03:48:06,4,213.88,5.0,573,117,True
5f06030071324cc52bf0304014ac7234,2017-08-20 17:34:32,2017-08-26 11:01:38,4,783.96,4.0,368,5,True
5f1dc28029d2c244352a68107ec2b542,2017-01-17 12:15:42,2018-06-15 12:52:05,62,2807.3,4.384615384615385,75,514,False
5f2684dab12e59f83bef73ae57724e45,2017-01-27 12:54:57,2018-08-29 12:25:59,67,8870.970000000001,3.7534246575342465,0,578,False
5f26c1408a65b42a7224cd463bdf3292,2018-06-28 18:11:28,2018-08-26 19:45:32,10,1139.8,4.8,2,59,False
5f3ae9136c875522250f8184f253413a,2018-01-15 12:02:56,2018-08-22 10:56:54,42,1143.05,4.5777777777777775,7,218,False
5f57db27027655e6c6a391601daa0258,2018-08-14 10:41:49,2018-08-14 10:41:49,1,98.0,5.0,15,0,False
5f5a58930c3c35f3b5af264f34fb8c85,2018-06-25 09:19:01,2018-07-19 12:04:10,3,699.0,5.0,41,24,False
5f5b43b2bffa8656e4bc6efeb13cc649,2017-11-25 23:53:16,2018-06-18 17:35:29,27,3677.2,4.448275862068965,71,204,False
5f67c6082caacb26e431a7b17940cece,2018-02-14 10:07:30,2018-08-06 22:01:08,13,1662.6,3.5714285714285716,22,173,False
5f7300535881cef3b625fd683cf7d145,2017-10-15 23:06:38,2018-07-22 21:51:37,10,665.98,4.454545454545454,37,279,False
5fd924b4836098a5be0ecf81ba054ce0,2017-01-17 20:38:15,2017-03-01 08:28:57,7,1148.8,4.0,546,42,True
602044f2c16190c2c6e45eb35c2e21cb,2017-10-20 10:00:43,2018-08-23 12:32:01,48,3739.14,2.9655172413793105,6,307,False
6025c79c035c3d772133b8b8238463b2,2018-07-18 16:51:01,2018-08-06 21:19:27,2,989.74,5.0,22,19,False
6039e27294dc75811c0d8a39069f52c0,2017-02-27 16:01:28,2018-08-22 22:04:26,63,13630.7,3.88,6,541,False
60562ab00b8054280520d390c8c0045c,2017-10-18 08:46:18,2018-08-03 18:20:50,17,2943.0,4.764705882352941,25,289,False
6061155addc1e54b4cfb51c1c2a32ad8,2018-06-01 01:20:55,2018-08-26 07:38:38,28,15909.4,4.714285714285714,3,86,False
606ce7768feac12c5e8bd58db8b08f0f,2018-04-24 19:18:38,2018-08-07 23:19:34,5,2916.6,4.8,21,105,False
609e1a9a6c2539919b8205cf7c4e6ff0,2018-01-27 11:28:32,2018-08-24 00:35:51,87,6595.23,3.4846153846153847,5,208,False
60da8bfa7eebe230b7d66ac4082d79b3,2018-08-02 18:50:46,2018-08-18 13:37:04,3,86.6,4.333333333333333,11,15,False
610f72e407cdd7caaa2f8167b0163fd8,2018-04-03 00:05:04,2018-08-25 20:59:18,16,13585.16,3.7058823529411766,3,144,False
612170e34b97004b3ba37eae81836b4c,2018-06-11 14:32:25,2018-08-22 10:02:13,107,23065.02,4.427272727272728,7,71,False
612a743d294c27884fb7b80d2b19ba35,2017-01-25 12:49:36,2018-08-15 14:50:52,2,3057.7000000000003,4.333333333333333,14,567,False
615005a3ef192c00c6f0e977cee3d2bc,2017-08-17 12:46:48,2017-12-23 03:16:21,10,286.5,3.909090909090909,249,127,True
615c3462099ffa940d37b17dfda19594,2018-06-21 12:07:18,2018-07-31 23:06:21,2,229.0,5.0,28,40,False
6179a28a13a726c29b3bf54c070dccab,2017-07-06 17:11:14,2017-07-06 17:11:14,1,300.0,5.0,418,0,True
6187a137b2af59dfdbad8d9f8c373c14,2017-11-28 21:53:19,2018-01-06 18:54:39,2,74.8,3.0,234,38,True
61b18775be84fb700a6b2d0ba097bf66,2018-04-16 20:07:20,2018-08-21 19:20:14,4,334.5,4.6,7,126,False
61c36f0fc4a47f9532e5512b66668e62,2018-03-30 09:27:22,2018-03-30 09:27:22,1,750.0,1.0,152,0,True
620c87c171fb2a6dd6e8bb4dec959fc6,2016-10-04 13:15:46,2018-08-24 11:14:21,722,112970.9,4.23469387755102,5,688,False
6219ba2359cfb97f2e38fd4c321eb309,2017-09-19 12:20:28,2018-06-29 11:02:18,5,342.6,3.4,61,282,False
6235903333ba7de1928c869e268e5964,2018-05-13 18:19:47,2018-05-13 18:19:47,1,94.06,5.0,107,0,True
623ad9d0c1e14bb5464a8c72bff7b4af,2018-05-13 20:05:37,2018-05-13 20:05:37,1,95.0,4.0,107,0,True
624f4ece8da4aafb77699233d480f8ef,2016-10-04 10:16:04,2018-08-19 10:47:22,52,9046.0,4.185185185185185,10,684,False
626ab1cd96932367f0eeec2e47046c12,2018-01-16 11:20:57,2018-07-28 16:45:10,3,1310.0,4.666666666666667,31,193,False
62760d278921b5f352461620d68a9cee,2017-02-06 12:55:28,2017-02-15 09:41:08,3,397.0,3.6666666666666665,560,8,True
6288c69c4ce638e59925e59193f98b16,2017-03-16 13:08:11,2018-08-03 23:17:41,20,4196.8,4.25,25,505,False
62c50c1af4dfdc4149d25c5222043d39,2016-10-05 11:08:46,2017-04-23 16:01:16,12,2325.83,3.4705882352941178,492,200,True
62de60d81c55c29d76a6bce418b31cef,2018-08-05 20:01:32,2018-08-05 20:01:32,1,103.0,4.0,23,0,False
630008e0f062605a415d694489f6f82e,2018-07-30 17:24:54,2018-07-30 17:24:54,1,35.35,5.0,29,0,False
63191ead8d3b2f937cd1996fdcbbad20,2018-08-10 16:24:47,2018-08-10 16:24:47,1,367.0,5.0,18,0,False
63272377184e969942f7fff221be858d,2017-05-18 11:19:11,2017-05-18 22:42:50,2,149.7,5.0,467,0,True
6338ea67c41078a46ad99cc009654956,2017-02-02 17:56:17,2018-08-16 22:28:49,37,2286.09,4.431818181818182,12,560,False
633ecdf879b94b5337cca303328e4a25,2017-09-15 11:59:48,2017-09-22 18:11:44,6,1037.6000000000001,1.6666666666666667,340,7,True
634964b17796e64304cadf1ad3050fb7,2017-11-12 21:31:27,2018-08-18 15:27:43,265,39114.1,3.873065015479876,10,278,False
63704069d9bd3a75c1cf59babe56004a,2018-06-08 12:00:50,2018-06-08 12:00:50,1,59.3,1.0,82,0,False
638cba8be1fb599bbb76fd6948351eb3,2017-05-21 19:27:09,2017-09-28 15:30:58,16,552.9,4.739130434782608,334,129,True
63a79f5a7eb5cb48a7e5787b141c7993,2018-04-11 12:14:12,2018-07-16 12:34:46,11,815.1,4.545454545454546,44,96,False
63b464dbf392c7b80d12d932fa7cafed,2017-02-01 15:47:22,2018-01-28 22:03:43,36,6622.0,3.763157894736842,212,361,True
63b9ae557efed31d1f7687917d248a8d,2016-10-05 11:44:41,2017-02-13 19:14:05,5,139.5,4.428571428571429,561,131,True
63ffcb71394dd8ea3872ed9ffda17c74,2017-02-05 13:58:46,2017-07-30 10:07:29,17,399.0,3.176470588235294,395,174,True
640e21a7d01df7614a3b4923e990d40c,2018-03-17 19:47:48,2018-08-25 20:27:21,115,7528.89,4.286764705882353,3,161,False
6426d21aca402a131fc0a5d0960a3c90,2017-05-15 21:42:34,2017-10-02 21:37:12,23,1209.64,4.173913043478261,330,139,True
643214e62b870443ccbe55ab29a4dccf,2017-09-30 21:44:37,2018-08-22 11:39:52,65,3229.23,4.409090909090909,7,325,False
643c01d7c56a724bec0454f4780e8a3e,2018-04-05 11:51:59,2018-05-15 14:57:12,2,205.55,4.5,106,40,True
6481e96574816ead57975da2c0f6d80d,2017-12-29 16:31:00,2018-07-28 13:11:22,32,3324.9,4.1395348837209305,32,210,False
64c9a1db4e73e19aaafd3286dc448c96,2018-08-18 14:03:10,2018-08-18 14:03:10,1,439.0,5.0,11,0,False
64cc804291f90c81f02bfc2bb58ff55a,2018-04-15 00:08:41,2018-07-18 16:51:45,2,517.6,5.0,41,94,False
651530bf5c607240ccdd89a30c9c9712,2018-08-09 18:09:53,2018-08-09 18:09:53,1,199.9,4.0,19,0,False
651fe66032c9520ee5587f694908040d,2018-07-16 08:52:35,2018-08-21 21:32:17,7,464.0,4.0,7,36,False
6524b847b982cd56bb5d4b02b776ee42,2018-02-14 11:42:55,2018-02-14 11:42:55,1,779.8,4.0,196,0,True
6548c2550b6e2d8f18053216e1c7b6f3,2018-06-26 11:17:35,2018-08-22 17:58:13,3,217.7,5.0,6,57,False
655220df33262c7e0c4949a147366f94,2018-01-13 12:49:45,2018-05-14 11:43:07,13,2245.0,4.2,107,120,True
6560211a19b47992c3666cc44a7e94c0,2017-02-17 07:39:19,2018-08-29 09:14:11,1819,120983.82,3.9325674325674327,0,558,False
6561d6bf844e464b4019442692b40e02,2018-08-28 09:26:43,2018-08-28 09:26:43,1,41.9,5.0,1,0,False
6562efe88ce0826a4ca4f189f03b4b84,2017-03-14 08:47:46,2018-01-08 12:25:43,8,1195.8,4.045454545454546,233,300,True
656591be56071d4c9ef4e5fee78a578a,2017-03-06 13:59:02,2017-05-07 12:50:03,7,1702.0,4.636363636363637,479,61,True
657969cca82e884d272385ec0ef06edd,2018-05-01 10:10:41,2018-07-31 17:45:44,3,139.7,4.666666666666667,28,91,False
659e8466eb3ff1b0e8740d74fb7bbedd,2017-05-18 04:17:44,2018-05-06 19:27:01,11,1486.8,4.5,114,353,True
65a7c0788e4d632ccb5e1b594b87f0bb,2017-08-15 21:20:12,2017-12-22 14:45:15,3,343.9,4.384615384615385,250,128,True
65b081a070633e057c462abdd6fb9dd8,2017-10-26 12:25:47,2018-05-07 17:39:18,19,1885.09,4.35,113,193,True
65c255b299faf2d12050937cc219c46c,2017-07-26 10:16:50,2017-08-31 17:20:46,2,88.2,4.5,362,36,True
65febd49fd28ec955651299159b1f527,2018-04-17 10:14:25,2018-08-22 14:00:26,33,4136.71,4.342105263157895,7,127,False
6601ee6383e7f452be71929f8de48bbb,2017-10-27 17:21:53,2017-11-08 07:29:07,2,153.6,4.0,294,11,True
6614814a00d344b846ae209f95ee7e3f,2017-06-08 23:17:57,2017-06-08 23:17:57,1,13.0,1.0,446,0,True
661ad5fcc28cdfb8bcadb12bb2272475,2018-01-15 10:56:46,2018-07-17 17:28:51,4,209.92999999999998,5.0,42,183,False
6624bc09786f0e41ae48dfc5eeb1a9e2,2017-03-05 22:38:18,2017-03-05 22:38:18,1,89.54,5.0,541,0,True
6650fcccd8cd2f7e55ffa524f30c4c59,2017-09-05 18:26:23,2017-10-06 16:19:03,2,339.8,3.0,326,30,True
668bf321538e5072858eaef6087ce027,2018-02-26 09:47:55,2018-02-26 09:47:55,1,19.9,5.0,184,0,True
66922902710d126a0e7d26b0e3805106,2017-05-14 21:11:45,2018-08-21 21:44:04,150,14267.3,4.451612903225806,7,464,False
669ae81880e08f269a64487cfb287169,2017-01-20 14:30:03,2018-08-08 12:55:10,161,13263.87,4.117647058823529,21,564,False
66dc1b1632bd6a3e508510c5b3492107,2017-07-19 17:27:37,2018-08-12 11:16:23,36,3542.19,3.4878048780487805,17,388,False
66e0557ecc2b4dbea057e93f215f68d8,2017-05-24 18:43:12,2018-02-12 22:58:08,30,12141.0,4.033333333333333,197,264,True
66fd84ee7528c0c0de85d0f44a73d5ab,2017-03-22 14:05:51,2017-07-28 10:24:45,11,1438.11,2.9047619047619047,397,127,True
670a9dda115b5a88b18cfadee8de2332,2017-08-29 20:13:34,2018-08-16 16:28:13,11,918.9000000000001,4.454545454545454,12,351,False
670c26e0f1bf8d0576271d5cfaec6d2b,2017-11-04 18:20:58,2018-08-01 10:17:18,77,6250.1,4.348837209302325,28,269,False
671585f5a2af58b6e276bc01003c0d2b,2018-07-27 21:43:27,2018-08-25 23:39:08,27,1244.0,4.703703703703703,3,29,False
67225bff54a172ff67579aaf583efd78,2017-09-15 10:34:54,2018-02-03 19:28:45,8,1238.0,4.5,206,141,True
674207551483fec113276b67b0d871ff,2018-07-05 16:36:38,2018-07-05 16:36:38,1,119.9,5.0,54,0,False
6750d71153f00fc58829af2a8ef1bcf1,2017-03-28 15:29:43,2017-08-08 23:13:27,6,3603.0,4.285714285714286,385,133,True
67883baaae6134ee81b271a542613728,2018-07-17 13:21:24,2018-08-22 11:39:32,19,8167.9,4.105263157894737,7,35,False
679769a98cfcc6da877c8486ff1c13f3,2017-03-01 12:40:04,2018-08-27 15:03:18,21,7029.0,4.571428571428571,1,544,False
67bf6941ba2f1fa1d02c375766bc3e53,2017-09-17 20:41:21,2018-08-29 14:18:23,15,5062.0,4.3,0,345,False
6806dad1da97bfb5a9038eac6881f706,2017-12-28 18:59:26,2018-08-22 18:32:39,10,1576.0,3.933333333333333,6,236,False
681fce914360217db47784ae28905a96,2017-10-20 11:05:57,2018-07-30 18:54:21,23,4127.33,3.75,29,283,False
6824a69c9ea0313eba299dd4a2dba09a,2018-07-24 14:23:37,2018-08-20 15:12:42,6,666.9,4.714285714285714,8,27,False
685b870da5b52a710782c9c0fefbeb5b,2017-12-09 13:51:24,2018-03-01 16:36:58,2,627.0,2.0,180,82,True
6860153b69cc696d5dcfe1cdaaafcf62,2017-11-21 15:13:52,2018-08-24 00:07:22,74,3827.63,4.119047619047619,5,275,False
6861de0f40cacb0602e473c51639f980,2017-11-18 10:53:18,2018-07-04 17:37:50,5,674.0,2.625,55,228,False
686886775c8f6b1191c7b953fb52708c,2018-06-26 05:48:19,2018-06-26 05:48:19,1,189.0,5.0,64,0,False
6879c4d287a8dd06b11f54ea8f78e4da,2018-06-13 23:58:54,2018-08-14 23:53:56,6,527.67,4.333333333333333,14,61,False
688756f717c462a206ad854c5027a64a,2018-04-10 16:07:47,2018-08-18 20:06:13,81,5956.66,3.73,10,130,False
68ca56ce86830f3d31b1b7ec6a54da3e,2018-07-11 18:16:29,2018-08-10 18:10:00,5,599.69,4.0,18,29,False
68f86ba270525243e68ae74044f992b9,2017-08-21 16:49:22,2018-07-30 11:58:55,10,777.5,4.363636363636363,30,342,False
6902157ee16728322d61a1321fa79e58,2017-09-21 22:46:26,2017-10-07 19:27:08,2,159.8,3.0,325,15,True
693660429f9dc4ff704eb3d88dad54d7,2018-07-22 17:24:17,2018-07-23 17:01:07,2,124.0,4.0,36,0,False
695051e2981c8b19e77cafe450d5bdf3,2017-12-08 12:19:26,2017-12-08 12:19:26,1,169.76,5.0,264,0,True
6973a06f484aacf400ece213dbf3d946,2018-01-22 15:14:12,2018-06-16 07:41:21,89,10593.1,3.672727272727273,74,144,False
698624c6632eeba1774924dbea24c700,2018-04-05 20:23:53,2018-04-05 20:23:53,1,19.9,5.0,145,0,True
6989574bd97d9773f10d232b6c07da59,2017-03-22 23:17:07,2018-07-25 13:09:24,7,2478.3999999999996,4.857142857142857,35,489,False
698f5fa55a5f73d0740e9d9a773e8093,2018-06-12 17:26:43,2018-06-20 08:57:50,4,120.0,4.833333333333333,70,7,False
69a43819c758c65a5befb0b471c954d7,2017-06-15 11:48:29,2017-09-16 20:40:17,2,299.85,4.0,346,93,True
69b5eaa096c3f9d1e5c398c597f567d6,2018-08-15 22:27:30,2018-08-25 10:41:50,2,938.0,5.0,4,9,False
6a0cbc8af2e8abd1bdfb777943d174c6,2017-05-08 18:46:53,2018-07-04 15:45:43,34,3788.15,4.0,55,421,False
6a3139c7bf09ece22a4713d956acbe5e,2018-07-23 21:47:34,2018-07-23 21:47:34,1,61.9,5.0,36,0,False
6a38087bc8ad4f89ff453561005f6dea,2018-05-18 10:34:41,2018-08-17 12:56:21,15,1833.43,4.409090909090909,12,91,False
6a51fc556dab5f766ced6fbc860bc613,2017-04-08 19:06:55,2018-08-21 12:46:29,24,7217.87,4.129032258064516,8,499,False
6a53b90c3ad9e0b56d9fe5c69165fff5,2018-05-16 19:57:22,2018-08-03 00:15:35,2,139.78,3.5,26,78,False
6a8a889bde935bafa76d7848782dfaf9,2018-03-21 14:04:40,2018-06-04 07:25:50,26,860.8199999999999,3.933333333333333,86,74,False
6a8b085f816a1f75f92dbac6eb545f8f,2017-07-29 17:28:18,2018-08-23 12:04:18,125,5945.67,4.164179104477612,6,389,False
6aa3928696eab49a19a466e665a649fd,2018-03-10 12:41:26,2018-08-17 22:23:06,18,2075.0,4.545454545454546,11,160,False
6b15924333bd1a741595fe981ea04822,2017-02-01 11:13:37,2017-07-05 00:35:30,21,614.3199999999999,4.666666666666667,420,153,True
6b1c4d4d9ccf0be3d8544eb0e71e5318,2018-03-21 14:29:14,2018-03-21 14:29:14,1,1699.0,5.0,161,0,True
6b243f80ed07b10f0e8aa0f21a205f3c,2017-07-18 12:35:54,2018-08-23 03:31:57,79,6260.1,4.022471910112359,6,400,False
6b2612338467c08c9b25f0cc55b1578d,2017-02-12 20:42:26,2017-02-12 20:42:26,1,92.9,4.0,562,0,True
6b333a05bf188ef3e1f1662a86bd9855,2018-01-27 20:49:20,2018-08-10 15:03:30,12,3990.91,4.384615384615385,18,194,False
6b3bd31ad8fcda4b2635ec9f3ff2ecdf,2018-03-24 14:57:23,2018-08-10 21:12:29,35,4063.9,3.9285714285714284,18,139,False
6b536a23086fba0d58c08d68814397f6,2017-10-25 14:35:46,2018-07-28 23:06:54,18,1996.8,4.045454545454546,31,276,False
6b803197e03abd5056b4313306b4f29d,2018-02-06 23:23:59,2018-08-20 21:11:22,7,407.0,4.833333333333333,8,194,False
6b89abe95848c850399130d149a39b63,2018-02-15 23:30:37,2018-04-13 15:55:02,8,1135.2,4.375,137,56,True
6b90f847357d8981edd79a1eb1bf0acb,2018-06-07 14:18:38,2018-08-29 11:06:11,45,3337.98,4.375,0,82,False
6b9b80d53ba3676eafe60268a810b5a1,2017-02-01 08:42:45,2017-08-28 20:36:01,9,783.7,4.222222222222222,365,208,True
6ba4733aa33f6386e9fb0c0fd3993b38,2018-04-16 21:43:52,2018-08-17 10:32:19,3,149.79,4.666666666666667,12,122,False
6bb0724edf0b62fb91ac404873a97241,2017-02-20 00:34:48,2018-04-01 21:51:22,17,3653.0,4.333333333333333,149,405,True
6bb62a4912377c7bfe7cb17b406bc7e6,2018-07-30 15:26:34,2018-08-14 06:30:49,4,739.52,4.5,15,14,False
6bb66d9870c2e01c05655c7ed0e7ee13,2018-07-25 17:09:53,2018-07-29 06:13:03,3,269.0,3.6666666666666665,31,3,False
6bbcb8924baf70b7fe2fe2097e8cd407,2017-11-13 12:19:18,2018-08-09 20:07:20,10,2382.5,4.545454545454546,19,269,False
6bcb2352a2a0c38b845f598298ab9d26,2017-06-16 17:30:04,2017-06-16 17:30:04,1,15.9,5.0,438,0,True
6bd503a8230299c9316fb0f726933927,2018-07-13 18:59:31,2018-08-17 15:11:32,4,324.28999999999996,4.6,11,34,False
6bd69102ab48df500790a8cecfc285c2,2017-06-26 13:44:08,2018-05-10 14:00:13,5,8070.0,3.0,111,318,True
6bef34c5be6f2bbd70aa5165f6df94b1,2018-07-14 16:12:14,2018-07-31 23:31:44,2,1198.0,2.0,28,17,False
6c12e40690c335dbc2f68a4134d30dc1,2017-02-20 13:35:27,2018-08-06 09:57:33,16,9139.2,3.8333333333333335,23,531,False
6c177e38df6d3f34182b1f1d427231bf,2017-02-06 16:00:46,2018-08-21 13:32:24,53,8112.89,4.148148148148148,8,560,False
6c17baf138731a4aaacc3210adf2037b,2018-08-06 15:08:47,2018-08-20 23:20:11,4,538.8,5.0,8,14,False
6c1b6d0c604b776f844125f911eb7377,2017-02-01 15:42:59,2017-02-24 16:09:19,4,327.07,4.0,550,23,True
6c6cc59a5c00cacc5054ca06d65cc282,2018-08-11 12:14:35,2018-08-11 12:14:35,1,1107.0,5.0,18,0,False
6c6e3d67f969468f3bfd33f827a31222,2018-03-11 22:56:57,2018-08-09 18:55:30,5,224.0,4.833333333333333,19,150,False
6c77cd583b36a13aacccf2b3ee23e233,2018-08-23 21:45:16,2018-08-23 21:45:16,1,18.9,5.0,5,0,False
6c7d50c24b3ccd2fd83b44d8bb34e073,2017-07-09 21:20:45,2018-08-17 07:32:27,112,8445.960000000001,4.412698412698413,12,403,False
6c9875b2f94ba781186f0c1aed8d1687,2017-05-21 18:55:49,2017-08-13 10:33:17,2,25.0,5.0,381,83,True
6c99c983ce3b6ba0ab813e6790e81691,2018-05-31 22:54:21,2018-08-07 11:15:11,9,546.75,3.7777777777777777,22,67,False
6cd68b3ed6d59aaa9fece558ad360c0a,2017-01-26 17:40:03,2018-04-23 22:25:36,149,11188.57,4.445859872611465,127,452,True
6cf476a4ca74498db55cbccdaa9dcfb6,2016-10-06 08:28:19,2017-04-09 22:51:08,5,624.94,3.0,506,185,True
6d04126aba80df143fd038e711b8fd96,2017-09-08 14:49:36,2017-09-08 14:49:36,1,89.99,1.0,355,0,True
6d1b9c9579132c87d2703ec38c30f2c5,2017-02-21 21:19:19,2017-07-01 12:32:51,4,299.69,4.5,424,129,True
6d22a1fcebb6dd08c9cd90b92a93e8d0,2017-08-27 23:06:38,2018-01-26 14:27:45,12,723.7,4.3076923076923075,215,151,True
6d2f2e3b539480db1e0842b3a4e32e6e,2017-06-09 14:43:13,2017-06-22 22:22:55,3,305.96,4.333333333333333,432,13,True
6d66611d7c44cc30ce351abc49a68421,2017-02-02 07:05:42,2018-08-25 11:43:42,164,13428.6,3.9080459770114944,4,569,False
6d7f8d9d594e28796b6b3205b00f459c,2017-05-11 15:40:17,2017-07-14 12:28:30,3,417.9,3.6666666666666665,411,63,True
6d803cb79cc31c41c4c789a75933b3c7,2017-07-25 00:16:20,2018-06-06 15:11:41,58,8886.3,4.279411764705882,83,316,False
6d988d6174a2c27441597174f8905515,2017-04-02 15:41:12,2018-08-09 15:39:32,19,371.73,4.260869565217392,19,493,False
6da1992f915d77be95d7fa48b36904af,2017-04-27 16:24:28,2017-08-03 11:13:41,7,261.0,3.6666666666666665,391,97,True
6dc9bec584588412a6a338830946a3e4,2017-02-17 13:53:06,2017-02-17 13:53:06,1,280.0,2.0,558,0,True
6dd7dce75cd55c1ce255dc38d9f0cd46,2017-12-17 14:44:48,2017-12-17 14:44:48,1,75.0,4.0,255,0,True
6ddc28b61be28373b4503a1f61cf98a9,2018-06-14 17:31:48,2018-08-15 18:14:08,11,1732.9,4.181818181818182,13,62,False
6df688df543f90e9b38f4319e75a9d88,2017-01-31 13:01:10,2017-11-22 09:09:01,39,1891.76,4.509090909090909,280,294,True
6e0908ef4d4efadbc3cc2b74ea477cb0,2017-02-05 17:06:00,2017-09-01 16:11:40,8,589.45,4.090909090909091,361,207,True
6e13dd869aa7185f601c941423abcc8f,2018-04-07 18:30:52,2018-07-17 16:29:37,5,522.0,4.833333333333333,42,100,False
6e1862e15f33d9994bc25922a85e1efc,2018-06-08 09:47:41,2018-08-21 15:44:52,7,668.49,4.666666666666667,7,74,False
6e386f64c84e482f0b9abf960797ee1b,2018-03-25 23:20:35,2018-08-17 00:56:07,29,12209.3,4.620689655172414,12,144,False
6e4a902d1054e4e17aa6eab87fac1c75,2018-08-06 23:49:14,2018-08-21 21:15:52,7,586.57,4.25,7,14,False
6e4f5ff6b086632ba8dcb558fb10249e,2018-02-27 01:52:55,2018-07-19 14:17:07,5,838.9,3.4,41,142,False
6e864f5c4669eff3d98140a07cc50202,2017-08-02 13:12:25,2018-05-30 14:51:11,13,740.59,4.461538461538462,91,301,True
6eb94e1466490d327a09abf8f3552a50,2018-05-16 17:09:56,2018-08-23 13:05:40,9,1372.95,4.333333333333333,6,98,False
6ebf4eceee4dd9847201c82e77ef8123,2018-04-04 23:21:54,2018-04-04 23:21:54,1,59.9,5.0,146,0,True
6ec1a01e866584bb679eb9b098345919,2017-07-06 16:18:52,2018-08-24 11:54:56,30,3998.91,4.032258064516129,5,413,False
6edacfd9f9074789dad6d62ba7950b9c,2017-01-17 14:57:29,2018-08-27 20:31:22,205,13016.3,4.387096774193548,1,587,False
6ee85be3693ed79a8e80718743d80655,2017-01-19 11:26:57,2017-04-23 19:31:30,5,147.5,3.2,492,94,True
6eeed17989b0ae47c9f11ece6f38ea90,2018-07-03 18:58:41,2018-08-27 21:28:43,3,557.0,3.6666666666666665,1,55,False
6f1a1263039c76e68f40a8e536b1da6a,2017-09-17 23:54:20,2018-01-15 15:18:27,2,178.69,2.6,225,119,True
6f229cc508fc6915ed5c499efd93baa4,2017-08-11 13:26:28,2018-08-11 18:52:46,13,2654.8,4.428571428571429,17,365,False
6f835fd4be26989b1b064399da346143,2018-05-26 08:26:02,2018-06-18 22:59:35,2,197.8,5.0,71,23,False
6f83d9e4da896daae20b9b6b2d3ff8d2,2018-03-22 10:15:19,2018-07-31 17:24:44,11,765.19,4.363636363636363,28,131,False
6f892e20a171e98efe17fdb971ff319b,2017-07-27 16:40:14,2017-12-04 08:36:15,41,6049.0,3.9,268,129,True
6fa9202c10491e472dffd59a3e82b2a3,2018-07-30 10:04:21,2018-08-13 14:07:50,3,7014.24,4.333333333333333,16,14,False
6fc26fe110feebd80a433e1f012a84f9,2017-01-29 04:52:16,2018-08-17 16:22:48,35,4150.87,4.013888888888889,11,565,False
6fd52c528dcb38be2eea044946b811f8,2017-08-18 16:58:56,2018-08-11 23:56:26,67,7743.0199999999995,3.4404761904761907,17,358,False
7008613ea464bad5cb9b83456e1e6a8f,2016-10-09 22:36:49,2018-08-21 16:08:39,123,7538.7,4.269736842105263,7,680,False
700f03c207639c22d933381ff60b35c2,2016-10-07 21:30:12,2017-11-29 17:43:31,4,1189.8600000000001,4.0,272,417,True
70125af26c2d6d4ef401a1d02ae7701f,2018-07-03 16:23:42,2018-08-18 16:43:27,5,371.2,4.625,10,46,False
70126eecc6aa1274392a1743866e9678,2018-06-25 21:19:06,2018-07-25 10:27:00,3,97.39999999999999,5.0,35,29,False
701938c450705b8ae65fc923b70f35c7,2017-01-27 19:04:57,2018-04-01 21:48:34,74,11879.289999999999,3.7477477477477477,149,429,True
702835e4b785b67a084280efca355756,2017-02-13 16:18:07,2017-02-13 16:18:07,1,7.6,5.0,561,0,True
7040e82f899a04d1b434b795a43b4617,2017-09-12 22:20:18,2018-08-28 09:18:03,208,9213.7,3.5739910313901344,1,349,False
70849ca4f400aaabb62cb7462a6f1428,2017-12-14 18:10:22,2018-08-18 23:19:12,12,909.58,4.416666666666667,10,247,False
709e16e2b25c7474d980076c6bfc4806,2017-10-14 14:08:47,2018-08-26 08:40:36,60,5151.9,4.525,3,315,False
70a12e78e608ac31179aea7f8422044b,2017-01-17 16:25:29,2018-08-20 20:10:03,312,30048.53,3.7746913580246915,8,580,False
70b52a4cfc823994561b00bad161b4ed,2017-02-21 16:17:51,2018-07-18 13:50:09,8,585.0,4.5,42,511,False
70bf57d811208f8923b41bbd499a67a4,2018-06-26 20:41:56,2018-08-27 17:24:25,7,780.8000000000001,4.142857142857143,1,61,False
70c0fda4c313d87115644d39e62eec60,2018-08-04 15:27:00,2018-08-04 15:27:00,1,25.99,5.0,24,0,False
70c27847eca8195c983ed7e798c56743,2018-04-03 09:02:42,2018-08-22 21:34:37,77,12077.52,4.204081632653061,6,141,False
70c4eedec9cb4a85cda2f3f9673557b4,2017-06-05 16:37:47,2017-06-05 16:37:47,1,239.9,5.0,449,0,True
70ee69419916dc13e3aed619061f996c,2017-08-07 10:50:46,2017-08-07 10:50:46,1,45.0,3.0,387,0,True
70eea00b476a314817cefde4aad4f89a,2017-02-09 15:32:27,2018-08-22 20:43:48,106,31634.65,4.371681415929204,6,559,False
70f7e8018e3d46c748c92f026aa2585a,2018-08-16 15:59:15,2018-08-16 15:59:15,1,239.8,5.0,12,0,False
70f84699be677ec988d1fa824aef7d90,2017-04-11 14:43:04,2018-07-18 21:15:01,5,1588.3,4.6,41,463,False
71039d19d4303bf9054d69e9a9236699,2017-10-07 21:41:11,2018-08-03 13:46:47,35,3537.2,3.6842105263157894,26,299,False
710e3548e02bc1d2831dfc4f1b5b14d4,2016-10-07 10:18:50,2018-08-16 09:22:47,131,22369.25,3.4452554744525545,13,677,False
71271995e85f5b8530be99ed54a91b89,2017-11-23 11:16:22,2018-05-23 09:07:46,6,582.0,3.0,98,180,True
712e6ed8aa4aa1fa65dab41fed5737e4,2017-02-08 12:01:45,2018-05-18 18:17:35,77,39477.0,3.441860465116279,102,464,True
712efd3b68f9686dc856b84abd0f21ae,2018-07-30 12:41:54,2018-07-30 12:41:54,1,139.0,4.0,30,0,False
7139dc5186aa238b006e066d8fbab2e4,2018-01-29 11:30:46,2018-08-02 12:05:29,22,1712.0,4.125,27,185,False
713e3a23ca5e47786eb6f0d99f94cfac,2018-02-06 13:32:02,2018-06-03 20:17:27,4,1126.0,4.75,86,117,False
7142540dd4c91e2237acb7e911c4eba2,2017-03-10 11:30:03,2018-08-17 10:23:01,316,37356.74,4.054545454545455,12,524,False
714b9a1332840f257b49f476bea4e341,2018-01-08 11:48:47,2018-03-24 15:11:38,6,1499.94,3.3333333333333335,157,75,True
71592660bbcb6a4664e97b6f8b68babc,2018-02-16 19:32:22,2018-07-31 20:47:41,6,2027.18,4.428571428571429,28,165,False
71593c7413973a1e160057b80d4958f6,2018-08-03 13:19:41,2018-08-16 10:46:39,2,299.5,3.4,13,12,False
715bbd5ba4e6b74cb0d2f29eb45058b0,2017-09-10 00:34:50,2018-08-19 15:25:29,62,4043.3,4.46875,9,343,False
7178e1eaa97257d8b6d4b80efd77a025,2017-09-05 16:18:47,2017-09-05 16:18:47,1,167.9,5.0,357,0,True
7178f9f4dd81dcef02f62acdf8151e01,2017-03-21 22:01:26,2018-08-17 11:27:54,202,36825.2,4.032258064516129,12,513,False
717b78b0950b51ed00b1471d858b0edc,2018-01-21 23:47:05,2018-07-02 21:06:36,5,138.6,4.0,57,161,False
718539d38d07dd351c76db862760e2e2,2017-04-26 11:19:47,2018-01-03 19:50:16,35,1273.01,4.488372093023256,237,252,True
71dc18fd8cbf5fd77f45dd8b427abb34,2017-02-14 12:56:01,2017-12-13 23:56:00,4,1080.0,5.0,258,302,True
7202e2ba20579a9bd1acb29e61fe71f6,2017-07-22 13:08:11,2018-08-21 20:36:22,51,12085.699999999999,3.943396226415094,7,395,False
720e6cf846ea7572cbb66b743fb91e6c,2017-03-18 12:23:46,2017-03-18 12:23:46,1,54.0,5.0,529,0,True
7210cd29727d674c00741e5e387b3ccd,2018-06-10 13:08:26,2018-08-20 14:31:33,9,729.0899999999999,3.6923076923076925,9,71,False
72146da5774cabf2632faedcae097a76,2018-02-06 12:10:35,2018-05-10 17:04:17,4,200.94,4.333333333333333,110,93,True
7238a95bb63ef7e498389fb863b834a1,2018-04-27 14:01:01,2018-08-16 15:13:00,15,2265.7,4.733333333333333,12,111,False
7238f877570096ae403c51898fa64566,2018-04-11 19:11:36,2018-05-29 15:28:44,3,1200.0,5.0,91,47,True
723a46b89fd5c3ed78ccdf039e33ac63,2018-05-28 23:06:44,2018-05-28 23:06:44,1,66.64,4.0,92,0,True
723cd880edaacdb998898b67c8f9da30,2018-03-27 12:41:26,2018-08-20 14:00:12,11,2136.5299999999997,4.166666666666667,9,146,False
72431a818f97fe6ab9c81eee3e297e54,2018-04-13 11:22:56,2018-04-13 11:22:56,1,229.9,5.0,138,0,True
725af026f869236a8dd0ceb98564d156,2017-10-22 11:20:45,2018-06-01 21:48:43,5,810.72,4.4,88,222,False
725c32fa80c2faacc4fc88450d27314e,2017-01-17 12:42:06,2018-08-12 09:20:39,89,7838.88,4.462365591397849,17,571,False
7299e27ed73d2ad986de7f7c77d919fa,2017-03-09 11:09:46,2018-08-21 14:20:40,335,34107.44,4.430167597765363,8,530,False
729b2d09b2a0bdab221076327f13d050,2017-11-14 17:32:32,2018-08-21 12:27:17,48,1805.21,4.583333333333333,8,279,False
729f06993dac8e860d4f02d7088ca48a,2017-03-24 10:57:40,2018-08-27 19:39:33,94,19885.18,4.300884955752212,1,521,False
72bc2cce903c872fe376a8faaa81d237,2017-09-19 23:12:15,2018-08-21 22:45:58,17,2149.2,4.444444444444445,7,335,False
72c38a04bd6a1c3dbc5298425a0db86d,2018-05-13 22:30:46,2018-07-05 10:00:59,4,647.3,3.8,55,52,False
72c5da29406b4234927b81855e7b64f6,2018-04-07 17:15:59,2018-08-26 20:32:14,31,11798.69,4.129032258064516,2,141,False
72c73be2b085b9d57650dd53eb2004c9,2017-07-24 11:29:43,2017-07-24 11:29:43,1,29.4,5.0,401,0,True
730937bf88cb151eb2eb849f642fc213,2018-04-05 16:12:14,2018-08-19 10:36:45,22,2821.2,4.423076923076923,10,135,False
7315baebc0572ff220d226283dc66728,2017-04-26 13:17:05,2017-06-28 09:51:56,2,49.849999999999994,4.0,427,62,True
731ef20c231d9a7103a425e83fd91271,2017-10-28 16:27:50,2017-10-28 20:52:15,2,1692.0,3.6666666666666665,304,0,True
734def04b237117a09321dd6d8f3f2a2,2018-04-08 22:50:52,2018-06-21 04:46:11,2,1252.43,5.0,69,73,False
7354220fb240bde543b3c40c060d41e7,2018-01-04 13:40:05,2018-07-25 04:34:42,7,672.0,4.571428571428571,35,201,False
7357b52d27cbaa90f81a96cbc1279396,2018-05-15 18:17:45,2018-08-22 21:33:00,12,1328.02,4.333333333333333,6,99,False
739c7d7be81f63812dea0d1b1451c651,2018-05-16 13:11:47,2018-06-04 11:52:25,2,77.5,4.0,86,18,False
73a63f72308aa20a46f4b1632018f196,2017-03-18 22:33:43,2018-08-01 14:47:50,27,7640.8,4.228571428571429,28,500,False
73b8eb4a9a729d4019b24ed1be748cbf,2018-06-18 10:32:17,2018-08-07 14:24:49,7,568.9,4.857142857142857,22,50,False
73da1880b39c71de2b262bc7720c1494,2017-07-26 11:19:21,2018-01-09 12:25:33,2,398.0,5.0,232,167,True
740205fedfe4e90ca6857bc77db0f2b4,2017-02-17 03:09:22,2017-02-17 03:09:22,1,229.9,5.0,558,0,True
7402d13c03a7e91366337cd1de471144,2018-02-10 21:03:56,2018-08-17 11:18:22,3,473.89,4.333333333333333,12,187,False
741f8c587cb4248ebc5b779a0e8e0e51,2018-07-12 19:37:30,2018-08-12 10:49:23,5,89.95,4.0,17,30,False
744dac408745240a2c2528fb1b6028f3,2017-04-22 21:39:15,2018-08-14 18:33:48,78,22322.6,4.554216867469879,14,478,False
74636e24f01da9268b0ed88dacd8513e,2018-04-25 14:50:27,2018-08-14 07:54:20,4,776.0,4.0,15,110,False
747c1cdcd1737dcfbd1547f6eb6f2cf3,2017-09-17 18:20:45,2018-01-27 11:28:32,2,193.1,2.5,214,131,True
747e73c01a4593d4cf60dcf970fd2689,2018-03-01 08:17:59,2018-04-26 10:53:16,3,2217.99,4.333333333333333,125,56,True
74871d19219c7d518d0090283e03c137,2018-04-05 16:56:38,2018-08-21 19:11:28,6,550.04,5.0,7,138,False
7494d0dcba8551df6cf37f1b905dc2f7,2018-05-03 00:03:53,2018-05-03 00:03:53,1,45.9,3.0,118,0,True
749e7cdabbaf72f16677859e27874ba5,2017-09-03 17:20:56,2017-09-03 17:20:56,1,41.9,1.0,359,0,True
74a9b9bddf14ece02beb81f52c41a88d,2017-11-27 12:25:21,2018-02-07 20:57:16,2,95.0,3.5,202,72,True
74bafed391319577bce6f4d2acc0589a,2017-09-16 22:28:50,2018-04-16 20:20:19,3,1847.0,2.6666666666666665,134,211,True
74c7dec0a384d8a05950e629bd23bde9,2017-07-05 17:24:19,2017-10-01 14:46:59,4,97.78,4.25,332,87,True
750303a20e9c56b2a6bc45cdce0b897d,2017-09-06 21:43:47,2018-08-24 17:53:18,53,7876.0,4.339285714285714,4,351,False
751bdc4d83a466c7206cd42e8f426b03,2017-05-18 11:36:28,2018-07-26 12:43:57,51,6592.9400000000005,3.6285714285714286,34,434,False
751e274377499a8503fd6243ad9c56f6,2018-08-20 22:06:10,2018-08-20 22:06:10,1,218.0,5.0,8,0,False
75745ef7bc7d4f3ea3380f6f5303f514,2017-03-01 16:41:19,2017-04-07 09:50:35,3,228.4,5.0,509,36,True
7586919161935337bf6b6d7ff5779648,2017-06-30 09:06:16,2018-03-20 11:03:07,11,1664.71,3.1666666666666665,162,263,True
75a4764c108403a7a0575140cb22287c,2017-12-12 08:14:21,2018-04-10 08:47:23,5,716.9,4.777777777777778,141,119,True
75d34ebb1bd0bd7dde40dd507b8169c3,2017-01-28 17:05:59,2018-02-05 13:50:59,57,12656.33,3.985074626865672,205,372,True
75fbb52eda0cbc24f479d3b2fbfa8d3e,2017-01-31 10:48:02,2018-06-16 17:34:31,38,1094.19,4.487804878048781,73,501,False
75fdd0a732287f9497b179f6bd445d32,2017-09-19 00:19:17,2017-09-19 00:19:17,1,59.9,5.0,344,0,True
761681a821d8275bc79f552116d06869,2018-04-23 19:27:59,2018-07-25 12:02:27,3,354.92,5.0,35,92,False
762ed976527cddf02787edba70fffa2a,2017-11-24 22:46:29,2017-12-12 11:15:32,3,179.8,2.25,260,17,True
762fafdaa57a532ee0119731697579dd,2018-06-08 02:18:40,2018-08-11 11:01:19,5,206.7,5.0,18,64,False
76623fde66e6b63b59440fd34160512d,2017-09-02 12:03:14,2018-01-08 15:05:57,3,65.4,4.0,232,128,True
7681ef142fd2c19048da7430856b5588,2018-02-09 21:38:59,2018-08-22 16:21:33,58,31287.81,4.090909090909091,6,193,False
76833248bbc0e65a0293ec62023e4396,2017-10-06 10:22:39,2017-11-17 10:22:53,2,2399.98,5.0,285,42,True
768a86e36ad6aae3d03ee3c6433d61df,2018-06-19 11:51:55,2018-08-23 20:27:42,17,587.46,4.647058823529412,5,65,False
768de2a4fc06aacecb9a586ccc30746a,2017-08-08 21:31:55,2018-05-18 10:33:52,13,442.7,4.384615384615385,103,282,True
76c47a299e4a8fe992316a85865acbe9,2017-06-22 11:14:21,2018-06-17 21:01:50,6,1024.46,4.8,72,360,False
76d336555bb25f3165d2f0d6da719c40,2017-02-03 19:52:09,2017-02-03 19:52:09,1,165.0,3.0,571,0,True
76d5af76d0271110f9af36c92573f765,2016-10-04 21:35:54,2018-08-01 16:57:20,128,31944.6,4.103225806451613,27,665,False
76d64c4aca3a7baf218bf93ef7fa768d,2017-05-25 08:39:38,2018-08-26 13:53:04,64,17181.7,4.128571428571429,3,458,False
76de363de16dacc923eec8daf91df504,2017-09-22 10:58:10,2018-03-21 15:56:34,2,360.0,2.5,160,180,True
76ea5315acb3f5f7ade3cd261faf922a,2018-05-18 09:49:56,2018-08-19 11:28:18,15,1087.06,4.266666666666667,10,93,False
77128dec4bec4878c37ab7d6169d6f26,2017-03-15 20:14:39,2017-03-15 20:14:39,1,6.5,5.0,531,0,True
7722b1df1b0e383e000397b2c11e3e19,2017-01-19 13:06:45,2018-08-27 16:57:10,133,7046.6,4.201388888888889,1,585,False
77530e9772f57a62c906e1c21538ab82,2016-10-04 11:03:14,2018-08-25 22:41:57,312,46222.6,4.0859375,3,690,False
77714512e8d4dda9c234da8e3faf16e4,2018-07-27 09:58:16,2018-08-15 17:34:38,4,243.39999999999998,4.0,13,19,False
777a0c55737f34ffeb78010f7542ab41,2018-06-27 09:02:19,2018-08-20 17:59:47,6,452.5,4.333333333333333,8,54,False
778323240ce2830d68aab11794e00bfb,2018-06-25 11:31:42,2018-07-30 09:18:59,3,189.98000000000002,4.333333333333333,30,34,False
77a515caa36327151d1cc6c32a9f00e1,2018-02-28 23:30:36,2018-08-23 15:58:16,26,2217.39,4.423076923076923,5,175,False
77e4abfd739aed9c46480f90f81c0eb4,2018-01-30 17:55:06,2018-08-14 14:42:14,18,3736.99,4.777777777777778,15,195,False
77fccaae319668a8ab6cd0fd16aec48c,2018-05-13 16:45:22,2018-07-30 15:38:45,11,1667.0,4.333333333333333,29,77,False
7813ea3ebd9411dc600b4dd01f7a97b9,2017-08-03 17:22:24,2018-06-07 12:57:35,9,1599.4,3.888888888888889,83,307,False
7816cd9c5b1238e320545f5bf7eb80e8,2018-05-24 21:30:11,2018-05-24 21:30:11,1,489.0,4.0,96,0,True
781a66c0d89e30814d49fe8b5e14cd07,2017-11-15 12:41:09,2017-11-15 12:41:09,1,115.0,1.0,287,0,True
782f78b632a43875dd5b53e3e49c9564,2017-06-19 16:56:09,2017-06-19 16:56:09,1,97.34,5.0,435,0,True
784ba75dd9d20200c4caed3d7a77141a,2017-03-29 07:03:56,2017-12-21 15:18:29,19,8168.32,3.869565217391304,250,267,True
78744a20ee2f80ba64f6804c25def2b8,2017-09-10 19:53:37,2018-08-19 15:27:35,6,2715.0,4.166666666666667,9,342,False
78813699ffac347fe27dba345a5f1551,2018-06-24 21:10:34,2018-06-24 21:10:34,1,152.42,5.0,65,0,False
788e857f317e53de488d393e65a80f45,2018-05-28 16:37:29,2018-08-22 11:16:54,11,1210.0,4.909090909090909,7,85,False
788f22bafdd7ab0e1e79f19db72f16a4,2018-08-16 15:46:02,2018-08-21 22:02:04,2,125.80000000000001,4.5,7,5,False
78a4d36f65a019172c6154468831a69f,2017-10-20 00:43:54,2017-12-08 16:15:26,7,1545.5,4.285714285714286,263,49,True
78ba5933c21686d1c2f64669c8c459e7,2017-03-20 13:55:36,2017-05-16 10:49:26,2,297.70000000000005,4.333333333333333,470,56,True
78c99c6dff4eeae5be99bf635ed21e3f,2017-02-08 10:18:09,2017-08-18 11:21:40,31,2030.88,4.333333333333333,376,191,True
78ef7e885d17f35e2382a47aae8b8cce,2017-02-15 15:54:35,2017-07-28 10:05:46,3,388.0,4.666666666666667,397,162,True
7901646fdd36a55f564ffaf2dbccaaf7,2017-03-02 13:52:03,2018-08-23 00:13:49,22,11857.08,4.444444444444445,6,538,False
791cfcfe22fe4a771ece27f90017da92,2017-06-12 14:07:14,2017-06-12 14:07:14,1,298.13,1.0,443,0,True
79565f7d5603b24ddf07ade262547f2f,2017-02-07 10:07:01,2017-05-24 22:42:55,7,346.0,4.428571428571429,461,106,True
7957cac1a02f45d0a4a7e45626382ec2,2017-09-08 10:09:43,2017-09-08 10:09:43,1,343.0,4.0,355,0,True
7963e546f34e098b578f9ad102494601,2017-11-05 18:19:24,2017-11-05 18:19:24,1,60.99,5.0,296,0,True
7994081388d55b9cf976c050653dd359,2017-02-09 14:29:29,2017-02-09 14:29:29,1,120.0,5.0,566,0,True
7994b065a7ffb14e71c6312cf87b9de2,2018-06-05 20:41:45,2018-08-04 00:42:23,5,453.0,5.0,25,59,False
79a679c36c08d606b3fd47ead9de109b,2018-03-02 12:01:02,2018-05-03 17:57:35,3,935.0,2.7142857142857144,117,62,True
79b93a308a97792cf53ac75f46da00b5,2017-07-23 10:07:01,2017-07-23 10:07:01,1,99.9,5.0,402,0,True
79ebd9a61bac3eaf882805ed4ecfa12a,2017-10-10 23:13:16,2018-08-18 22:51:17,133,14987.890000000001,4.02112676056338,10,311,False
79ed755314cfe6df0daef2c6cd3022cd,2017-02-24 09:06:40,2018-08-08 20:06:57,23,3907.5,4.72,20,530,False
7a241947449cc45dbfda4f9d0798d9d0,2017-03-10 10:24:46,2018-08-05 21:37:08,56,7434.66,3.742424242424242,23,513,False
7a2d2949aea47fab95fd98d6c9f618b1,2017-02-04 23:28:25,2018-06-25 20:15:05,11,1638.99,4.25,64,505,False
7a425d299613df3e613bcf9d2eaf5c49,2017-11-09 18:22:26,2018-08-01 23:12:08,18,1218.8,4.111111111111111,27,265,False
7a67c85e85bb2ce8582c35f2203ad736,2017-01-27 12:15:07,2018-08-21 01:30:48,1145,140238.65,4.2528041415012945,8,570,False
7a704e63bb29c446869efde5d57524c8,2018-01-25 14:19:53,2018-01-25 14:19:53,1,94.49,5.0,216,0,True
7a91bf945c6fae0779f1c61ce97fe45c,2017-07-17 00:25:55,2017-09-29 15:00:13,4,634.6,4.5,334,74,True
7a9c12e235c36247c3c81f50d6ea9cea,2017-03-31 23:54:45,2017-05-04 19:13:41,5,983.9000000000001,4.6,481,33,True
7aa4334be125fcdd2ba64b3180029f14,2017-02-28 10:08:49,2017-12-12 14:44:42,214,16012.949999999999,4.075949367088608,260,287,True
7aa538dd6e114e503a2e6154ea352253,2018-04-23 17:55:31,2018-08-17 15:45:42,5,1016.68,4.4,11,115,False
7ab0dd5487bab2dc835337b244f689fb,2017-04-05 17:58:30,2017-04-05 17:58:30,1,12.5,5.0,510,0,True
7ad32824caee82087b3e2e5f33b1bf32,2018-01-26 15:36:01,2018-08-27 20:47:15,147,22018.1,3.7444444444444445,1,213,False
7ad41305e96a6cab8294cd65891e9a86,2018-06-05 00:38:47,2018-06-12 20:54:25,2,180.0,5.0,77,7,False
7adbd3210a7b3cc2235e225eef33574d,2018-06-30 21:39:57,2018-08-14 19:39:04,3,131.9,4.666666666666667,14,44,False
7ade73f1b9b4e965f9009a4c3a7e2c15,2018-04-13 14:54:22,2018-08-11 13:27:25,26,1835.3000000000002,4.777777777777778,18,119,False
7b07b3c7487f0ea825fc6df75abd658b,2017-01-25 15:32:48,2018-08-24 10:48:37,91,9259.47,4.395833333333333,5,575,False
7b0df942f46435babab05d49b744b2c4,2017-02-03 10:09:40,2018-06-25 08:27:27,32,22600.63,4.28125,65,506,False
7b1222c3624aa89b9558b50a2594188c,2017-02-18 20:50:28,2018-06-26 14:07:10,22,10103.52,4.454545454545454,64,492,False
7b3447b497e55af8c15fc7bd89d7b81a,2017-11-17 19:53:15,2017-11-17 19:53:15,1,49.9,5.0,284,0,True
7b3f6ce5c6c22e9b96e7581ebf0df6e1,2017-12-09 19:07:28,2017-12-09 19:07:28,1,29.8,3.0,262,0,True
7b7ed56ae755e2880f2b69632e839c1e,2018-08-07 08:05:25,2018-08-15 19:33:04,5,321.5,4.2,13,8,False
7b7f91e98f8c6def45a1407923304402,2018-04-15 22:34:55,2018-07-22 00:22:32,11,417.47,3.5,38,97,False
7b8e8ec35bad4b0ef7e3963650b0a87b,2018-04-02 10:44:37,2018-07-26 14:16:04,5,2244.2799999999997,4.8,34,115,False
7b98de631987e26dd6d803490c43a13c,2018-05-22 15:14:41,2018-08-02 12:07:34,8,634.2,4.625,27,71,False
7bac63f6603d382cc8d0832eb6c100a8,2017-11-04 09:09:12,2018-08-03 15:28:52,19,7751.95,4.0,25,272,False
7bb8fac2913a6064ec412e583c6d8b4d,2018-02-02 13:40:38,2018-02-02 13:40:38,1,109.0,5.0,208,0,True
7bcd7c5f8631701474db233ccf1c094b,2017-04-14 14:28:24,2017-08-27 17:51:48,8,419.0,4.375,366,135,True
7c1fea10b5b006671d608b1d7c446ec4,2017-10-04 20:41:38,2018-06-13 15:39:09,14,423.59999999999997,4.0,76,251,False
7c4402417d51474d4d0cda9557340e40,2017-05-08 16:31:38,2017-05-08 16:31:38,1,119.9,5.0,477,0,True
7c4618c82226628831613e95e9c22f44,2017-12-14 10:52:55,2018-08-17 06:37:13,13,333.93,4.076923076923077,12,245,False
7c462184585ae80bd6e5774c62ce50f2,2018-05-07 12:38:04,2018-05-07 12:38:04,1,60.0,3.0,114,0,True
7c4adcc13272c0e26fa23aac642adb7b,2018-01-28 10:24:50,2018-02-26 12:21:19,2,135.0,3.0,184,29,True
7c51de0ab286204ce75ff42bf7c10d92,2018-07-22 10:11:35,2018-08-12 17:52:19,4,759.0,4.5,16,21,False
7c5b05cbdb5542049f38d90d7815b97d,2018-04-28 14:32:54,2018-07-15 09:56:32,21,993.97,4.565217391304348,45,77,False
7c67e1448b00f6e969d365cea6b010ab,2017-01-26 22:44:11,2018-08-07 18:58:53,973,188063.83000000002,3.3513909224011713,21,557,False
7c9130f5f3729edd32aa059141d92484,2018-06-20 18:53:42,2018-08-23 11:30:22,3,126.0,3.75,6,63,False
7caa63f175b1cecbfaadd8b5ab9998c7,2018-01-02 17:05:06,2018-01-02 17:05:06,1,19.9,1.0,238,0,True
7cb946b1ad19faebe28c3e86c2794ec3,2017-11-16 21:01:25,2017-11-16 21:01:25,1,25.0,5.0,285,0,True
7cf4ea70955b00d6b3c22542598e2715,2018-07-19 14:00:02,2018-07-19 14:00:02,1,189.9,5.0,41,0,False
7d13fca15225358621be4086e1eb0964,2018-02-14 21:11:44,2018-08-25 13:51:01,558,112436.18000000001,4.007005253940456,4,191,False
7d294cf9a6a69dc6a0c3e540fff0e039,2018-05-06 20:37:58,2018-08-01 19:42:37,5,257.25,4.4,27,86,False
7d456afc660226829370f3173d14520c,2016-10-06 08:58:04,2018-08-21 18:47:23,55,8456.25,4.274725274725275,7,684,False
7d484ca289afaac6bf5fc6a1e96d2226,2018-08-05 13:27:49,2018-08-17 19:54:09,2,183.2,4.0,11,12,False
7d76b645482be4a332374e8223836592,2017-07-27 20:53:35,2018-08-14 23:20:59,172,3765.74,3.9562841530054644,14,383,False
7d7866a99a8656a42c7ff6352a433410,2018-07-03 23:18:04,2018-08-29 14:52:00,5,147.89,4.4,0,56,False
7d7d2b7a51328016102d4528c411d630,2018-04-07 18:26:07,2018-08-18 08:17:21,7,918.8,4.142857142857143,11,132,False
7d81e74a4755b552267cd5e081563028,2018-08-20 13:31:30,2018-08-20 13:31:30,1,32.5,4.0,9,0,False
7d948535954aaf8c5d39db007f74372e,2017-07-02 18:28:14,2018-04-08 11:43:25,4,194.0,3.75,143,279,True
7daca0837f033a41a6f3428c18657533,2018-04-19 15:47:11,2018-06-10 14:08:05,7,1228.98,3.5714285714285716,80,51,False
7dc8c42cc750eeafea6c85712ffee9bf,2016-10-07 19:02:48,2018-08-28 22:30:32,41,6409.68,4.26,0,690,False
7dc9a3355bae96dd82008b313d3a456c,2018-06-20 07:42:30,2018-06-20 07:42:30,1,899.0,5.0,70,0,False
7ddcbb64b5bc1ef36ca8c151f6ec77df,2017-07-19 08:55:10,2018-06-17 14:13:41,325,54630.65,3.952238805970149,73,333,False
7dea6f73af847b42cc3985bd620f994d,2018-08-04 13:01:25,2018-08-24 21:42:26,2,324.0,4.0,4,20,False
7df1fc11cc5cbc518b39faa60cf5d67c,2018-04-14 10:39:22,2018-07-24 11:46:04,5,1037.6,4.2,36,101,False
7e1fb0a3ebfb01ffb3a7dae98bf3238d,2017-02-04 21:39:14,2018-08-23 19:57:18,155,26169.53,4.124260355029586,5,564,False
7e26c750b4cb9f6766f58265ff9ebe95,2017-02-03 16:10:44,2017-10-13 12:42:33,23,1344.3,4.407407407407407,320,251,True
7e3f87d16fb353f408d467e74fbd8014,2017-06-29 10:43:25,2018-08-26 11:59:34,91,4653.09,4.161290322580645,3,423,False
7e79d65b5c6f1f544b7daea036acf720,2017-06-14 14:13:14,2017-10-24 12:11:43,4,517.8,4.5,309,131,True
7e93a43ef30c4f03f38b393420bc753a,2016-10-08 01:28:14,2018-07-13 21:30:54,319,165981.49,4.354037267080745,46,643,False
7ea5bfa6c340f58f8e71fc1f0412b0d6,2017-11-20 16:35:55,2018-08-11 12:01:37,96,10838.41,4.117647058823529,18,263,False
7ecd59e5e20407131822c1a68ac59c1f,2017-11-29 10:51:21,2018-08-03 15:30:58,24,1466.71,4.482758620689655,25,247,False
7ecef8194babfec876ca720714327841,2017-10-15 22:41:59,2018-07-20 18:38:33,7,990.5,4.25,39,277,False
7f02656561b680def9986c0795a8a080,2017-08-18 13:19:58,2017-08-18 13:19:58,1,42.0,5.0,376,0,True
7f152321c60a266edc53af1925ef96c1,2017-08-29 17:24:40,2018-08-02 18:04:17,20,3919.8,3.8,26,338,False
7f2617c58d5d06806987308b45654351,2017-04-12 22:14:49,2018-06-21 20:53:59,22,3656.8,3.869565217391304,68,434,False
7f35f9daf223da737b78738fbae4d977,2018-06-18 05:22:00,2018-07-04 18:15:26,5,252.0,4.0,55,16,False
7f40d06aa0b5f1aa4f41af8c0480e2ef,2018-08-09 08:17:42,2018-08-27 19:21:58,6,1309.94,4.833333333333333,1,18,False
7f5e4d5efad7e44b91115dd1decb65f3,2018-05-07 12:46:18,2018-07-29 05:12:32,3,179.9,5.0,31,82,False
7f7b8245c336066a1f9933c359f11d77,2018-04-11 16:00:34,2018-08-17 08:20:42,38,2094.36,4.558139534883721,12,127,False
7fc87cc3e89b3d1d5cabdca32f8485aa,2018-05-02 12:35:31,2018-08-02 12:06:29,14,2153.9,3.5714285714285716,27,91,False
7fdb0720c8d7c9075538b365dc8c3a22,2018-04-21 11:38:28,2018-07-22 20:00:05,9,1804.0,2.4,37,92,False
7fe21dd00d2f4943ae09525efa2fd674,2017-04-22 00:20:19,2017-07-02 00:25:04,2,169.8,5.0,423,71,True
7ff588a03c2aeae4fbd23f9ae64b760d,2018-06-06 08:34:53,2018-08-26 21:47:50,14,1182.2,4.6875,2,81,False
800214c63934acd05d47e84214db8ba8,2017-03-31 12:33:22,2017-05-15 08:58:47,3,199.70000000000002,5.0,471,44,True
804287717b9156fb7a787acd9af4fac1,2017-06-07 11:49:07,2017-06-07 11:49:07,1,18.8,5.0,448,0,True
8060d731897e33b5c5ae575ce1e209e1,2018-05-07 10:09:40,2018-07-14 14:32:44,5,199.5,4.8,46,68,False
808d4348b916efa08e766ebad39f61eb,2018-07-07 19:45:17,2018-08-22 10:41:47,20,712.95,4.6,7,45,False
8090490573c6c0aa343a7231ebcb8c86,2017-09-01 22:51:39,2018-08-16 10:27:30,26,3871.12,4.1923076923076925,13,348,False
809413606dbfe5deefd2db646693ef67,2017-11-05 22:41:44,2018-05-06 20:41:35,3,196.68,4.2,114,181,True
80ceebb4ee9b31afb6c6a916a574a1e2,2018-07-25 18:10:17,2018-07-25 18:10:17,1,6729.0,1.0,34,0,False
80cfd480be3eb6d6267139f5cb793555,2017-03-10 10:34:16,2017-03-10 10:34:16,1,99.9,4.0,537,0,True
80e6699fe29150b372a0c8a1ebf7dcc8,2016-10-10 16:00:30,2018-05-13 19:30:39,96,11119.66,4.357142857142857,107,580,True
80f2cf9abf6b5a0e5c612b5eea6646e6,2018-04-05 08:21:18,2018-05-15 08:31:26,6,654.08,5.0,106,40,True
8132b9bd16876e1b0f8808d43825dd48,2017-05-05 18:20:43,2017-05-05 18:20:43,1,77.9,5.0,480,0,True
813348c996469b40f2e028d5429d3495,2017-05-01 14:48:33,2018-04-24 13:21:26,172,10813.53,3.958974358974359,127,357,True
81336a0f57a33776419727a300249e90,2017-07-19 14:08:55,2018-04-22 22:07:08,15,1351.9,3.8333333333333335,128,277,True
8160255418d5aaa7dbdc9f4c64ebda44,2017-10-09 14:50:32,2018-08-20 10:29:03,380,46648.090000000004,3.8594847775175642,9,314,False
817245bcc3badd82bbd222e0366951a6,2017-11-14 22:19:50,2018-07-17 14:16:29,28,5345.6,3.9545454545454546,43,244,False
81783131d2a97c8d44d406a4be81b5d9,2018-07-27 13:06:11,2018-08-15 10:06:15,8,761.8399999999999,4.555555555555555,14,18,False
817f85dbb65aa3e70831d90fe75cdf89,2016-10-03 22:44:10,2017-03-15 12:25:24,11,1552.27,4.545454545454546,532,162,True
8185694b58b2ba6de20fd41ae608bbea,2018-03-10 12:45:26,2018-08-11 13:09:33,8,1372.3,4.5,18,154,False
818d28f936e791926d33bcb6ee94ef79,2017-02-09 21:19:01,2017-05-24 17:19:22,4,111.6,4.25,461,103,True
81a1104df0f08b59c68aa5b03cfe398e,2017-05-21 13:07:26,2018-04-16 18:51:24,72,9320.98,4.305555555555555,134,330,True
81ed90f07c0bacb7594940ba2ef676aa,2017-10-25 23:24:01,2017-11-11 16:51:19,2,223.9,4.5,290,16,True
81f89e42267213cb94da7ddc301651da,2018-08-08 12:45:12,2018-08-27 18:45:54,46,3955.0,3.5384615384615383,1,19,False
820c7c9eaf76d2b226b6c242bcf3f34d,2017-01-30 17:33:05,2017-01-30 17:33:05,1,559.0,4.0,575,0,True
820cc752a266cdc6c1a1e61dd4583330,2017-01-31 20:16:02,2018-04-27 13:39:47,15,2802.7999999999997,4.133333333333334,124,450,True
821fb029fc6e495ca4f08a35d51e53a5,2018-01-21 19:06:42,2018-08-15 19:03:09,24,17851.62,3.4,13,205,False
822166ed1e47908f7cfb49946d03c726,2017-05-25 00:33:44,2018-07-22 15:19:05,69,3752.31,3.890909090909091,37,423,False
822b63912576852aea9a8436d72317b7,2016-10-04 19:25:29,2017-01-24 12:18:07,6,3465.9300000000003,4.857142857142857,582,111,True
822bad9bc42b51213ba522fe87b7ab5d,2017-08-10 22:52:11,2018-06-09 10:48:27,18,5160.0,4.111111111111111,81,302,False
827f8f69dfa529c561901c4f2e0f332f,2016-10-07 14:15:50,2018-03-19 13:16:50,91,3438.29,4.190476190476191,163,527,True
82921991ff5b557b045605b8bbf08d49,2018-08-05 19:41:36,2018-08-05 19:41:36,1,18.9,5.0,23,0,False
82bd0703a4aefd6b599e5bfdaed378fb,2016-10-04 23:45:54,2017-08-18 08:57:28,20,2473.28,3.7083333333333335,376,317,True
82cb9f452fe8334df74b22d37824b431,2018-04-11 10:48:10,2018-08-01 15:01:52,14,838.2,4.722222222222222,27,112,False
82e0a475a88cc9595229d8029273f045,2017-02-22 14:08:00,2018-01-18 02:11:56,41,11346.62,3.3452380952380953,223,329,True
830379336fad8c6f3b15a4a3ddb5c66e,2018-04-21 17:34:58,2018-07-24 10:54:55,2,268.0,4.5,36,93,False
83353a83fd769dfafa4f21a72b15e3e5,2017-04-01 17:31:42,2017-12-17 23:30:16,5,579.5,3.8,254,260,True
834f3294fba9f932f56edc879193f925,2017-05-10 16:57:39,2018-08-15 09:57:51,66,39907.5,4.545454545454546,14,461,False
834f8533b2ecb6598dd004ff3de7203a,2017-01-17 22:34:59,2018-08-20 20:13:09,41,4516.11,3.875,8,579,False
835f0f7810c76831d6c7d24c7a646d4d,2017-02-11 21:54:04,2018-02-13 16:23:29,42,4990.200000000001,3.3125,196,366,True
83645b1645cdee8953ee54c29ceed564,2017-03-12 12:24:51,2018-08-04 20:00:03,14,978.9,4.428571428571429,24,510,False
8378eb36b6b70c5734e83ad7b8cdc3b7,2017-12-20 10:19:57,2018-07-02 21:10:53,7,1714.8,3.769230769230769,57,194,False
83a75eea11694e36e56dd0cb2240229a,2018-02-25 20:10:26,2018-04-18 13:43:52,3,487.0,5.0,133,51,True
83b08de96980757220871b31bf6cffca,2017-10-13 15:52:21,2018-05-07 10:08:06,5,1304.17,4.285714285714286,114,205,True
83c465a786b06574376909b35ef6752a,2018-06-25 20:24:55,2018-08-16 18:56:19,3,281.4,5.0,12,51,False
83c8aafbefb034674a70de0eac5b8954,2018-03-28 21:35:46,2018-07-10 10:30:04,2,134.9,5.0,50,103,False
83deb69e889cf80f82be1dc6d5f2d486,2017-07-17 22:19:33,2018-08-12 18:45:22,40,5363.01,4.357142857142857,16,390,False
83e197e95a1bbabc8c75e883ed016c47,2017-01-27 05:27:14,2018-02-27 19:17:20,46,6574.1900000000005,4.7407407407407405,182,396,True
83f2b4881141ce3fcd4e985125d3279e,2018-01-24 08:45:48,2018-03-18 14:49:40,3,95.6,5.0,164,53,True
8444e55c1f13cd5c179851e5ca5ebd00,2017-03-13 23:13:57,2018-06-29 19:52:09,92,21480.96,3.156862745098039,60,472,False
845e8036c3f7bf62099352f5ed910240,2018-05-25 22:07:54,2018-08-24 16:35:15,21,1584.6000000000001,3.8333333333333335,4,90,False
8476243f92442881ddd5b578975cf115,2018-03-14 10:12:48,2018-08-14 17:50:05,12,7838.0,4.083333333333333,14,153,False
84c945f15571830c1a91a33978e94009,2017-03-20 23:42:55,2017-05-14 08:39:56,2,51.98,4.5,472,54,True
84deb808079d1be601c209c1e771b1cc,2017-09-05 11:07:37,2017-11-27 21:29:49,2,34.93,5.0,274,83,True
85044848b1b767db2a4a58526adef4b4,2018-04-07 19:30:17,2018-07-13 14:02:37,4,240.60000000000002,3.25,47,96,False
850857dfac77488c307e2b1cbd84ab5a,2018-06-12 21:05:40,2018-06-12 21:05:40,1,1599.0,5.0,77,0,False
850913d59ce317156b00f3705f1c3edb,2018-03-07 12:24:36,2018-07-27 16:20:49,29,2183.0,3.5,32,142,False
850f4f8af5ea87287ac68de36e29107f,2017-04-10 23:29:46,2018-06-27 11:10:11,186,45285.37,4.282722513089006,63,442,False
851773c885feb5e2da3b4f82bc2b17ce,2018-02-08 13:55:48,2018-08-26 13:33:43,10,585.3,4.2,3,198,False
855668e0971d4dfd7bef1b6a4133b41b,2017-05-02 13:41:42,2018-08-26 11:01:05,300,30899.22,3.817891373801917,3,480,False
8581055ce74af1daba164fdbd55a40de,2017-01-18 17:44:05,2018-04-18 20:55:32,380,64919.67,4.2609699769053115,132,455,True
85cc55e048b6bcc90c75afe7f0e72f72,2018-05-07 00:06:34,2018-07-25 21:36:32,9,308.28,4.444444444444445,34,79,False
85d9eb9ddc5d00ca9336a2219c97bb13,2016-10-06 09:07:52,2018-08-19 22:46:19,499,15198.939999999999,4.205825242718447,9,682,False
85e7c62c1d6ea078c3897424f867a7c8,2017-12-27 19:48:04,2018-01-17 16:46:29,2,60.0,4.5,223,20,True
85ecf03781da592876b7844acc1b729f,2018-07-18 15:14:15,2018-08-04 22:12:46,2,251.0,4.5,24,17,False
8602a61d680a10a82cceeeda0d99ea3d,2017-08-04 16:41:25,2018-08-02 16:31:11,17,826.99,4.473684210526316,26,362,False
8603f0038fe0e52fedd3382d266723de,2017-04-24 17:42:25,2018-01-24 17:02:52,10,2355.0,4.4,216,274,True
8629a7efec1aab257e58cda559f03ba7,2018-02-16 13:56:54,2018-02-16 13:56:54,1,45.22,1.0,194,0,True
8629c241b3622ac12cd4118afdc8d394,2018-03-19 16:11:16,2018-07-10 17:45:13,13,1167.66,4.076923076923077,49,113,False
863d2ebcd347ce4922de7a0f9a5581d6,2017-07-04 17:45:29,2018-08-13 14:51:14,17,1312.36,4.111111111111111,16,404,False
8648b1e89e9b349e32d3741b30ec737e,2017-09-28 08:26:10,2018-08-26 21:18:34,93,7427.65,4.127450980392157,2,332,False
866558b3bccef2dbc6d29a2b5995016f,2017-10-22 14:36:12,2018-07-20 17:57:36,5,1519.4,4.666666666666667,39,271,False
86bb7c4b535e49a541baf3266b1c95b1,2016-10-04 13:45:08,2018-02-05 12:56:57,16,8162.4,3.0625,205,488,True
86bf77bdb52e615674772d5817c6212f,2018-04-24 18:39:22,2018-07-31 21:12:24,4,281.8,4.8,28,98,False
86ccac0b835037332a596a33b6949ee1,2017-03-22 17:23:19,2018-07-30 16:32:00,178,15949.11,4.019047619047619,29,494,False
86ff3eaef0267069cc891a2ed9d10a17,2018-04-17 15:19:13,2018-07-08 21:08:26,7,409.75,4.714285714285714,51,82,False
870d0118f7a9d85960f29ad89d5d989a,2017-04-08 20:38:00,2018-08-27 09:19:09,45,3248.9,4.0625,2,505,False
87142160b41353c4e5fca2360caf6f92,2017-02-03 16:25:13,2018-08-21 21:53:58,305,31410.98,4.362573099415204,7,564,False
8759e7aedd644f487315e5860962f162,2017-11-28 14:16:21,2017-12-27 17:50:31,3,627.0,3.6666666666666665,244,29,True
876182d1918783bbe15233febfbd4926,2017-05-15 13:51:50,2018-02-27 22:26:24,3,120.27,4.0,182,288,True
87b4428a334b8f676fd9a7f3bf544fb5,2018-08-13 19:22:29,2018-08-13 19:22:29,1,29.99,5.0,15,0,False
87b740daf17b5d1be335a64164ec6842,2017-02-13 18:38:38,2018-03-15 15:58:43,11,12099.89,3.727272727272727,166,394,True
87d30a6a0cbf89356e49324971ab1d24,2017-12-21 13:48:26,2018-06-20 20:25:37,17,2134.13,4.352941176470588,69,181,False
87d3c3aeb3ead335511b3ce315eb341e,2018-06-13 14:35:29,2018-08-17 07:44:54,15,749.3499999999999,3.3333333333333335,12,64,False
87d73636a3acf123e842bb890a4db036,2018-07-25 15:17:58,2018-07-25 15:17:58,1,269.9,5.0,34,0,False
87e24fc7052259b1f7f607d61c10d8be,2018-05-15 13:18:27,2018-08-14 11:15:33,7,7073.59,3.857142857142857,15,90,False
87f3e35268860433e13d577825aada95,2016-10-05 20:20:59,2016-10-05 20:20:59,1,19.9,1.0,692,0,True
880ce4951cf857ab1d9e0b75c1d856f4,2018-02-13 21:06:34,2018-02-13 21:06:34,1,178.9,5.0,196,0,True
883dd81e82754ac2c65e9790a7db8c9a,2017-10-23 19:51:15,2018-06-23 19:04:41,5,319.5,4.4,66,242,False
88460e8ebdecbfecb5f9601833981930,2017-11-21 12:32:07,2018-08-17 07:01:01,246,32184.5,3.3592233009708736,12,268,False
888faa8bfb0b159c37de6d898b961c31,2017-08-07 14:10:09,2018-08-22 09:20:10,19,2418.3,3.869565217391304,7,379,False
889009a0ed0bb52c87819941192931b8,2017-06-01 11:59:38,2017-06-01 11:59:38,1,89.9,4.0,454,0,True
88ae906ea2acf6971f26c3e8b7cb4357,2018-04-27 14:42:36,2018-05-11 14:39:15,3,246.0,3.3333333333333335,110,13,True
88cd3681e0a2ba85e190f7d817629c4c,2018-08-15 21:09:19,2018-08-15 21:09:19,1,180.0,4.0,13,0,False
88cf19ec1fc2c58f161aee259d57142c,2018-05-20 17:16:24,2018-08-20 18:44:49,14,1507.96,4.466666666666667,8,92,False
88ef59b51bdaa941d10a853429f2b6ce,2018-07-04 14:05:12,2018-08-18 20:16:45,2,252.9,2.0,10,45,False
891071be6ba827b591264c90c2ae8a63,2017-01-24 21:16:24,2018-08-23 11:37:30,85,3793.34,3.868131868131868,6,575,False
8931a84a914b3fe9b1ddaa4d704947ca,2017-03-29 02:00:08,2018-07-19 22:57:19,29,4668.3,3.8125,40,477,False
8936ba0de1073ee888cb3185ae5dc661,2017-04-05 08:53:24,2017-04-05 08:53:24,1,389.99,5.0,511,0,True
897060da8b9a21f655304d50fd935913,2016-10-04 21:54:52,2018-06-14 15:22:53,304,22339.36,3.45083932853717,75,617,False
89757206b887aed36f3e18d858460fea,2018-05-03 11:45:49,2018-07-04 21:45:50,2,120.5,5.0,55,62,False
89a51f50b8095ea78d5768f34c13a76f,2018-04-24 15:34:42,2018-07-31 20:54:09,10,677.16,4.7272727272727275,28,98,False
89ad3263c0931c47f976d7c5778e60f6,2018-06-25 10:02:54,2018-07-28 14:44:16,6,568.2,4.166666666666667,32,33,False
89bc797e2e29667aa035d4368f9b7f92,2016-10-05 13:12:43,2017-04-10 16:11:37,16,392.4,3.8947368421052633,505,187,True
89c127985a8b130cfa45c1d36764017a,2017-06-30 10:13:23,2018-01-04 21:27:37,6,1334.67,3.5,236,188,True
89d9a386b0b6e5fc8403071b03f7206a,2018-02-10 12:07:53,2018-02-12 22:38:55,2,167.0,3.4,197,2,True
89dda63a3c907c468ec88c310ed91213,2018-04-08 09:41:45,2018-04-08 09:41:45,1,44.99,5.0,143,0,True
89de2d6f23e9746ff309705b23581faa,2018-07-16 18:40:53,2018-08-03 17:53:36,8,340.0,2.5,25,17,False
89f69225956f951295ca4c7fb1266553,2018-05-13 21:20:26,2018-08-14 00:04:22,11,1041.3,4.333333333333333,15,92,False
8a130737016f838139d31878787a39c9,2017-12-07 10:53:40,2018-07-20 21:57:45,56,4222.03,4.354838709677419,39,225,False
8a1ff5c35f6595a73fef4c7b96e4908a,2018-06-09 11:41:45,2018-08-01 11:56:01,2,1598.0,5.0,28,53,False
8a207b6080964f3c1fc9d35bd6096ba4,2017-09-20 11:20:55,2017-11-03 11:10:16,2,553.7,5.0,299,43,True
8a2d12a90e92f012ce5226fc6592b653,2017-12-23 13:03:06,2018-08-24 00:01:48,18,1713.65,4.421052631578948,5,243,False
8a32e327fe2c1b3511609d81aaf9f042,2016-10-07 22:51:32,2018-02-23 11:16:55,126,6139.1,3.9590643274853803,187,503,True
8a40ae794fa3f9892cee24bd5af0488b,2017-06-12 22:07:23,2018-06-19 14:04:13,6,739.8499999999999,3.1666666666666665,71,371,False
8a43128d7f9a3db592b866e6861a6cce,2018-06-25 20:37:05,2018-08-23 09:57:21,3,990.5999999999999,2.0,6,58,False
8a432f4e5b471f8da497d7dc517666e2,2018-04-05 11:05:44,2018-08-28 11:16:37,95,7555.0,4.1415094339622645,1,145,False
8a87611c08849ffeeccab52aa798b6c7,2017-01-26 23:48:56,2017-02-10 10:19:10,6,587.9,4.666666666666667,565,14,True
8a8835a43bda99fd37310ad76c457510,2018-07-16 18:39:09,2018-08-02 18:50:07,2,224.34,4.333333333333333,26,17,False
8a9260f2b0340411d6d2a56bcf4f7378,2018-02-17 02:10:19,2018-08-17 13:48:52,8,1256.0,4.777777777777778,12,181,False
8ab42aa58097fd4668d60cc648225d5f,2017-10-11 09:18:23,2018-08-03 12:58:11,20,2616.75,4.153846153846154,26,296,False
8ae520247981aa06bc94abddf5f46d34,2017-11-01 22:26:06,2018-08-20 22:45:38,65,16320.99,4.446153846153846,8,292,False
8b11118053756a9a2932f447e11fc1b5,2016-10-06 22:34:03,2016-10-06 22:34:03,1,79.99,3.0,691,0,True
8b181ee5518df84f18f4e1a43fe07923,2018-05-30 09:21:06,2018-05-30 09:21:06,1,27.9,5.0,91,0,True
8b2492b7ff4468839593fafeed55bad9,2017-08-29 08:50:49,2018-07-30 09:08:42,29,3660.08,3.888888888888889,30,335,False
8b28d096634035667e8263d57ba3368c,2017-02-28 14:56:37,2018-07-19 17:43:55,139,9025.3,3.8675496688741724,40,506,False
8b2d4ab22f42c5cfc338b846decfda60,2018-03-28 00:32:25,2018-08-20 00:11:37,6,458.0,4.777777777777778,9,144,False
8b321bb669392f5163d04c59e235e066,2017-10-27 15:34:03,2018-08-21 16:45:44,930,17262.94,4.017910447761194,7,298,False
8b655f0855926bcb49f5835d38dfddf6,2018-05-13 12:51:15,2018-08-17 10:55:49,5,1089.5,4.8,12,95,False
8b87cd0d43d49b9bdf40f56229364d59,2017-10-10 00:45:51,2017-11-07 22:12:52,2,729.0,5.0,294,28,True
8b8cfc8305aa441e4239358c9f6f2485,2017-01-29 21:40:02,2018-04-11 10:48:14,15,11892.0,4.2,140,436,True
8b9d6eec4a7eb7d0f9d579ce0b38324d,2018-05-13 23:56:22,2018-08-20 16:50:24,48,4159.55,4.115384615384615,8,98,False
8bb48dc19fccaa8613b6229bf7f452a2,2017-10-17 22:02:00,2018-07-23 14:45:41,82,4215.12,4.34375,37,278,False
8bd0e3abda539b9479c4b44a691be1ec,2017-05-29 19:02:29,2018-01-06 23:02:42,6,474.15000000000003,2.0,234,222,True
8bd0f31cf0a614c658f6763bd02dea69,2017-01-18 10:55:55,2018-08-16 20:32:56,33,4455.34,4.114285714285714,12,575,False
8bdd8e3fd58bafa48af76b2c5fd71974,2018-01-12 20:53:30,2018-08-05 14:50:57,10,2135.83,4.9,24,204,False
8c0de775f52fe41590b376a3b7c50f68,2018-03-15 22:24:24,2018-07-03 15:02:54,8,594.8000000000001,4.25,56,109,False
8c16d1f32a54d92897cc437244442e1b,2016-10-05 08:01:47,2018-08-24 11:44:39,108,5642.6,4.288135593220339,5,688,False
8c351ed7c326c62123318f4f3246e906,2017-12-27 09:08:17,2018-08-18 23:03:24,2,114.9,5.0,10,234,False
8c3b533c63cca56240f94f1e3a6b18ef,2017-02-05 18:47:44,2017-05-15 00:45:02,3,1849.5,1.4,471,98,True
8c5e007d7bd5693fa1386ffefbc99f6c,2018-06-05 16:09:34,2018-08-19 20:45:58,9,1029.11,4.166666666666667,9,75,False
8c91bfea4263b8fba54081460693e2a1,2017-02-05 21:37:59,2017-02-20 16:53:03,2,739.0,5.0,554,14,True
8c9348f33ae3dada25c99c99ade2af78,2018-06-19 11:34:27,2018-07-26 20:18:26,2,312.99,5.0,33,37,False
8ca1551acf9832a4cf467bbbac15851f,2018-02-27 12:04:55,2018-08-15 17:18:49,11,2176.4,3.6666666666666665,13,169,False
8ca5b19e0263150d2c57afdde2b3d011,2017-10-26 12:58:12,2017-11-23 11:03:54,3,180.60000000000002,4.75,279,27,True
8cb7c5ddf41f4d506eba76e9a4702a25,2018-02-07 22:52:02,2018-02-07 22:52:02,1,69.0,5.0,202,0,True
8cbac7e12637ed9cffa18c7875207478,2017-01-26 14:29:25,2018-08-27 18:25:28,66,2955.98,4.185185185185185,1,578,False
8cc6a0e5738e61a87b03c78b2ba9db4b,2017-02-02 12:25:09,2017-04-28 15:54:22,23,13272.7,4.416666666666667,487,85,True
8ccf3cf69651cc1d8a02c8bfaf3b8568,2017-04-22 20:02:16,2017-05-11 18:33:36,2,250.0,3.5,474,18,True
8cf21434553b02cbd37c0bbd07e041b0,2017-11-24 15:16:27,2017-11-24 15:16:27,1,49.99,4.0,277,0,True
8d46553a36e68f95350a200c12f8f2e2,2017-08-19 10:08:37,2018-03-15 17:34:36,9,660.0,4.090909090909091,166,208,True
8d79c8a04e42d722a75097ce5cbcf2ef,2017-01-27 22:02:29,2018-03-15 10:37:39,26,2627.82,4.592592592592593,167,411,True
8d899e15a5925f097cca50faa49b15e3,2018-05-28 11:02:23,2018-08-17 12:58:36,4,645.0,2.5,12,81,False
8d92f3ea807b89465643c219455e7369,2017-01-25 16:38:10,2017-02-26 05:12:17,3,121.2,1.0,549,31,True
8d956fec2e4337affcb520f56fd8cbfd,2017-10-12 09:04:48,2018-08-26 18:03:59,210,11025.13,4.206140350877193,2,318,False
8daab2245ebdc277c51098d01c5ad8ef,2018-04-04 22:25:36,2018-08-22 13:49:40,16,1604.59,4.625,7,139,False
8dd386be0767c330276ea6a3f96532d3,2018-08-10 21:14:35,2018-08-10 21:14:35,1,89.98,5.0,18,0,False
8de8fe3af4449ed695d2434c933ed73e,2018-08-04 15:52:54,2018-08-04 15:52:54,1,2090.0,5.0,24,0,False
8def3db7f272735afb2ecd03aeca09a7,2018-07-30 08:36:51,2018-08-06 19:11:34,2,196.0,5.0,22,7,False
8dfbc5ff27df12f6cef751d3b9554222,2018-05-15 11:48:56,2018-08-15 19:46:26,4,226.0,4.5,13,92,False
8e29d051f810eb22959ede205b462b9f,2018-06-10 14:03:38,2018-06-19 13:38:23,2,599.8,4.0,71,8,False
8e2b3afb420011ef0c88c9d5f11ea526,2017-11-13 22:31:33,2018-01-29 21:49:38,11,1384.5,4.2727272727272725,211,76,True
8e34331b7eedd03be4e5d965c1956225,2018-01-22 11:43:20,2018-07-05 14:24:57,5,145.0,4.8,55,164,False
8e4f041ff58e7845456d3482524014b3,2018-02-06 16:04:20,2018-03-03 19:36:34,2,133.8,3.0,178,25,True
8e670472e453ba34a379331513d6aab1,2017-09-06 17:07:29,2017-09-06 17:07:29,1,975.0,1.0,356,0,True
8e6cc767478edae941d9bd9eb778d77a,2017-01-29 19:08:00,2018-06-13 11:37:39,100,5957.31,3.9727272727272727,77,499,False
8e6d7754bc7e0f22c96d255ebda59eba,2017-12-30 16:52:49,2018-08-26 04:52:35,84,14346.57,3.0303030303030303,3,238,False
8e8a7ce9f2f970dc00e2acf6f6e199f6,2017-11-30 16:02:21,2018-08-21 08:16:01,63,8956.0,3.9846153846153847,8,263,False
8ea394aed8138685abe1eb9f25e1021d,2017-12-30 10:29:21,2018-06-07 11:31:23,2,1340.0,4.0,83,159,False
8eb88b0acb3f90a717ad659221471fa7,2017-09-19 09:59:54,2018-02-04 17:52:21,2,119.8,4.5,205,138,True
8ec76bb0965af3f007692b26fa9d6623,2017-11-17 15:31:37,2017-11-17 15:31:37,1,1999.0,5.0,284,0,True
8ed8ea9a57c862f2c18c2fe41f601d56,2018-04-11 11:48:05,2018-06-10 14:06:01,19,3831.9,4.473684210526316,80,60,False
8f0fbe2cd4d472157dc1cdef6edecaa9,2017-07-14 09:21:51,2017-09-11 22:51:42,2,71.88,3.0,351,59,True
8f119a0aee85c0c8fc534629734e94fd,2017-01-05 19:52:28,2018-08-10 21:02:26,75,3578.88,4.246913580246914,18,582,False
8f2b51a30523cdecddc2f179f351c7d6,2017-04-13 16:53:02,2017-07-01 18:50:04,7,1027.9,3.875,423,79,True
8f2ce03f928b567e3d56181ae20ae952,2017-04-30 19:04:30,2018-08-24 17:54:37,151,21213.2,4.098837209302325,4,480,False
8f54d64f28a993550aa7943f12572959,2017-11-10 20:15:35,2018-08-15 19:05:50,15,2755.5,3.8125,13,277,False
8f580d36c1e9d6fbce95283403c7d447,2017-12-18 09:12:41,2018-08-14 16:04:40,8,4813.25,4.375,14,239,False
8f78f0903005064036736c7173a5c2ed,2017-04-12 11:35:01,2018-07-29 22:38:20,13,2113.7,3.4761904761904763,30,473,False
8fb67a334bacec338885b4e9e1708073,2018-07-15 12:57:04,2018-07-15 12:57:04,1,59.9,5.0,45,0,False
8fb791022c1fc8909664f48ab7dc636d,2018-07-04 13:44:57,2018-07-22 16:56:59,5,8119.95,4.2,37,18,False
8fbd63429be6d3e5e6d1a709b6464802,2018-04-18 00:27:01,2018-06-28 09:17:04,6,1061.4,4.625,62,71,False
8fbe2ee446b97e128471be4ce983dc0d,2018-06-19 14:01:34,2018-08-01 12:52:42,3,148.5,3.0,28,42,False
8fd3b4468f6425810648177996c14cbd,2018-06-13 11:33:32,2018-06-13 11:33:32,1,354.9,5.0,77,0,False
8fdca8e349553f99bc738833a62c8802,2016-10-06 12:51:54,2017-08-09 10:26:30,22,989.3399999999999,4.241379310344827,385,306,True
8fe8786ee000001ab51d030dfd4a7bf1,2017-11-20 20:34:03,2018-06-22 21:16:19,5,2255.0,4.6,67,214,False
8fec2e460530482132c436cfb5439925,2018-01-29 17:16:45,2018-02-22 09:54:40,3,468.46,3.8,188,23,True
8ff1a9df749e454105c55cda13e79143,2017-11-06 23:31:37,2018-06-22 16:18:40,13,1400.6000000000001,3.142857142857143,67,227,False
8ff38bc3969e67c36c48343a07090f66,2017-08-01 09:24:06,2017-09-29 13:19:51,2,3472.0,2.5,334,59,True
8fff28c4263ddec387f28d237fb42773,2018-08-14 16:39:01,2018-08-21 08:23:49,2,58.6,5.0,8,6,False
900ba814c251a692506d7834c1218441,2017-07-04 13:25:07,2018-08-25 18:52:49,86,28833.03,4.22093023255814,3,417,False
901b460cdce0c64e471230d7f2f9f3a3,2017-10-18 20:37:23,2018-07-15 07:05:30,5,1904.0,4.4,45,269,False
902c99f1ac505c0d18778b61bcd636f7,2018-07-18 20:38:18,2018-08-10 16:55:53,3,123.47,5.0,18,22,False
903037660cf848a717166eb7a06d616e,2017-01-23 21:38:10,2018-08-13 17:23:09,44,7935.18,3.8135593220338984,15,566,False
90b36c5aeb728d5504a39f435bef0c5f,2018-07-11 10:34:33,2018-08-01 16:13:13,4,153.89,5.0,27,21,False
90b57083da5d803237da74daec6dcb2b,2018-01-28 01:08:44,2018-04-16 16:44:16,2,206.9,5.0,134,78,True
910a922b426b7ff95eaee129ad6c0e1f,2018-04-04 12:36:36,2018-04-11 21:06:07,2,119.8,5.0,139,7,True
913fd0ebba70bb919f7254a02239173c,2018-07-25 06:18:20,2018-07-25 06:18:20,1,159.9,1.0,35,0,False
9140bd1d9de28b197dce077bdd687438,2018-05-21 21:49:55,2018-08-10 10:10:06,6,1258.87,4.125,19,80,False
9140ef75cc8211c4035935e80e567204,2018-08-01 18:58:49,2018-08-01 18:58:49,1,49.9,5.0,27,0,False
91543f9849d68d023e17194926598543,2017-08-04 19:02:19,2018-02-22 17:20:48,4,834.0,4.333333333333333,187,201,True
916748bc99315c2d202898ae58b1617e,2017-02-12 22:05:47,2017-11-25 14:37:15,25,369.40000000000003,4.34375,277,285,True
916c9de0b5ad957346eeeb12f332687e,2017-06-23 12:52:21,2018-07-25 10:31:43,22,5336.5,4.37037037037037,35,396,False
918717417d88a9f9ae9735567e6c7682,2017-12-19 11:55:26,2018-02-27 22:08:50,4,345.70000000000005,5.0,182,70,True
918f6fbcf3ab724d805867303e593a1b,2017-02-20 21:44:03,2017-03-02 01:21:42,2,79.69999999999999,4.333333333333333,545,9,True
9198786624eaeb375793215cad26cfa6,2017-02-02 19:59:34,2018-04-23 20:25:37,8,854.4,4.111111111111111,127,445,True
91f0eec23d4a61d7d7caeefa3f0ad1ca,2017-02-08 13:05:17,2018-07-27 15:46:55,11,2190.8,3.5454545454545454,32,534,False
91f5779a8731baca4809fdeade81803f,2017-11-14 18:14:55,2018-04-09 21:48:58,6,1971.46,3.8333333333333335,141,146,True
91f848e9f4be368f4318775aac733370,2017-02-22 09:19:58,2017-08-01 22:24:02,60,5703.6,4.309859154929577,392,160,True
9200e6ce317b67196b6b0bad4d4bd567,2017-03-25 10:31:25,2017-03-25 10:31:25,1,36.9,3.0,522,0,True
921323538c9f1c4e816f2720eac02bea,2017-11-25 02:08:25,2018-08-07 23:50:47,15,1401.8400000000001,4.0,21,255,False
9261d76c62caaf0b24677c2ceb7f8f20,2018-07-05 09:49:54,2018-08-20 23:41:45,6,968.6999999999999,3.7142857142857144,8,46,False
929f342384a6607afe143d789ade1316,2018-06-20 19:25:54,2018-08-06 15:51:24,4,209.4,5.0,22,46,False
92c8bc6e8f925792247656fed09aad65,2017-08-30 17:50:54,2017-09-11 16:48:06,2,134.8,3.0,351,11,True
92d14edfb62ee5ae7fdff70b0f4e7233,2017-09-11 16:51:05,2018-04-04 22:19:10,8,322.0,2.769230769230769,146,205,True
92eb0f42c21942b6552362b9b114707d,2017-02-05 18:47:13,2018-08-22 15:57:59,334,6416.41,3.952513966480447,6,562,False
9315e491484b1b0081ca166fc164108d,2018-07-06 14:41:04,2018-07-06 14:41:04,1,29.99,3.0,54,0,False
933446e9a59dece7ae9175103820ca8f,2017-01-24 15:37:05,2017-01-24 15:37:05,1,64.99,5.0,581,0,True
934ed5cd1b9c1c7382d0a94a94b9e639,2017-02-11 13:15:40,2017-02-11 13:15:40,1,125.85,5.0,564,0,True
939e6227d6964a11a70aa91243e418f2,2018-08-15 00:46:23,2018-08-25 20:26:07,4,425.0,4.25,3,10,False
939f6e231201f26803cb5c3a3d2940b3,2016-10-04 13:11:29,2016-10-06 20:15:20,3,130.6,4.75,691,2,True
93b9a99027bd8bd6af682aff18dd19bf,2017-01-26 21:58:53,2018-08-05 06:31:51,19,1916.0,4.0,24,555,False
93bef6edaa84956e8e575016449b6351,2017-07-28 21:49:59,2017-07-28 21:49:59,1,115.0,5.0,396,0,True
93dc87703c046b603023e75222018b45,2017-11-08 16:32:33,2018-07-28 07:54:14,33,8149.35,3.9705882352941178,32,261,False
94144541854e298c2d976cb893b81343,2017-02-23 22:06:24,2018-02-06 09:17:35,68,17315.18,4.2727272727272725,204,347,True
941554c5757b73ba0e50aa7732310afc,2017-03-05 20:17:09,2017-05-31 17:23:00,3,107.69,4.5,454,86,True
94165aea8a35c3c21499cbcae239b16c,2018-06-07 18:01:09,2018-06-07 18:01:09,1,180.0,2.0,82,0,False
94231344608e603693b0a8891143f65d,2018-05-19 15:07:25,2018-08-07 16:58:43,3,722.0,4.0,21,80,False
9449f25aeaf531019b76999ea49a6949,2017-06-08 22:00:07,2018-04-18 09:23:18,9,1979.5500000000002,4.222222222222222,133,313,True
9485a23c0430ba1d58d359391606fce6,2017-03-21 13:50:46,2017-12-28 11:05:22,4,830.9,3.75,244,281,True
94b9108d4b637ba65bb4f1e53cfcf8d8,2017-09-02 16:05:34,2018-08-03 10:56:56,7,234.96,4.5,26,334,False
94c49f20a123aeb9360dbf80ff912bf6,2017-05-22 11:12:38,2017-06-05 16:01:12,3,277.75,3.6666666666666665,449,14,True
94ca168e8bcb407ab85c5da308863027,2017-11-21 21:11:07,2018-08-24 18:37:17,5,224.3,5.0,4,275,False
94d76e96eedd976258cd3278ce56d5f2,2018-05-09 11:41:46,2018-05-09 11:41:46,1,385.61,5.0,112,0,True
94e93ce877be27a515118dbfd2c2be41,2017-04-16 19:32:11,2017-09-13 09:21:17,29,5436.58,3.9705882352941178,350,149,True
951e8cef368f09bb3f3d03c00ca4702c,2018-04-16 17:55:25,2018-08-21 18:24:35,62,3993.31,4.173913043478261,7,127,False
9523fb39dd240aa958e040f8183d64f3,2018-08-06 22:00:02,2018-08-06 22:00:02,1,146.99,1.0,22,0,False
9535a841eecebed61a9fb1ac1cbb5597,2017-01-26 16:25:36,2017-02-10 10:34:36,2,784.9,3.0,565,14,True
9539213aa8e023c01937bef95dc006da,2017-11-29 18:10:01,2018-03-11 22:52:36,9,229.1,4.555555555555555,170,102,True
954e95f20808d7e5d11f0de292d078e0,2017-09-09 12:49:12,2017-11-26 19:11:30,3,158.78,4.75,275,78,True
9558aa23f77a9e0a0eca83540999f43b,2017-05-02 11:31:55,2017-05-02 11:31:55,1,39.0,5.0,484,0,True
955fee9216a65b617aa5c0531780ce60,2017-07-24 11:33:53,2018-08-28 20:49:17,1261,131906.71,4.075983717774762,0,400,False
9596c870880d900012f2e8e6e30d06d7,2017-04-20 13:47:11,2018-08-06 13:05:58,21,7625.349999999999,4.173913043478261,23,472,False
9599519be538b98748162a2b48248960,2018-04-08 07:57:38,2018-04-08 07:57:38,1,570.0,1.0,143,0,True
95b293867b5862941c9cd74f756a3c68,2017-11-27 11:34:56,2018-02-22 09:55:25,9,648.1,3.5555555555555554,188,86,True
95cca791657aabeff15a07eb152d7841,2018-06-30 23:22:38,2018-06-30 23:22:38,1,9.99,5.0,59,0,False
95e03ca3d4146e4011985981aeb959b9,2017-05-14 12:47:08,2018-08-15 08:44:39,172,10964.960000000001,3.9739583333333335,14,457,False
95ec4458365c4d11f452ccf538377619,2018-01-16 13:33:04,2018-08-20 09:18:49,27,1866.76,4.290322580645161,9,215,False
95f83f51203c626648c875dd41874c7f,2017-11-24 14:22:48,2018-08-20 17:06:21,50,3077.6600000000003,3.2153846153846155,8,269,False
960945e1a9535cbc0cd6ddd35fbe7ae8,2018-05-07 18:29:38,2018-08-26 10:08:49,28,3381.73,4.655172413793103,3,110,False
9616352088dcf83a7c06637f4ebf1c80,2017-02-27 18:30:11,2018-08-22 11:44:50,91,5703.0,4.275510204081633,7,540,False
961dff0a659b4561334372337dd897d9,2017-04-01 15:44:55,2017-06-05 19:38:57,3,7297.0,4.666666666666667,449,65,True
9646c3513289980f17226a2fc4720dbd,2017-01-25 18:04:52,2018-07-20 11:03:48,69,2964.4,4.342105263157895,40,540,False
96493fab2fbb13a14d0c0e8772eef5c3,2017-02-08 13:14:41,2018-06-05 10:22:28,63,18969.0,4.046875,85,481,False
964ff64dc05b13811c6d0f41e0aa5f6b,2018-07-18 22:43:29,2018-07-18 22:43:29,1,180.0,5.0,41,0,False
966cb4760537b1404caedd472cc610a5,2018-03-19 15:28:34,2018-08-08 14:49:25,67,46528.25,4.117647058823529,21,141,False
9674754b5a0cb32b638cec001178f799,2017-06-07 14:10:15,2018-08-22 02:28:35,84,5025.67,4.081632653061225,7,440,False
96804ea39d96eb908e7c3afdb671bb9e,2017-02-07 00:16:04,2018-04-27 12:37:10,37,3530.75,3.9743589743589745,124,444,True
968268a686aa05d1f529fb07dff08130,2018-01-26 23:07:13,2018-08-10 16:12:00,12,4677.29,3.5,18,195,False
968ee78631915a63fef426d6733d7422,2017-06-08 00:06:50,2017-11-27 17:41:30,2,450.0,3.0,274,172,True
96e5dc09087bad639b4ee193104ec2e5,2018-08-13 15:24:41,2018-08-21 09:12:03,2,101.9,4.5,8,7,False
96f7c797de9ca20efbe14545bed63eec,2018-04-10 21:46:56,2018-04-10 21:46:56,1,138.60000000000002,1.0,140,0,True
972d0f9cf61b499a4812cf0bfa3ad3c4,2017-10-22 15:28:07,2018-08-22 07:25:32,81,7910.42,2.9186046511627906,7,303,False
973f21788dfab357250f69a8dcb7ddee,2017-01-25 15:47:27,2018-05-14 11:48:47,9,819.0,2.473684210526316,107,473,True
974cf2cb8f4b7add98709c30df02fe10,2017-10-16 22:33:02,2018-08-21 23:41:36,30,2694.7,4.166666666666667,7,309,False
97512d3fc193b2d1dfcdba0f9d1f0f8a,2018-03-20 10:20:27,2018-08-18 16:49:58,12,1458.8700000000001,4.3076923076923075,10,151,False
977f9f63dd360c2a32ece2f93ad6d306,2017-09-26 10:51:26,2018-08-20 23:35:44,23,2730.07,3.9166666666666665,8,328,False
979e9f8b5b39dd243a2550c8b05aecf0,2018-01-25 12:48:59,2018-04-04 21:49:23,3,525.0,5.0,146,69,True
97e4a63591ca439a2b8b7efd20e6e19e,2018-02-23 18:13:43,2018-08-16 19:32:56,5,349.95,4.4,12,174,False
97e50a621f8e801f4baf69e08687c192,2018-02-21 06:34:33,2018-02-21 06:34:33,1,89.9,5.0,189,0,True
97e995629983723d11830a829bc2b246,2017-11-07 16:31:04,2018-08-16 15:44:33,5,499.5,4.8,12,281,False
9803a40e82e45418ab7fb84091af5231,2018-05-19 10:45:27,2018-08-21 19:44:42,11,4278.75,3.111111111111111,7,94,False
980640c45d7a4635885491d077167e4d,2018-07-01 09:14:54,2018-08-22 15:43:52,14,1004.29,4.642857142857143,6,52,False
98115075dd26cb8835946fc6086f5d30,2018-04-15 23:55:50,2018-08-16 15:02:07,4,434.96,4.75,12,122,False
984c273121e743dd14767befe6cb17f5,2017-11-25 20:15:32,2017-11-25 20:15:32,1,259.6,1.0,276,0,True
9853a239ab7b7ebbdc3a21248d5b8e1f,2017-04-26 20:47:50,2017-11-28 15:32:25,4,242.0,3.75,273,215,True
985c92cc412091f8529c12d7f23d3fef,2018-05-04 13:31:43,2018-08-20 21:03:23,12,1368.5,4.75,8,108,False
989becdce12ebc39863c2bceab6f3ca1,2016-10-07 22:35:59,2018-07-26 19:28:07,15,6302.9,4.8,33,656,False
98dac6635aee4995d501a3972e047414,2017-04-26 11:30:38,2018-08-28 19:32:05,89,4115.75,3.9,0,489,False
98dddbc4601dd4443ca174359b237166,2018-07-13 14:29:51,2018-07-23 13:03:29,2,158.0,5.0,37,9,False
98e164d549402270247f3c96a1a158ef,2017-06-06 21:40:11,2017-08-18 23:34:56,2,162.7,2.5,375,73,True
98f52e1020fe788c10c0418de4393fec,2017-08-09 15:16:29,2017-08-09 15:16:29,1,21.6,4.0,384,0,True
99002261c568a84cce14d43fcffb43ea,2017-10-18 23:55:51,2018-08-13 15:13:23,36,4088.0,3.7222222222222223,15,298,False
9906e7aa42a3c067b7c9a564d01c4320,2018-02-05 08:47:14,2018-08-21 00:18:05,12,2619.0,4.0625,8,196,False
994f04b3718c2bab35c2adfa8afecd2a,2017-11-13 18:09:53,2018-07-19 14:01:10,47,3289.8,4.327272727272727,41,247,False
9996ae921c50e8dff411ac69c0b4bb8b,2017-10-17 15:35:11,2017-10-22 21:11:46,2,29.700000000000003,2.3333333333333335,310,5,True
999f6d9a1c7c81f43be44c6b7d076210,2017-01-26 14:26:43,2017-03-05 21:27:29,2,28.0,4.5,541,38,True
99a25c39b28a74d1151c35c18d178292,2018-06-13 13:35:02,2018-06-13 13:35:02,1,173.94,5.0,77,0,False
99a54764c341d5dc80b4a8fac4eba3fb,2018-04-27 16:58:21,2018-08-28 15:53:09,44,3578.7599999999998,3.4696969696969697,0,122,False
99cd94252748d2bdde08e17858233602,2018-06-20 14:02:25,2018-06-21 15:01:12,2,159.8,4.5,68,1,False
99eaacc9e6046db1c82b163c5f84869f,2016-10-04 10:41:17,2018-02-18 21:58:51,63,12642.28,4.014925373134329,191,502,True
9a03a4e9eb0b947652fae4f6121a3f5e,2018-01-02 12:52:36,2018-08-06 14:32:47,7,1497.0,3.857142857142857,23,216,False
9a1aea68d3efa00862ec88c0768037d0,2018-02-09 00:14:41,2018-07-19 17:24:12,7,1309.2,4.375,40,160,False
9a84ba99f5367fdbd4598363496f1ea2,2017-03-17 19:59:42,2018-07-03 10:00:13,15,2303.28,3.875,57,472,False
9aa388272ee334b6ae07bc73706e254a,2018-03-30 21:23:29,2018-08-17 00:25:31,6,678.0,3.857142857142857,12,139,False
9ac4f14370b1e24ddc58be041b7f99df,2018-02-24 23:39:56,2018-07-05 16:40:15,5,314.51,4.4,54,130,False
9ac75591b69c3402684b6ce0310f22ee,2018-08-21 22:09:39,2018-08-21 22:09:39,1,60.5,5.0,7,0,False
9add47bf45ce8e8c7db6b9cf670b1e09,2017-02-05 11:05:44,2018-08-18 10:11:14,41,4606.4400000000005,4.209302325581396,11,558,False
9b00cad94ef3078faf6fba2e792c158f,2017-12-20 12:04:33,2017-12-20 12:04:33,1,354.9,5.0,252,0,True
9b00ed88b7fdb95d6ff76e27c1b52d16,2017-08-25 23:02:45,2018-07-07 23:41:08,46,1567.88,4.58,52,316,False
9b013e03b2ab786505a1d3b5c0756754,2017-10-19 13:21:58,2018-08-27 14:54:22,170,8714.55,3.977272727272727,2,312,False
9b1585752613ec342d03bbab9997ec48,2018-08-07 10:52:58,2018-08-19 09:35:34,3,4248.98,3.6666666666666665,10,11,False
9b1ab052f5fca308ba743ac789ebb2e1,2017-04-05 22:29:43,2017-05-07 14:04:26,2,294.09000000000003,4.0,479,31,True
9b1f656ca3060f8af17a50d8a024b533,2018-07-25 12:32:23,2018-08-22 21:26:03,2,41.0,5.0,6,28,False
9b522ba7eae9e1d04082f267144583cc,2017-05-17 18:00:42,2018-04-10 21:00:52,3,1478.6,4.8,140,328,True
9b76ad3d04236f76bc71c59470305e13,2018-07-02 11:41:29,2018-08-07 23:46:11,2,394.70000000000005,5.0,21,36,False
9bade61a92bed55a25d2b67b9f4ed739,2018-03-07 16:42:57,2018-03-29 11:34:59,2,117.68,2.3333333333333335,153,21,True
9baf5cb77970f539089d09a38bcec5c3,2017-01-21 09:44:46,2018-08-05 19:32:36,31,5989.68,4.4375,23,561,False
9bc484c87d79cd4874e05ca182658045,2017-11-23 13:48:08,2018-05-02 14:22:52,8,970.0,4.25,119,160,True
9bcdfa7b615b3abb9461d9e3ad9886ae,2017-01-31 21:14:52,2018-04-16 20:07:14,14,2126.07,4.6,134,439,True
9bf11dfc0bec77e5a23028043c3c5a8f,2017-11-24 22:36:53,2017-11-24 22:36:53,1,115.0,1.0,277,0,True
9c068d10aca38e85c50202e17b4a7e88,2017-10-12 09:57:12,2018-07-30 14:26:27,17,2658.9,3.9411764705882355,30,291,False
9c0e69c7bf2619675bbadf47b43f655a,2017-05-07 13:20:43,2018-05-29 13:47:34,151,33491.19,4.063725490196078,92,387,True
9c1c0c36cd23c20897e473901a8fb149,2018-05-18 18:22:51,2018-08-23 19:57:47,6,544.97,5.0,5,97,False
9c3a1c416c765687bc79a04113269929,2018-02-01 23:09:36,2018-02-01 23:09:36,1,74.9,1.0,208,0,True
9c3c24eca51c52b91c1de727d2a2ae06,2016-10-10 15:23:51,2018-05-21 10:41:20,6,307.5,4.5,100,587,True
9c4d31c7e46ab03a43fc06e3142afd4e,2018-08-14 17:26:41,2018-08-20 18:55:21,2,1218.9,4.5,8,6,False
9c54608f0996c32ae4743089d915f845,2018-06-22 16:07:29,2018-07-18 17:18:04,3,194.8,4.0,41,26,False
9c57bc60cfad5ee62d35d3f1ce4593a1,2017-04-26 13:34:20,2017-04-26 13:34:20,1,180.0,1.0,490,0,True
9c690ceacd5c66731bf443ea810195cb,2017-08-22 20:06:39,2018-08-06 01:16:56,10,871.8000000000001,4.416666666666667,23,348,False
9c7fd21e0aa159b20da593371f08ff7c,2018-03-14 09:25:14,2018-08-21 16:50:51,7,798.3000000000001,3.375,7,160,False
9cad4b68bb993ee401a3c5aaa2bc26dd,2018-01-16 10:17:13,2018-07-15 23:59:54,5,649.3000000000001,3.4285714285714284,44,180,False
9cea4682e16655f7da87f406902e989e,2017-03-22 23:39:13,2018-02-02 23:31:10,4,87.76,2.3333333333333335,207,316,True
9cf787a239c1aa29dbd76f153dc13f9a,2018-06-05 17:11:13,2018-08-16 15:54:48,4,316.0,4.75,12,71,False
9d213f303afae4983637247556438ede,2018-07-14 00:04:42,2018-07-24 12:43:00,2,47.7,5.0,36,10,False
9d39404483343dd55c7ae254494d8388,2017-11-25 10:53:06,2018-04-24 00:54:46,10,293.2,3.5,127,149,True
9d489893ff6af05029671b785f54b998,2017-06-22 17:19:09,2018-08-23 16:38:38,5,298.7,4.166666666666667,5,426,False
9d4db00d65d7760644ac0c14edb5fd86,2017-12-24 12:20:23,2018-08-18 09:08:48,97,9845.710000000001,4.505050505050505,11,236,False
9d5604a1f112324ad6b2aa552122e0fb,2017-11-14 22:00:16,2018-08-19 21:37:17,13,421.5,3.6470588235294117,9,277,False
9d5a9018aee56acb367ba9c3f05d1d6a,2017-03-11 19:59:25,2018-03-21 20:20:40,66,10119.98,4.435897435897436,160,375,True
9d681c7e12db302cb261e721040dde65,2018-05-21 18:18:25,2018-08-16 16:19:13,13,785.6,4.928571428571429,12,86,False
9d69ba0a7a626a64dc5db08e529559cf,2018-07-13 19:38:58,2018-07-13 19:38:58,1,19.3,5.0,46,0,False
9d7a1d34a5052409006425275ba1c2b4,2017-07-17 16:18:44,2018-08-20 19:58:51,13,1054.82,3.75,8,399,False
9da15f4a4ea758d9eeb49000dbe57e22,2018-07-31 12:52:57,2018-07-31 12:52:57,1,196.9,2.0,29,0,False
9da1ca0bef29ee170e541927a5aeabdc,2017-06-17 18:33:32,2017-09-25 12:24:16,6,1484.3999999999999,3.0,338,99,True
9dc79dd988ac42f4d56c340d7048420a,2018-08-09 09:30:59,2018-08-27 15:18:45,4,749.6,4.75,1,18,False
9dd459b29a14bf89d47183cf2cd0e4c7,2018-01-14 18:16:33,2018-08-04 12:42:39,2,180.0,5.0,25,201,False
9dd59e43f0c9f0553244e8f9c2fb247e,2017-10-15 16:10:27,2018-01-23 15:30:59,10,356.3,4.8,217,99,True
9dda5bbacd45e18d6485fee649205d09,2017-03-27 16:26:18,2018-08-07 11:29:30,19,1912.6000000000001,4.2272727272727275,22,497,False
9de4643a8dbde634fe55621059d92273,2017-01-13 15:11:16,2018-02-21 15:59:53,72,17560.34,4.530864197530864,188,404,True
9df5750209b83567ec144eb299d7d634,2016-10-07 08:28:42,2018-07-20 18:39:50,11,4917.0,4.0,39,651,False
9e25199f6ef7e7c347120ff175652c3b,2017-03-27 09:59:40,2017-03-27 09:59:40,1,12.5,4.0,520,0,True
9e6229250fedbe05838fef417b74e7fb,2017-09-24 23:53:13,2018-08-22 09:09:10,73,12962.300000000001,3.896103896103896,7,331,False
9e6967d3cf386d284251784b18ccb485,2018-06-12 20:43:08,2018-08-14 15:42:47,9,517.67,3.6363636363636362,14,62,False
9e7c5f4d7770eab65738cca38f9efccf,2018-06-01 12:50:14,2018-08-07 01:27:47,2,184.8,3.5,22,66,False
9e94fa26a70ede4d26226e918e8706a2,2017-08-04 03:06:27,2017-08-04 03:06:27,1,62.8,5.0,390,0,True
9e9b539eb2806acee3f5c28085c1db9f,2017-11-22 00:37:30,2017-12-07 13:19:30,3,967.0,3.6666666666666665,265,15,True
9ed65337433adfbedefd23dd76eaa494,2017-12-19 09:27:15,2018-08-01 17:15:29,6,1262.6,4.833333333333333,27,225,False
9ef932e837d8b7f392c0bfee9d359dc2,2017-11-20 12:49:35,2017-11-20 12:49:35,1,59.9,3.0,282,0,True
9f50216bfd01913736a55a11b55ea842,2018-06-22 00:07:03,2018-08-18 13:46:39,17,1354.0,4.473684210526316,11,57,False
9f505651f4a6abe901a56cdc21508025,2017-10-05 10:35:03,2018-08-29 15:00:37,393,25977.829999999998,4.297423887587822,0,328,False
9fbd5666d8618fa571c4230fafa09bd6,2017-08-30 18:44:19,2017-08-30 18:44:19,1,79.9,5.0,363,0,True
9fc70243fb26800cba56e8f014797004,2017-11-13 15:17:00,2018-07-29 08:32:21,6,466.6,4.571428571428571,31,257,False
9fe7c6641c79970ab48185498f547c09,2017-07-10 20:58:17,2017-07-10 20:58:17,1,130.0,5.0,414,0,True
a00824eb9093d40e589b940ec45c4eb0,2017-10-05 19:23:16,2018-04-09 11:32:37,3,9399.97,4.666666666666667,142,185,True
a0415d9b25ede3c4b1e477e9916ffc03,2017-04-09 11:23:37,2018-01-09 11:53:29,9,3544.2,4.222222222222222,232,275,True
a066df7361163e7ddc5d7452dd17448b,2017-12-12 14:37:18,2018-05-12 17:45:26,15,1078.3,4.470588235294118,108,151,True
a06c8ff043abea0528ee44171e2140a2,2018-02-22 16:33:54,2018-08-09 21:16:06,8,514.5,4.75,19,168,False
a080fc8a850289b27500f6b49cca2553,2018-03-13 20:28:59,2018-06-25 19:03:18,4,383.0,4.75,64,103,False
a08692680c77d30a0b4280da5df01c5a,2017-04-07 15:09:26,2018-01-26 08:17:40,6,2433.0,5.0,215,293,True
a09a13f18ed27932d08438aa6f12756e,2017-10-28 19:17:28,2017-10-28 19:17:28,1,29.9,3.0,304,0,True
a0a14e50070f3225b3eabba5b85da517,2018-07-30 19:14:39,2018-08-15 18:56:56,4,176.2,4.5,13,15,False
a0d7fbb07bb5ebc3b05980e750db56f3,2018-05-04 00:28:43,2018-08-12 22:56:51,3,848.99,2.0,16,100,False
a1040efe9ff4a6f93c28b0499eada8f5,2018-02-03 14:07:04,2018-02-03 14:07:04,1,1658.83,5.0,207,0,True
a1043bafd471dff536d0c462352beb48,2017-02-14 10:44:33,2018-08-25 11:01:56,702,99309.23,4.242021276595745,4,557,False
a11a0e0ca67423425691db355cff69b0,2018-07-31 10:29:51,2018-08-10 16:05:40,2,448.9,5.0,18,10,False
a13580f0e8f782b7a543885a0ef99f08,2017-08-17 18:21:17,2018-05-07 20:42:38,10,1304.9,4.4,113,263,True
a13aaf2d2886ab9fb30fb9a920160b8f,2018-07-22 23:58:52,2018-08-02 22:48:54,4,1011.52,4.5,26,10,False
a1474fd46fd3430168f7ec202da39408,2017-02-21 17:37:06,2017-10-22 11:25:09,12,2752.5,4.428571428571429,311,242,True
a150c540f572d0fb53992264bc5c10b5,2018-02-04 22:19:12,2018-02-04 22:19:12,1,119.9,4.0,205,0,True
a1544b9ea0b2390e020537d4daa89049,2017-02-17 01:16:37,2018-08-16 15:35:40,8,891.1,4.0,12,545,False
a154d7316f158bb42e6fa18bbe3afd3a,2017-03-06 16:42:52,2017-03-10 19:32:26,2,139.8,3.0,536,4,True
a17f621c590ea0fab3d5d883e1630ec6,2017-03-23 22:10:46,2018-04-05 08:55:00,63,2677.92,4.012820512820513,146,377,True
a1bea7061f61f6fdd9a85a6325ba1033,2018-06-27 11:26:01,2018-08-26 13:26:12,9,810.95,4.444444444444445,3,60,False
a1bea9970d8f65b240555f99c2214f7f,2018-07-23 16:24:27,2018-07-23 16:24:27,1,75.0,3.0,36,0,False
a20d8058c866dbaeca014d2cd20ac62e,2017-12-20 14:52:29,2018-05-16 01:18:19,2,1194.0,5.0,105,146,True
a213f1bd6458f4a158f3746cb2514559,2018-05-30 16:20:16,2018-05-30 16:20:16,1,41.52,5.0,90,0,False
a218df5c097b0ca409cfaac1488cc7f6,2018-05-03 22:16:54,2018-06-26 09:10:21,4,130.69,2.75,64,53,False
a21c11ec5c3f03e7cc9f9203bff9e1c6,2018-08-03 17:13:19,2018-08-07 12:21:32,3,385.0,3.0,22,3,False
a23266650e7c84bb93fbbba502137478,2017-08-04 13:52:59,2017-12-29 18:39:33,11,1512.4,3.25,242,147,True
a254c682cc01e119f83530446f1df9a9,2018-03-19 13:24:33,2018-08-22 12:47:22,6,569.4,4.142857142857143,7,155,False
a2a41aedb70551d4a85aa04dc2fced48,2017-11-16 13:53:55,2017-12-03 10:52:08,2,52.79,4.0,269,16,True
a2b5b6105ea5942300631d2e76f4ffe0,2018-05-25 10:59:28,2018-08-20 22:06:01,16,3286.69,4.75,8,87,False
a2b911e9ad40dc7d61c142a4683e2d85,2017-05-10 17:44:55,2017-05-10 17:44:55,1,85.9,5.0,475,0,True
a2deecd5398f5df4987110c80a1972a3,2018-04-04 21:44:26,2018-08-24 14:37:50,13,658.53,4.285714285714286,5,141,False
a2e874074c877c5a05abae80ad6e488f,2017-03-21 13:38:25,2018-08-26 07:54:47,40,7355.0,4.190476190476191,3,522,False
a2fa0bdc798ee84cdb08281337cf4fb6,2017-03-08 10:33:45,2018-01-15 09:33:40,8,354.86,4.818181818181818,226,312,True
a3082f442524a1be452e3189e003b361,2017-07-10 20:27:30,2018-08-09 20:36:13,3,301.6,4.25,19,395,False
a35124e2d763d7ca3fbe3b97d143200f,2017-03-15 10:37:21,2017-05-08 20:58:10,4,411.5,4.428571428571429,477,54,True
a353b1083c9863d756d9404695016d64,2017-12-07 23:37:37,2017-12-07 23:37:37,1,120.0,5.0,264,0,True
a35ef466c6fd6d052f5d241240d3c5e2,2017-08-14 23:18:10,2017-09-30 18:38:46,3,569.9,4.666666666666667,332,46,True
a369d693961cb93b61ca2cc518872a85,2017-11-15 23:26:16,2018-07-21 13:54:34,11,2597.0,4.111111111111111,39,247,False
a36ac007a4d18f865c8d32c3b2402c2d,2017-01-22 21:25:01,2017-09-06 15:36:32,8,1229.79,2.75,356,226,True
a36b125ac6d5fdbc7f50de85c9157bdc,2016-10-10 09:23:48,2018-08-04 10:42:49,23,1793.65,4.04,25,663,False
a37c340b91cb0169e8b029db6440fba2,2017-06-26 16:37:01,2017-09-14 16:37:03,5,345.0,4.8,348,80,True
a3a38f4affed601eb87a97788c949667,2016-10-05 20:20:57,2018-08-23 11:43:36,251,26294.62,4.384615384615385,6,686,False
a3b0df0065e264a91b7bbf5f844af5cd,2017-09-20 15:08:28,2017-09-23 17:59:17,2,186.69,5.0,339,3,True
a3b42d266fa8afc874b909422ce88582,2018-07-31 10:27:34,2018-07-31 10:27:34,1,839.4000000000001,5.0,29,0,False
a3dd39f583bc80bd8c5901c95878921e,2017-08-23 08:26:50,2018-04-10 09:24:25,34,4659.81,4.605263157894737,141,230,True
a3e9a2c700480d9bb01fba070ba80a0e,2017-05-09 22:58:25,2018-08-19 14:19:27,129,13740.8,3.979591836734694,10,466,False
a3f0b55de503387383c7b1de3ad7f678,2017-09-26 18:54:19,2018-05-21 13:14:36,24,4348.400000000001,4.384615384615385,100,236,True
a3fa18b3f688ec0fca3eb8bfcbd2d5b3,2018-04-30 10:10:48,2018-04-30 10:10:48,1,47.8,5.0,121,0,True
a414555ce331b8c8aea4a9cb8395194d,2018-03-10 15:31:45,2018-05-04 14:46:10,7,1450.95,3.5,117,54,True
a416b6a846a11724393025641d4edd5e,2017-01-26 16:48:24,2018-08-21 21:43:35,157,25029.24,4.19774011299435,7,572,False
a420f60ff1aa9acc80d0e42959f2b313,2017-08-16 01:00:34,2018-08-13 10:05:23,67,7443.3,3.898550724637681,16,362,False
a425f92c199eb576938df686728acd20,2017-10-03 18:52:56,2018-07-30 12:02:51,16,1106.3,4.555555555555555,30,299,False
a435b009cd956ea60748b5cfbddf2e24,2017-05-09 13:21:53,2017-07-26 10:05:21,3,361.18,4.333333333333333,399,77,True
a44fb5a447105f8469bdf16bf9159f25,2017-11-21 14:01:29,2018-08-03 14:48:36,19,3706.1,4.052631578947368,26,255,False
a45314082d50d578a4721c9787ce09ab,2018-08-02 13:57:47,2018-08-18 12:56:03,2,424.9,5.0,11,15,False
a45765f8afb1e594b22bf9e974b46765,2017-03-09 14:27:38,2017-03-09 14:27:38,1,79.99,4.0,538,0,True
a478c7961d6a992065b24e63b366f90b,2017-02-09 09:33:26,2018-02-21 02:17:40,8,1281.5,4.888888888888889,189,376,True
a49928bcdf77c55c6d6e05e09a9b4ca5,2017-06-07 20:32:48,2018-05-27 19:10:54,96,8646.900000000001,2.9711538461538463,93,353,True
a4b6b9b992b46e9ef863637af96e04bc,2017-02-18 12:45:31,2017-07-01 13:23:05,6,5293.0,3.75,424,133,True
a4b8d97cd5d3674eeff96abc99d8ed67,2018-06-13 12:16:02,2018-06-13 12:16:02,1,214.08,1.0,77,0,False
a4bd6e9adf39b63f43dc545d3ca1f53d,2017-04-15 09:42:38,2018-05-03 10:34:01,4,1848.59,4.6,118,383,True
a4fc6eadaff1576af888509a53420f6a,2018-05-22 18:15:54,2018-05-22 18:15:54,1,100.86,3.0,98,0,True
a513150f33f99a06569e9cd5c4bb889b,2017-11-27 14:19:38,2017-12-01 15:32:44,2,805.6500000000001,4.333333333333333,270,4,True
a5259c149128e82c9d6d46e0c1c812bb,2017-07-31 13:45:07,2018-03-09 10:24:31,8,1182.26,3.875,173,220,True
a53f60f05f822b5c621a50ff6a5cb362,2018-06-25 16:19:23,2018-08-17 22:35:51,4,415.40000000000003,3.0,11,53,False
a56a8043ebf66e42119618fb8cf232c6,2018-08-03 22:23:06,2018-08-03 22:23:06,1,83.0,5.0,25,0,False
a56e351445e5863fc8960640ba9190c7,2018-04-06 21:36:54,2018-04-27 14:04:53,3,760.9200000000001,4.25,124,20,True
a5a1bfcf728ab0e19182959cf0771ee4,2018-01-07 21:45:04,2018-08-20 22:09:12,21,1812.96,4.291666666666667,8,225,False
a5bff0f43eb51f0cad7c37fac7244c8a,2017-02-20 13:31:57,2017-09-27 14:51:02,4,445.0,4.8,336,219,True
a5cba26a62b8b4d0145b68b841e62e7f,2017-07-22 10:44:10,2018-08-20 17:09:20,53,14438.84,4.574074074074074,8,394,False
a5dd1946fb63ada8bcaa0c9cd8f11e22,2017-09-08 14:15:39,2018-03-11 11:11:51,6,219.62,3.857142857142857,171,183,True
a5ff20ff766e7f50bd5066f33da14413,2018-08-19 22:38:41,2018-08-24 13:04:05,2,66.59,3.0,5,4,False
a61cc04793308395a840807104365121,2018-05-03 09:31:04,2018-05-03 09:31:04,1,14.63,5.0,118,0,True
a63bfbaa882c8f4542891b4e2246cc7f,2018-06-11 23:01:49,2018-08-23 18:19:17,6,5682.0,5.0,5,72,False
a64e44665225d19dfc0277eeeaaccc57,2018-06-22 15:06:34,2018-08-22 14:53:45,6,335.0,5.0,7,60,False
a663d9c3797e90eac99ff60939416a56,2018-05-16 13:31:20,2018-05-16 13:31:20,1,235.0,5.0,105,0,True
a673821011d0cec28146ea42f5ab767f,2017-02-27 19:54:44,2018-08-22 01:35:54,125,13600.79,3.798611111111111,7,540,False
a67780aba9dd436e7ac0aa1f889e73ec,2017-11-24 12:23:11,2018-08-06 18:03:11,6,863.0,3.6666666666666665,22,255,False
a69aa24cec11168e7e39a3fbc727e925,2018-06-13 11:29:48,2018-07-18 10:05:02,3,105.97,5.0,42,34,False
a6bd7d1ccdac48c6b33b28596b7eb122,2017-06-28 08:47:01,2018-07-22 16:18:31,15,13669.11,3.6,37,389,False
a6fe7de3d16f6149ffe280349a8535a0,2017-07-11 19:38:14,2018-07-29 20:23:34,50,2844.9,4.0,30,383,False
a70e9066dbfd10b6b97a3f54a1356762,2017-04-25 13:46:24,2017-11-20 18:11:00,2,1716.0,5.0,281,209,True
a72c2f59332659e361d647515c698798,2018-01-14 17:09:25,2018-07-16 21:37:24,5,802.9,4.833333333333333,43,183,False
a72f15980dc3e9bfd1a49ac9b2f3af65,2018-07-25 16:18:46,2018-07-25 16:18:46,1,89.9,4.0,34,0,False
a7a9b880c49781da66651ccf4ba9ac38,2018-05-16 16:16:03,2018-07-06 11:54:40,3,307.6,3.75,54,50,False
a7b7354cc588f7566a848bcbb1ce3d96,2017-03-13 22:11:59,2017-03-23 15:16:21,2,79.8,4.0,523,9,True
a7c53f6b3b61adbdaa99dda97e8cbd56,2017-03-06 20:29:58,2017-03-06 20:29:58,1,99.0,4.0,540,0,True
a7c88262832dfc683781d6a421edefae,2017-03-13 17:02:01,2018-02-12 22:54:10,5,1520.0,4.2,197,336,True
a7d0f8dd44f57ef6de7f7f02e3d82630,2018-06-25 12:06:07,2018-08-19 20:26:26,2,73.78999999999999,4.5,9,55,False
a7dc4098e4da6e41b426269d12ae7e91,2018-07-19 11:18:27,2018-08-10 10:39:43,2,518.0,3.6666666666666665,19,21,False
a7ecf689b40a44361e259b28939023e4,2018-07-13 22:05:44,2018-07-13 22:05:44,1,389.0,5.0,46,0,False
a7f13822ceb966b076af67121f87b063,2016-10-04 18:52:56,2017-05-04 19:31:51,73,12017.69,3.4642857142857144,481,212,True
a806a4bb063ea7ca6d374eafa50a6058,2018-01-02 23:26:09,2018-02-12 17:56:55,5,294.4,3.8333333333333335,197,40,True
a81466620e46a6970b22ef40379fdfc9,2017-10-11 10:15:04,2017-10-13 14:29:05,2,321.8,5.0,320,2,True
a8739afb32aaa45e01815ca76f76f54b,2018-06-07 22:47:32,2018-08-06 19:31:50,13,298.83,3.466666666666667,22,59,False
a888faf2d1baececa6baf9c3d603ee1f,2017-01-28 21:51:24,2018-05-02 03:50:02,53,17564.8,4.111111111111111,119,458,True
a89e143d5211473ae18db9577ee34b64,2017-06-04 12:09:59,2017-06-04 12:09:59,1,70.0,5.0,451,0,True
a90a5da8b09e44264a177c0374a5ac87,2017-02-20 22:26:06,2017-03-08 20:17:07,3,74.7,4.333333333333333,538,15,True
a938325a4b357fd23a6a4d5bb126408e,2017-09-15 15:51:25,2018-08-14 14:57:20,24,3231.0,3.88,15,332,False
a9415cf907dfa12f9ed18693244f5329,2018-01-19 16:34:05,2018-01-19 16:34:05,1,210.0,5.0,221,0,True
a99504ac23ed125aaf5302af6cc30af9,2017-10-14 14:45:58,2017-10-14 14:45:58,1,978.0,5.0,319,0,True
a9ae440659f48b7849df83e82734150b,2017-10-13 13:10:42,2017-10-13 13:10:42,1,285.0,5.0,320,0,True
a9b533a26e898b12e8b8d4c07279bf4d,2017-07-31 08:08:14,2017-12-08 19:31:04,4,119.6,5.0,263,130,True
aa17b35ce4de7b565be3249ba838944f,2017-08-24 21:26:40,2017-09-01 17:56:59,2,79.8,4.5,361,7,True
aa1eb17b9fdf6dfd546e25c45c7b9235,2017-12-01 11:14:08,2018-04-25 19:27:16,3,117.99,4.5,125,145,True
aa2640d851ec322526f1295bbeb20092,2018-05-06 21:13:51,2018-05-06 21:13:51,1,159.98,3.0,114,0,True
aa762680c40618316a896838866140ea,2018-04-06 22:32:42,2018-05-11 17:57:27,3,261.0,3.3333333333333335,109,34,True
aa8af66c623d7d544dfe4bb85b5ebe3b,2018-06-03 19:46:12,2018-06-03 19:46:12,1,99.0,5.0,86,0,False
aac29b1b99776be73c3049939652091d,2017-01-25 12:48:49,2018-08-08 17:52:59,94,6654.46,3.917293233082707,20,560,False
aac51c486b672a9850d59f3e84b1cf88,2018-08-12 09:56:51,2018-08-24 20:24:26,10,728.28,4.769230769230769,4,12,False
aadfe0417e61315688b6bd7043361e25,2017-08-03 08:40:25,2017-08-03 08:40:25,1,289.9,4.0,391,0,True
aae3bfea055532c57fb453ed3ec80b30,2017-01-18 17:20:39,2018-05-15 16:01:56,48,3057.92,3.5,105,481,True
aae5953b9edddf14749c0d65d60eb4b9,2017-09-30 00:53:36,2017-10-18 21:52:56,2,173.0,5.0,314,18,True
aae5e7b457a3c72ee230a47d98fceda5,2018-04-05 14:35:51,2018-08-17 18:21:02,5,604.8,4.142857142857143,11,134,False
aaed1309374718fdd995ee4c58c9dfcd,2016-10-09 11:43:43,2018-08-01 15:54:56,104,9345.45,4.045045045045045,27,661,False
aafe36600ce604f205b86b5084d3d767,2017-02-18 22:42:34,2018-08-16 09:28:54,129,9251.4,4.3816793893129775,13,543,False
ab27bbbad5239bc31a34709275a70db4,2017-10-31 17:54:25,2018-07-03 10:16:32,3,382.9,5.0,57,244,False
ab3e0c171fe84a7ba7de130f19cfb485,2017-04-16 12:18:38,2018-04-05 18:57:58,6,623.45,4.142857142857143,145,354,True
ab75b89cc49c9ab3160d0c91565a442a,2017-07-05 16:05:20,2017-07-05 16:05:20,1,18.99,1.0,419,0,True
ab91571efab27993ff2f6b36e38055c3,2018-03-23 17:02:20,2018-07-25 17:22:27,3,102.24,4.75,34,124,False
ab9db4cf53b08b828b64dccaafc2d9f0,2017-05-18 17:35:59,2018-07-19 14:24:09,4,177.78,5.0,41,426,False
aba1721a889e04decc910aa13b768ef4,2017-02-08 14:36:40,2018-08-21 10:57:15,83,14103.3,4.456521739130435,8,558,False
abbf6046bbdf1028606a5bc7f00c99e7,2018-01-24 00:33:52,2018-05-02 22:13:15,6,1867.25,4.666666666666667,118,98,True
abc015ebac1d283a323ca9db35ede4b9,2017-02-10 10:31:39,2017-12-09 09:44:23,12,1106.8,4.384615384615385,263,301,True
abcd2cb37d46c2c8fb1bf071c859fc5b,2017-05-29 15:28:10,2018-08-11 20:16:35,44,4817.32,4.313725490196078,17,439,False
abe021b01ba992245271b9aa422032df,2017-02-04 18:54:15,2017-05-09 14:46:34,2,6720.0,3.5,477,93,True
abe42c5d03695b4257b5c6cbf4e6784e,2017-08-31 17:25:03,2018-08-05 14:52:28,49,17000.0,3.9183673469387754,24,338,False
ac3508719a1d8f5b7614b798f70af136,2017-05-23 21:17:18,2018-08-05 13:31:47,101,12446.140000000001,4.603960396039604,24,438,False
ac51cac5e20d69ff485a54746488ef48,2018-01-14 18:50:16,2018-01-29 10:29:18,3,700.0,3.6666666666666665,212,14,True
ac6417315ae5da8f9a38ee11de6f7780,2017-04-27 09:34:25,2018-03-27 11:44:20,7,716.4,4.142857142857143,155,334,True
ac9b01377919cdbd2a1bbb8d5837c70b,2018-08-05 18:53:35,2018-08-05 18:53:35,1,55.9,3.0,23,0,False
acadd4d36859671cb635527c6c977533,2017-12-15 16:15:10,2018-08-08 09:49:45,12,2381.0,4.25,21,235,False
acb6c2ca5c82411c1fdb88d5fd5eb95e,2017-02-16 15:56:11,2018-08-01 15:56:40,10,413.88,3.727272727272727,27,531,False
acce39e832338debb07b02385cde5967,2018-05-12 17:10:13,2018-08-26 15:11:20,44,4748.1,4.4772727272727275,2,105,False
aced59e9b31ef866a94f9e7f29d8d418,2017-02-13 11:50:50,2018-08-26 04:51:22,61,7302.7,4.434782608695652,3,558,False
acf974e4d5950ad143a247471b831eb9,2017-03-07 16:20:35,2017-10-30 13:27:55,5,423.8,4.333333333333333,303,236,True
ad14615bdd492b01b0d97922e87cb87f,2017-02-10 17:40:30,2017-02-10 17:40:30,1,8.25,5.0,564,0,True
ad273c9eb54ecb4532de4bf75bae9e4e,2017-03-01 11:31:23,2018-08-09 01:14:45,10,645.0,3.8181818181818183,20,525,False
ad420dd0c4f92f8af951ac24b86d0cf5,2017-04-26 10:41:39,2018-08-24 18:00:29,42,4705.29,4.108695652173913,4,485,False
ad75519a07f039025e83795a4418470f,2018-01-26 15:38:19,2018-08-15 16:08:01,3,302.1,3.2222222222222223,13,201,False
ad781527c93d00d89a11eecd9dcad7c1,2017-07-17 20:24:19,2018-05-16 09:44:37,38,6039.63,3.3421052631578947,105,302,True
ad87df7699e83b8a91822a4a0b765c3a,2017-03-21 11:33:31,2017-06-25 16:32:29,5,309.9,3.8333333333333335,429,96,True
ad8b531ae67582f096925cff5630d0d1,2017-10-08 20:45:59,2017-11-24 20:26:39,2,198.45000000000002,4.0,277,46,True
ad97a199236354e53fcd91a5a913e9a2,2017-11-16 20:47:34,2018-07-23 23:29:17,16,12446.85,4.470588235294118,36,249,False
adbc26658d6c7b4b6219f9d934598091,2017-08-28 11:44:24,2018-08-21 12:31:00,88,11806.4,4.054347826086956,8,358,False
adbe70ab2c97442046d393988c8d1d27,2017-09-07 13:07:38,2017-10-12 16:51:36,5,289.5,4.2,320,35,True
adcf50477d6a1f5d91bb9d54c4903cb5,2017-02-08 17:01:04,2018-06-29 16:03:27,16,981.86,3.3548387096774195,60,505,False
ade45994b717ccee333492330fbf037b,2018-06-09 20:12:15,2018-08-15 18:26:46,10,7196.0,4.5,13,66,False
aded58c8142dedc5494a81f948431fab,2018-04-01 19:44:52,2018-04-23 12:11:20,4,289.5,3.2,128,21,True
ae45ad30c2d2e5913094769690a239d2,2017-12-08 13:21:55,2017-12-08 13:21:55,1,251.8,5.0,264,0,True
ae45df84722b1d15c5f32b23a095746c,2018-02-22 18:41:33,2018-08-21 10:19:27,9,901.8299999999999,4.833333333333333,8,179,False
ae7ab174effdead6c241e547e4ca13f0,2018-06-11 10:22:49,2018-08-11 19:14:29,6,2778.6,3.857142857142857,17,61,False
ae8bfdbf1c2a2a2dee92d799db0a31c6,2017-02-15 09:34:07,2017-05-15 17:58:25,8,339.92,4.125,470,89,True
ae9690c6e8fee182c28c9ff8e11ca52c,2016-10-09 23:25:13,2016-10-09 23:25:13,1,47.4,5.0,688,0,True
aeb36d67f1414f234d42a29e27cf1f17,2018-05-14 21:03:30,2018-08-06 20:17:40,4,3263.8,4.5,22,83,False
aec99834ab5d38ead22766ada8497e87,2018-07-20 17:20:48,2018-07-20 17:20:48,1,459.0,5.0,39,0,False
af3ef48d0e13835e529c29ac573c63e5,2018-05-16 08:11:59,2018-08-22 19:43:54,21,1405.63,3.761904761904762,6,98,False
af4a0e4cfe1d9c26b6712b1be25a72e5,2017-08-01 11:03:32,2018-03-15 22:35:02,21,8757.98,3.5,166,226,True
af7cdac9d9897cddead9c6b08976c642,2018-03-14 08:57:54,2018-08-18 11:30:57,6,543.54,3.6666666666666665,11,157,False
afa6714acee029b2dfdf357e5579cc03,2016-10-08 15:42:14,2018-08-20 11:23:16,16,3220.76,4.0588235294117645,9,680,False
afe0067131b73e40875c9b6c10bd2e21,2017-02-22 20:39:41,2018-06-10 22:56:17,45,5040.5,4.288888888888889,79,473,False
b00af24704019bd2e1b335e70ad11f7c,2018-06-20 00:20:03,2018-06-20 00:20:03,1,189.0,5.0,70,0,False
b01c2b7b8599b325103ebcddc67413e1,2018-07-13 09:52:00,2018-08-18 21:10:16,4,169.45,4.75,10,36,False
b026643914f651e8371425e5b8a1e780,2017-07-07 10:26:23,2017-07-07 10:26:23,1,27.9,5.0,418,0,True
b0398568231ba5e6734af1881671a317,2018-03-22 14:59:06,2018-04-10 09:24:49,4,656.77,4.0,141,18,True
b05b432bf68945d4d9783f9e3ca29ee8,2017-09-11 21:19:55,2017-09-12 17:49:55,2,224.8,4.5,350,0,True
b080809eaacb49e5ca07290981472431,2017-02-24 17:04:27,2018-05-15 08:48:09,11,424.0,4.818181818181818,106,444,True
b0b346d3a89f5eb4c2968af3f083cd43,2017-11-14 12:22:53,2018-08-03 11:15:31,9,469.0,3.7777777777777777,26,261,False
b0f2a6122a90a93eb03e68653dd960e3,2018-04-28 17:05:06,2018-08-08 16:54:04,6,1620.3,4.857142857142857,20,101,False
b1204cfda1d4948679db3cfc0d3cb95c,2017-01-17 19:55:40,2018-07-25 21:44:39,6,411.20000000000005,4.333333333333333,34,554,False
b127efdabeffb5d559349c7b172eb75d,2017-01-26 13:51:54,2017-05-17 19:12:52,10,308.5,4.8,468,111,True
b12cfd255810394b60caef18ae163547,2017-11-20 16:52:14,2017-11-24 00:34:46,2,560.0,4.5,278,3,True
b14db04aa7881970e83ffa9426897925,2016-10-06 17:45:30,2018-08-19 18:43:15,78,5595.9,3.657142857142857,9,682,False
b16d3dadc47d4eb18be3d88bad0775ce,2018-05-29 23:02:46,2018-08-16 22:06:01,10,722.1,4.363636363636363,12,78,False
b17b679f4f5ce2e03ce6968c62648246,2016-10-05 09:19:46,2018-05-14 12:37:29,50,3424.18,3.9215686274509802,107,586,True
b18871c324516afa228a13e8f1ef0ae9,2018-02-28 22:21:37,2018-06-18 18:47:16,9,1064.6,3.9565217391304346,71,109,False
b18dc380845b24038cfc48006478f099,2017-10-06 06:30:11,2018-08-03 11:34:23,43,7753.96,4.229166666666667,26,301,False
b19c48688808720822399ffa9f2dbe2f,2018-08-22 14:14:50,2018-08-22 14:14:50,1,959.99,5.0,7,0,False
b19f3ca2ea475913750f25a5c37c8d8f,2017-10-24 17:39:10,2018-08-07 22:04:34,19,4174.16,3.263157894736842,21,287,False
b1a81260566c1bac3114a6d124413f27,2018-03-11 10:24:44,2018-08-17 15:57:10,51,8684.69,4.222222222222222,11,159,False
b1aaae6b66ad3c40f54b389d7ea4bee0,2017-01-22 11:08:52,2017-05-24 17:01:03,15,1176.5,4.470588235294118,461,122,True
b1ac6ea7895bc3dd6f0f6f4abbdd2821,2017-03-11 17:05:35,2017-12-15 12:52:08,38,2962.0,4.526315789473684,257,278,True
b1b3948701c5c72445495bd161b83a4c,2017-06-06 08:37:30,2017-08-09 21:38:40,14,21519.5,1.9285714285714286,384,64,True
b1fc4f64df5a0e8b6913ab38803c57a9,2017-05-09 10:49:49,2018-08-10 08:13:28,107,7994.74,3.7520661157024793,19,457,False
b1fecf4da1fa2689bccffa0121953643,2016-10-04 15:35:35,2017-05-27 11:08:23,19,3669.6400000000003,4.95,459,234,True
b2479f944e1b90cf8a5de1bbfde284d6,2018-01-12 18:17:53,2018-08-20 17:06:38,101,4848.5,3.3333333333333335,8,219,False
b248792ac0b60ec3f93d80af1b4fae47,2018-07-23 23:48:21,2018-08-22 02:31:38,7,454.5,3.7777777777777777,7,29,False
b26741d31a563d769b4af0465ab20c56,2018-02-20 18:17:18,2018-03-26 16:14:32,2,648.0,4.0,155,33,True
b274baf5bbd142410eb2958cf685d684,2018-05-16 12:51:33,2018-07-20 11:33:51,7,585.9,4.285714285714286,40,64,False
b29d3380981c51df13fc6fbe87e1763d,2018-04-28 14:49:58,2018-08-02 18:56:22,6,435.3,4.0,26,96,False
b2a6d334e2833acea353624840e25a0e,2017-08-05 18:56:35,2018-06-05 01:26:41,25,1650.98,4.5,85,303,False
b2ac621f0d0322434d04a12b078b9369,2017-08-22 10:55:25,2018-08-16 15:59:08,30,9575.5,4.4,12,359,False
b2ba3715d723d245138f291a6fe42594,2016-10-04 16:41:59,2018-08-22 08:25:48,324,49302.18,4.177142857142857,7,686,False
b2c97074649f92197d9387d9033dda5f,2018-04-23 10:28:37,2018-08-14 13:27:56,10,684.71,4.636363636363637,15,113,False
b2eecf5ea250510da76590ca79d60e5d,2017-03-05 04:18:49,2017-11-11 21:04:48,9,1060.0,5.0,290,251,True
b2f4d63c7203f539a78252565ca32257,2017-09-09 22:15:52,2017-09-09 22:15:52,1,14.9,5.0,353,0,True
b32be1695eb7ec5f10f72d9610a12527,2017-11-24 22:29:43,2018-08-13 12:59:34,44,26575.0,4.088888888888889,16,261,False
b335c59ab742f751a85db9c411a86739,2016-10-04 13:22:56,2017-12-12 19:45:01,30,2494.11,3.935483870967742,259,434,True
b33aaadd1a8891d2dfef0c4c3bdf0371,2018-01-12 10:45:12,2018-06-21 12:44:54,16,1504.0,3.764705882352941,69,160,False
b33e7c55446eabf8fe1a42d037ac7d6d,2017-10-10 20:44:59,2018-08-15 16:14:22,149,44215.17,4.190789473684211,13,308,False
b347677812ea483b0f528eaf8cbc09b7,2017-11-24 12:12:36,2018-06-22 22:10:44,21,7288.99,4.523809523809524,67,210,False
b372ee768ed69e46ca8cdbd267aa7a38,2017-03-18 11:24:06,2018-08-23 14:59:37,63,12665.0,4.4,6,523,False
b37c4c02bda3161a7546a4e6d222d5b2,2017-04-23 12:07:48,2018-07-15 14:49:44,4,24075.0,1.4,45,448,False
b3809b8d4394588a47c8470ea331e135,2018-07-06 19:46:58,2018-07-06 19:46:58,1,89.0,4.0,53,0,False
b39d7fe263ef469605dbb32608aee0af,2017-09-16 14:51:37,2018-08-23 12:47:56,43,5063.2,3.7708333333333335,6,340,False
b3b17aab11f273023a5f22ca52e1eb70,2018-01-25 13:07:28,2018-06-09 10:24:21,7,6850.0,4.846153846153846,81,134,False
b3e2faf2c1004d674f16a3aa3197f0e1,2017-02-07 19:50:11,2017-05-10 10:34:13,3,61.47,5.0,476,91,True
b3f19518fcec265b2e97af287725f981,2017-03-20 20:01:39,2017-08-22 12:44:01,8,444.91999999999996,4.375,372,154,True
b410bdd36d5db7a65dcd42b7ead933b8,2018-01-24 15:42:08,2018-08-21 10:48:37,42,7368.9,4.809523809523809,8,208,False
b416191c9813d821a295cfabafff4161,2017-07-28 14:33:15,2017-08-16 13:35:48,2,117.8,2.5,378,18,True
b43d8b707f887a30f4675391098354a0,2018-04-07 23:06:26,2018-07-22 19:49:25,3,1342.0,2.5,37,105,False
b44dbfbf62e52125f3c15d230569ea91,2018-04-19 11:45:55,2018-08-10 10:03:27,4,609.37,4.375,19,112,False
b452cb0ae35044c4a53179c39f49fb06,2018-06-01 17:13:00,2018-06-02 13:16:37,2,63.699999999999996,4.0,88,0,False
b45d7ebfb7378630f1bcd74b6ff86ff7,2017-09-03 15:21:44,2017-10-05 15:13:49,3,899.6999999999999,4.333333333333333,327,31,True
b494891378bd8f4560abe576c52deacd,2018-06-28 18:50:51,2018-08-20 00:59:32,19,2839.0,4.714285714285714,9,52,False
b499c00f28f4b7069ff6550af8c1348a,2016-10-03 22:31:31,2018-08-24 14:09:35,147,10192.17,4.229508196721311,5,689,False
b4a476fbd28de64b1e347abf9089366a,2017-03-29 19:09:42,2018-06-26 19:58:54,30,4479.04,4.0,63,454,False
b4b447d715f9ab302a188fb43d3e96b3,2018-07-03 15:00:40,2018-08-26 22:19:40,5,685.9300000000001,4.8,2,54,False
b4f8921fcc4ff77b66bea6dda43dcd51,2018-05-19 16:23:57,2018-08-21 21:18:33,18,11395.05,4.6,7,94,False
b4ffb71f0cb1b1c3d63fad021ecf93e1,2017-02-01 14:38:41,2018-08-18 10:55:43,143,6759.83,4.04093567251462,11,562,False
b55638ad525e906c698fa2ce742c1742,2017-11-06 19:23:13,2018-08-08 12:51:29,11,1094.8,4.166666666666667,21,274,False
b561927807645834b59ef0d16ba55a24,2018-01-19 00:48:30,2018-08-26 20:57:20,85,4501.99,4.336842105263158,2,219,False
b566ab0ef88016e00422755e305103c6,2018-03-11 10:26:01,2018-07-23 13:26:43,5,1208.0,3.2,37,134,False
b56828a9f9027f3c918c04ca720d9e3c,2017-10-03 14:05:27,2018-05-02 12:17:02,3,360.0,2.6666666666666665,119,210,True
b56906f7fd1696e043f1bcce164c487b,2016-10-06 14:59:56,2018-08-08 09:00:50,40,2148.49,3.9523809523809526,21,670,False
b586cd24c010a13916af621b0325fbba,2018-06-17 21:50:12,2018-08-23 11:27:36,6,1108.94,3.857142857142857,6,66,False
b5abf4f36adc043117b4fca82c22984c,2017-04-11 12:05:15,2018-08-11 14:35:56,8,803.1,2.888888888888889,18,487,False
b5b800c4065bebf4d3442311c9857344,2018-05-01 12:29:30,2018-05-01 12:29:30,1,79.9,5.0,120,0,True
b5bb2b985208834bd5bd86c7a402bbad,2018-01-31 21:10:29,2018-04-21 22:27:34,2,621.06,5.0,129,80,True
b5d034ac251546e25afe9067f05c1539,2018-04-21 05:31:57,2018-04-21 05:31:57,1,69.9,5.0,130,0,True
b5dd7151a92ccaaa282cbe9681a05f44,2018-07-18 10:09:15,2018-07-18 10:09:15,1,85.0,5.0,42,0,False
b5e3e38609125694d2ea2417522a60b7,2017-04-16 20:39:21,2017-09-19 13:30:18,16,995.04,4.352941176470588,344,155,True
b5f0712d22a873b6797ab6cc65c3fcba,2018-08-13 12:22:49,2018-08-13 12:22:49,1,12.99,4.0,16,0,False
b5f49fe968dff6b112861e6cd8e192ef,2018-01-18 18:21:21,2018-01-18 18:21:21,1,194.70000000000002,5.0,222,0,True
b64d51f0435e884e8de603b1655155ae,2018-04-07 11:00:35,2018-08-24 10:35:52,17,416.18,4.130434782608695,5,138,False
b67d6c666e8dce1d078c882825e12704,2018-07-06 12:11:22,2018-08-08 16:42:07,7,352.84,4.875,20,33,False
b6d44737c043328708f6749c2dbe50bd,2017-03-15 12:56:04,2018-08-07 17:47:15,61,5284.6,4.569620253164557,21,510,False
b6dc74ed30f124f95227bed4e43a3bed,2017-02-28 22:22:48,2017-12-05 10:31:53,9,420.52,4.7272727272727275,267,279,True
b6e1504972665f739dec4facb9943775,2017-05-22 21:17:02,2018-03-26 12:35:07,14,1484.48,4.357142857142857,156,307,True
b6f52e346160519c24a23af05410ad32,2018-04-26 08:13:16,2018-04-26 08:13:16,1,129.9,4.0,125,0,True
b74d1c09cb380e1d03a6f859c6f4224b,2018-02-23 16:51:37,2018-08-09 13:35:56,30,2174.61,4.2368421052631575,20,166,False
b76a1f8356322f12529c37b67d5c96c2,2017-12-19 19:01:13,2018-02-19 15:11:22,5,298.5,4.8,190,61,True
b76dba6c951ab00dc4edf0a1aa88037e,2017-01-06 21:30:38,2018-08-27 20:03:07,157,2545.31,4.173652694610778,1,597,False
b76f4d90e85657a240495c876313adc5,2018-08-25 22:28:18,2018-08-25 22:28:18,1,299.0,5.0,3,0,False
b77a27b1864483e721dc831d5ba4afa0,2017-03-30 06:24:14,2017-03-30 06:24:14,1,20.9,5.0,517,0,True
b7ba853e9551f4558440881fd3e5c815,2016-10-06 16:17:56,2016-10-06 16:17:56,1,136.9,1.0,691,0,True
b7cc6c5e001441ae8cdd5c69a480cbe4,2017-02-26 23:33:43,2017-11-24 14:59:30,5,452.8,4.6,278,270,True
b7d5b4b87af9d42b601865d3f3810bff,2017-05-06 18:49:21,2017-05-06 18:49:21,1,350.0,3.0,479,0,True
b7e1750c1157341d2abd0251e07c186b,2017-02-14 13:18:53,2017-04-20 14:30:07,3,159.6,4.5,496,65,True
b7ed9fb14c8eadb37adb9c45d67ab0fb,2017-07-01 12:10:10,2018-07-27 20:09:23,7,566.0,2.909090909090909,32,391,False
b8114f2f589a6804810f04f99b36b498,2018-04-04 16:05:12,2018-08-17 10:28:31,8,1399.62,4.7272727272727275,12,134,False
b81e3a6c866a764974fe849821abeebd,2018-07-14 19:31:09,2018-08-15 22:06:09,8,836.15,4.545454545454546,13,32,False
b839e41795b7f3ad94cc2014a52f6796,2018-03-01 10:18:57,2018-08-25 15:12:30,33,42829.0,4.027777777777778,3,177,False
b83cedfb587e7911540e3f576d6917ce,2017-06-23 17:21:18,2018-05-14 12:20:47,24,2224.95,4.24,107,324,True
b8555308bfdb4ca1ed54325a58da9a97,2017-12-11 13:47:29,2018-08-23 11:29:01,26,3047.2000000000003,4.071428571428571,6,254,False
b8578d2d823bd8e251f6fdd02b40902d,2018-04-12 20:58:52,2018-07-19 15:42:35,9,1255.6,4.444444444444445,40,97,False
b8630e1121437d41cb08e3c749c2c2e2,2017-11-25 04:02:51,2018-08-06 09:14:27,12,6988.0,4.333333333333333,23,254,False
b86a47b3366e3b5424a7b225781f4908,2018-01-05 10:01:43,2018-01-05 10:01:43,1,86.5,3.0,236,0,True
b87a7ea0c30fad2dd6781b74a0064859,2018-01-10 19:14:05,2018-07-02 14:00:47,9,515.4,3.4444444444444446,58,172,False
b88e7c57cb2d8b973b7dd4a2bfa14b36,2017-05-21 13:09:50,2017-12-01 00:13:14,4,353.9,4.25,271,193,True
b8a0adc91af209270c2c725168eb00fd,2018-04-16 19:54:11,2018-06-27 10:15:28,6,281.4,4.0,63,71,False
b8bc237ba3788b23da09c0f1f3a3288c,2017-08-07 08:31:36,2018-06-30 07:43:15,45,13685.710000000001,4.276595744680851,60,326,False
b8d890108a7a80e4f5d59eea9f362438,2017-09-05 08:05:20,2017-10-19 12:07:22,2,89.69999999999999,3.3333333333333335,314,44,True
b906dd0e57f282c7089171b6ed07982e,2018-04-18 01:06:13,2018-06-25 17:58:26,2,175.0,4.0,64,68,False
b90e891671cffd9557f33a97dc523645,2017-08-18 16:54:56,2018-08-23 12:56:27,34,4449.0,4.128205128205129,6,369,False
b92e3c8f9738272ff7c59e111e108d7c,2017-01-17 22:26:00,2018-08-07 15:23:50,62,8350.99,4.070422535211268,21,566,False
b94cc9f10ddc85e4ba73a6f7974e7101,2017-11-02 09:30:52,2018-06-12 16:20:38,39,25346.1,4.282051282051282,77,222,False
b98b715fe9e276204e2a3464f48cd796,2017-02-03 15:20:03,2018-04-16 17:59:29,4,388.6,4.0,134,437,True
b9a03475e6447e631b6799ec8274800f,2017-11-06 15:24:21,2018-07-28 19:42:23,10,1349.1,4.2727272727272725,31,264,False
b9c0ffa92f3ff9a5a3d45ef7213c0842,2017-09-17 06:44:58,2017-12-14 20:24:06,3,490.0,5.0,257,88,True
b9ca8e8baa5d4aa038394a700f63e69f,2018-04-23 14:23:32,2018-08-28 12:38:17,14,1289.77,4.214285714285714,1,126,False
b9de031b671cd48b28fae9d828cbf2b4,2018-07-18 13:52:45,2018-07-18 13:52:45,1,155.32,5.0,42,0,False
b9ec22de23f18567de0e09d776ca0309,2018-06-22 14:30:06,2018-08-14 23:20:29,2,341.98,5.0,14,53,False
ba143b05f0110f0dc71ad71b4466ce92,2018-04-24 13:18:10,2018-08-18 21:58:12,83,5998.7,4.464285714285714,10,116,False
ba5daa4041e1f15cdf34b76e3e18a450,2018-02-03 12:38:58,2018-08-20 11:16:03,15,806.8000000000001,4.266666666666667,9,197,False
ba6b4a237f92479743cf0ca06b67a9ac,2018-01-17 08:46:59,2018-08-03 18:35:52,8,801.89,4.25,25,198,False
ba6b68b55fe8704377a7d43c8e5c0185,2017-05-02 06:49:31,2017-06-03 14:27:54,5,739.77,4.2,452,32,True
ba6ce6de456f6c11d08c17701ba5c26f,2018-02-15 17:02:21,2018-07-23 19:41:14,6,744.35,3.7142857142857144,36,158,False
ba89796db68db180bd389de96b2ff3b6,2018-07-13 13:42:50,2018-07-29 10:00:52,2,309.8,5.0,31,15,False
ba8e85df286308fe68a2ce83a8f8b2d6,2018-06-12 22:21:34,2018-06-12 22:21:34,1,80.9,5.0,77,0,False
ba90964cff9b9e0e6f32b23b82465f7b,2018-02-25 12:47:36,2018-08-15 18:28:56,38,44212.5,4.421052631578948,13,171,False
baa49d93c8c8841e27400a300f5d74b2,2017-05-03 13:31:27,2017-06-05 12:57:58,6,246.39999999999998,4.5,450,32,True
bab0a8cd684e41ba6e2637dca0979d3b,2017-08-22 13:33:36,2017-08-22 13:33:36,1,269.9,5.0,372,0,True
babcc0ab201e4c60188427cae51a5b8b,2018-07-01 10:23:10,2018-07-01 10:23:10,1,79.0,5.0,59,0,False
bac44fa8e13424950488659b5f765c41,2016-10-04 22:43:33,2016-10-04 22:43:33,1,19.9,5.0,693,0,True
bac692d6c0ed08467878018e6cc9c26c,2018-07-31 16:21:04,2018-07-31 16:21:04,1,477.0,4.0,28,0,False
bacb1f0ed56ad24198f5810d2b3fe9a5,2017-04-30 21:10:28,2018-01-17 22:58:43,38,6078.05,4.315789473684211,223,262,True
baeda7047354773262ba2405f97038ba,2017-09-30 07:55:03,2017-09-30 07:55:03,1,35.0,5.0,333,0,True
baf15155e37ef5492731459bdc05be8a,2017-03-16 11:18:01,2017-03-16 11:18:01,1,47.0,5.0,531,0,True
bafc5aa11e413978be29040f51342e70,2017-12-04 19:43:40,2018-01-25 09:28:33,9,1679.55,3.7777777777777777,216,51,True
bb135baca94c82fcb731335ad5b04a03,2017-01-21 06:58:31,2018-08-11 16:39:54,18,1049.8,2.6578947368421053,17,567,False
bb2afe2061d53c6968aa0cffa233a8ec,2018-05-09 17:11:55,2018-07-21 23:56:29,5,549.4,4.833333333333333,38,73,False
bb3dca718920a4d7ec3cc9ffb025108b,2017-02-08 13:09:38,2017-02-15 17:55:10,2,108.0,2.3333333333333335,559,7,True
bb5bd94c8f59cc050072d2930c869cac,2017-02-12 18:43:37,2018-06-08 09:43:52,16,2593.86,4.222222222222222,82,480,False
bb5d956dece964a06c12bceb66b923ae,2018-01-21 15:52:24,2018-02-19 12:18:48,2,1278.36,5.0,191,28,True
bb7a14e229b1c95156719c3d9552eeee,2017-10-09 08:49:32,2018-04-20 12:56:37,10,2760.2,4.5,131,193,True
bb7ad8a45c027be8ab075b8e465f8ca0,2018-07-22 22:54:11,2018-07-28 13:17:15,2,19.98,5.0,32,5,False
bba3293d6f5d5af2f415e004e8b93ae3,2017-09-02 21:01:18,2018-06-22 22:17:39,17,11702.1,4.294117647058823,67,293,False
bba74270a87732727b5a3b4fd9ac1c39,2017-10-02 09:21:04,2018-05-31 13:18:45,35,5964.6,3.875,90,241,False
bba8d0c234a52b87b3957037a215d1a4,2018-05-04 19:24:09,2018-05-04 19:24:09,1,120.0,5.0,116,0,True
bbad7e518d7af88a0897397ffdca1979,2017-06-05 11:30:05,2018-08-06 10:55:03,68,4426.32,3.0238095238095237,23,426,False
bbaff50f3b708fda865918715276cd87,2017-03-15 11:20:40,2018-08-06 21:40:05,12,449.7,4.8125,22,509,False
bbd3acfe6de99892e73940d3fdceaf68,2018-08-18 15:57:06,2018-08-21 10:38:28,2,69.0,3.0,8,2,False
bbe87dce25ba8b38bb61cc7210a3f10b,2018-05-11 10:13:31,2018-08-24 09:18:20,2,287.0,5.0,5,104,False
bbf4a892cac7b82422baa711dffb8997,2018-06-11 11:35:34,2018-06-11 11:35:34,1,70.0,5.0,79,0,False
bbf9ad41dca6603e614efcdad7aab8c4,2017-02-05 17:07:34,2018-06-23 18:22:41,14,7846.0,4.5,66,503,False
bc07d855eac23aab5ac8a120f21d16b2,2018-03-08 19:38:25,2018-08-12 13:26:21,11,1202.62,4.416666666666667,17,156,False
bc2ac6b95e1accce9858528ee566c17e,2017-08-21 19:07:53,2018-05-21 17:38:06,18,2045.0,4.636363636363637,99,272,True
bc302730ea8cf49b5c74f579febb5bbf,2017-08-07 12:44:28,2018-08-02 18:35:44,11,2640.9,3.8181818181818183,26,360,False
bc30de0d71bd6260b936a026b5cf7200,2018-04-11 16:10:27,2018-04-26 13:47:17,3,392.37,4.666666666666667,125,14,True
bc39d8938f90a3a2b98193723ed59774,2018-04-26 21:37:53,2018-06-21 15:08:30,2,306.8,2.5,68,55,False
bc47d5d1490df2b36add65d733eafaba,2018-01-11 15:08:00,2018-08-08 14:33:34,21,929.8,3.5454545454545454,21,208,False
bc503e244f187939d10c92a5c8e378ce,2017-04-04 13:46:04,2018-02-26 18:30:59,6,430.31,4.153846153846154,183,328,True
bc8c8d665ec4664d286be0d521722b19,2018-08-06 15:03:53,2018-08-06 15:03:53,1,22.5,2.0,22,0,False
bca9230d3bbb4efa51872bf605a2f1ad,2018-06-07 14:01:50,2018-08-27 23:30:28,5,117.57,4.0,1,81,False
bcc9dd23e2a8bd8267cf92b19304a1b9,2018-01-19 23:31:34,2018-02-21 22:43:55,3,202.79000000000002,2.3333333333333335,188,32,True
bccf933e006e9b94a6184af782963e77,2017-10-06 19:38:37,2018-08-21 15:13:19,45,4162.74,4.456521739130435,7,318,False
bcd2d7510d58e293f20fad6438c1b314,2017-02-09 11:38:52,2017-02-09 11:38:52,1,23.9,1.0,566,0,True
bce6a5ecf98e99fd2a8868b15c51f04b,2018-06-02 10:10:55,2018-08-22 10:51:09,14,3464.9,4.133333333333334,7,81,False
bd0389da23d89b726abf911cccc54596,2017-03-13 19:41:54,2018-08-14 14:48:11,87,7472.16,4.2,15,518,False
bd0a1b0aadca9a83d9304f7e8ff5fbd5,2018-07-15 21:50:53,2018-07-29 20:39:20,4,150.6,4.5,30,13,False
bd149ed516d4c5d418d5781f8e18919f,2017-10-31 14:13:14,2018-08-23 23:04:04,8,414.0,4.888888888888889,5,296,False
bd15ee794d5e640d9dd71b665b2ab15b,2018-03-21 12:59:12,2018-08-14 11:46:06,12,374.79999999999995,4.0,15,145,False
bd1d49a326abfa9b1036772e40445430,2017-11-07 22:51:11,2018-06-15 12:52:13,12,637.7,3.8461538461538463,75,219,False
bd23da7354813347129d751591d1a6e2,2017-07-17 11:44:41,2018-08-17 09:08:30,86,9794.5,4.113636363636363,12,395,False
bd43e172d599bed47a85da877172ca8c,2018-07-17 23:29:45,2018-07-17 23:29:45,1,23.92,5.0,42,0,False
bd4431c1a8dfa744b59e1e2a8bc99b9e,2018-04-05 22:09:05,2018-08-14 12:35:00,7,809.5,4.571428571428571,15,130,False
bd4889b5e9133b35b66e42a8665cea5c,2017-04-08 19:30:11,2018-07-24 11:50:06,36,6271.9,4.404761904761905,36,471,False
bd4ff04377f974574f7f0bf9d6ce7dde,2016-10-05 17:14:27,2017-02-20 12:16:48,4,164.96,3.5,555,137,True
bd65d163ded559eb90a10cd09fec178f,2017-08-21 10:31:19,2017-08-21 10:31:19,1,19.8,4.0,373,0,True
bd697db56ff8e7c9cd1abeb7f72029b2,2017-02-12 12:32:38,2018-08-10 12:30:45,21,2869.79,4.333333333333333,19,543,False
bdae679a9b282249bc23b9b69dae9a99,2018-02-14 11:37:48,2018-08-13 12:13:40,6,663.15,3.5,16,180,False
bdb3edbaee43a761e2d4f258dc08f348,2017-11-21 22:22:38,2017-12-18 11:50:01,5,259.5,3.8,254,26,True
bdf0d02d36a1d839d0c39c4a887cdd49,2018-01-07 18:31:16,2018-02-04 20:00:08,5,120.0,5.0,205,28,True
be1e9e378700cecaa4ebf71433d7915c,2017-11-19 11:04:14,2018-01-22 17:08:00,2,119.89000000000001,3.0,218,64,True
be3b4b0f050a6aa1b2d901c4b77e979f,2018-04-26 09:05:59,2018-06-08 12:12:54,3,578.1999999999999,2.75,82,43,False
be67f78487e2cecb0d55bc769709e4f5,2018-03-23 17:06:29,2018-03-23 17:06:29,1,102.0,5.0,158,0,True
be7a093e5b4d147b36b72bb1f9e415e5,2018-07-07 10:44:58,2018-07-07 10:44:58,1,60.9,5.0,53,0,False
be8e909810184b9b19e886129149d8e5,2017-10-03 13:27:13,2018-05-13 13:20:54,15,629.85,3.7333333333333334,108,221,True
be9a160a9011f627c3e121d076c1ec7b,2017-03-26 11:36:32,2017-10-27 23:57:47,5,2055.0,4.6,305,215,True
beadbee30901a7f61d031b6b686095ad,2018-05-28 18:47:40,2018-08-22 09:16:14,64,4373.98,3.9411764705882355,7,85,False
bec568278124768c474ee90971ca94d1,2018-06-17 22:38:30,2018-07-30 19:24:57,2,219.9,4.5,29,42,False
bede56095ba33c42038fb85f707b8a42,2017-08-20 19:28:57,2017-12-17 09:15:37,2,3973.9,4.5,255,118,True
bee36b4f9a2b9fdcaff6ec05df202ed0,2017-02-11 17:06:41,2017-02-11 17:06:41,1,16.9,5.0,563,0,True
bf00385a5f7fc1ef39a13c2e9ee50a5f,2018-07-03 15:45:08,2018-08-27 19:59:06,28,855.4,4.428571428571429,1,55,False
bf0045791395e66460eb04749c68672a,2017-02-07 13:50:56,2017-03-15 21:04:08,2,119.8,4.0,531,36,True
bf100ecb7997df312b285358fb32f92c,2017-01-23 07:33:11,2018-02-04 20:43:44,20,1991.9,4.238095238095238,205,377,True
bf3c6d2a28b2b5501e6c15448982dcc9,2017-05-29 22:47:27,2018-05-09 12:03:22,35,3956.5,4.4186046511627906,112,344,True
bf84056e679dbe9c69929847a40e338f,2018-02-19 11:58:17,2018-04-29 13:46:06,35,1918.08,3.763157894736842,122,69,True
bf961104a38e01b9062ee026bb657dee,2017-02-02 13:51:50,2017-02-09 19:08:19,4,585.56,4.5,565,7,True
bfd27a966d91cfaafdb25d076585f0da,2017-02-05 12:45:04,2018-07-02 10:01:40,114,19225.0,4.2956521739130435,58,511,False
bfd938b22bc99bce1ae60dc602889f52,2017-01-22 21:50:07,2017-04-03 07:55:19,4,623.4000000000001,5.0,513,70,True
bff9deb0ec77d437f3305a79cf25529e,2018-06-23 07:13:25,2018-08-16 22:31:19,5,161.95,4.0,12,54,False
c003204e1ab016dfa150abc119207b24,2017-10-18 23:51:56,2018-08-26 16:19:58,195,24904.29,4.44,2,311,False
c00396cbdd2e088fe4281baa5920aef1,2018-04-04 14:36:46,2018-04-04 14:36:46,1,832.4100000000001,5.0,147,0,True
c004e5ea15737026cecaee0447e00b75,2018-08-10 00:17:59,2018-08-10 00:17:59,1,2350.0,1.0,19,0,False
c0098efcf800861dcae589affca31408,2017-12-06 18:59:33,2018-07-17 08:06:39,9,1189.28,4.777777777777778,43,222,False
c013e57c075a06e5b5c48ee03c525719,2018-02-27 15:10:06,2018-08-26 19:04:05,42,1971.55,4.155555555555556,2,180,False
c026ef0d72e9132d9fa112308090c8dc,2018-08-05 11:38:06,2018-08-05 11:38:06,1,520.0,4.0,24,0,False
c03121937e54a93fcc1825c3098bbb6e,2017-03-28 17:03:51,2018-05-03 20:52:38,7,1043.0,5.0,117,401,True
c04d70d515d15a7e3db3a73320598566,2017-05-24 22:17:27,2017-11-13 10:38:36,3,158.2,5.0,289,172,True
c0563dd588b775f2e37747ef6ad6c92c,2017-02-28 15:22:46,2018-08-20 16:08:31,28,3697.2000000000003,4.357142857142857,8,538,False
c092292535a57dacd95a8765f5518f87,2018-07-05 16:07:58,2018-07-05 16:07:58,1,125.0,5.0,54,0,False
c0aff2da32c17759d30b22fb0af6649d,2018-06-11 13:15:42,2018-08-22 15:27:49,4,188.8,3.8,6,72,False
c0e0b73d039eb9a99b6ce4cb7a429cd3,2018-06-15 15:53:06,2018-06-15 15:53:06,1,29.88,5.0,74,0,False
c0e6839516f5398edc34adf5f1d53d1a,2017-05-06 10:58:50,2017-05-06 10:58:50,1,34.92,5.0,480,0,True
c0f3eea2e14555b6faeea3dd58c1b1c3,2018-08-03 00:26:04,2018-08-03 00:26:04,1,79.99,5.0,26,0,False
c0f783394e37cd9c9d7f5f81141450fa,2017-11-10 13:49:38,2017-12-13 17:14:37,6,249.39999999999998,3.1666666666666665,258,33,True
c113b8df1fc375bc3d73d29c1b1144d1,2017-06-15 10:15:14,2017-08-02 16:17:16,3,333.0,4.2,391,48,True
c12b92bf1c350f3e6bf88d3596219c86,2018-05-01 14:15:31,2018-08-13 15:17:31,17,4808.78,3.8823529411764706,15,104,False
c12d7463a579237ffb9248bd7cff378b,2016-10-06 13:16:56,2016-10-06 13:16:56,1,25.9,4.0,692,0,True
c13ef0cfbe42f190780f621ce81f2234,2018-01-18 13:36:21,2018-01-18 13:36:21,1,390.0,3.0,223,0,True
c13fb473e7cb8b83ccd543c094df0608,2017-01-30 22:18:53,2017-03-20 10:48:56,2,54.8,3.5,527,48,True
c1552b1dab6e6f760950368ae61fb600,2018-08-22 14:24:54,2018-08-25 11:00:52,2,53.8,2.5,4,2,False
c157bdeedcbc9a8e3c8bf0d87ff24428,2017-05-05 16:46:55,2017-08-20 12:22:14,7,514.27,4.5,374,106,True
c161d1327ebc3a156c09582ab2f59f6c,2017-08-04 13:54:51,2017-12-04 17:08:27,2,35.99,4.0,267,122,True
c18309219e789960add0b2255ca4b091,2017-12-05 13:49:27,2017-12-05 13:49:27,1,9.9,5.0,267,0,True
c1849d4d32d7a6cecd5aa471809d3135,2018-08-04 12:56:08,2018-08-26 22:41:03,3,388.98,4.333333333333333,2,22,False
c1d1ebb4745cc43cb6f05e9c8a705c9a,2017-04-20 20:47:53,2017-04-20 20:47:53,1,12.5,1.0,495,0,True
c1dde11f12d05c478f5de2d7319ad3b2,2018-08-19 18:13:40,2018-08-19 18:13:40,1,12.5,1.0,9,0,False
c1ed9e3daf6154542826a6996af0fb8c,2017-08-15 20:57:47,2018-03-02 15:27:23,8,757.5,4.625,179,198,True
c1f12f926d0ba950578b4fa41115cbb6,2018-02-24 12:00:07,2018-08-01 17:20:32,2,479.6,4.5,27,158,False
c240c4061717ac1806ae6ee72be3533b,2018-05-08 17:40:24,2018-05-08 17:40:24,1,59.9,4.0,112,0,True
c24173065483e421f9e5e7f599de101d,2017-07-11 14:17:47,2017-11-24 14:46:52,9,373.91,3.5555555555555554,278,136,True
c26a2be5b53b7db6b276280da212a779,2017-08-08 13:37:37,2018-08-03 16:58:12,13,7482.0,2.7222222222222223,25,360,False
c26ba52cf8d2f34915f2f6b7ffa0a3f3,2017-12-10 22:31:27,2018-01-16 22:32:22,3,107.47,5.0,224,37,True
c273175f7c6c80fb02f051e2fc6d0d72,2017-01-25 16:25:03,2017-07-20 11:33:01,14,1188.23,3.7857142857142856,405,175,True
c286ec035ee04ba81c97508f0b5df544,2017-05-12 22:47:15,2017-05-12 22:47:15,1,294.0,4.0,473,0,True
c2bda99904207edd1834f03e0022b007,2017-09-27 09:25:55,2017-09-27 09:25:55,1,39.9,4.0,336,0,True
c2d70ce2c5d0a2eb75e78668236e6dc8,2017-09-22 11:58:32,2018-08-27 23:12:55,13,2470.9,4.666666666666667,1,339,False
c31eff8334d6b3047ed34bebd4d62c36,2017-11-25 11:48:45,2018-08-17 08:05:07,120,12991.61,3.8512396694214877,12,264,False
c3251e13f1bbda6c74e37c160f991e19,2017-03-18 18:18:22,2017-05-26 16:15:49,2,437.79999999999995,5.0,459,68,True
c32fc744b9160ac853450488e3cfea93,2018-05-04 14:21:11,2018-06-06 22:51:55,2,65.8,3.0,83,33,False
c33847515fa6305ce6feb1e818569f13,2018-05-09 20:36:26,2018-08-22 16:38:09,114,15519.85,3.71875,6,104,False
c33a5c3c983090c8b78a28e65052a20d,2018-01-15 10:28:06,2018-06-24 23:22:22,8,559.2,4.125,65,160,False
c353f8fc0ce8344999f17d578eb69a5e,2017-01-23 07:23:50,2017-02-06 14:54:29,2,175.98,5.0,569,14,True
c35672b10ad50968f567ea3f4b91e877,2017-08-21 20:40:53,2018-08-04 16:27:58,18,1150.57,4.454545454545454,24,347,False
c35affa65afd250151285c5917fc1c8a,2017-11-04 17:06:18,2018-06-25 11:15:35,8,4779.92,4.25,65,232,False
c360e4787614ed31ac7a2f95d3b22dc6,2018-06-13 09:32:06,2018-06-13 09:32:06,1,188.9,2.0,77,0,False
c37b2059d4f90d4feead554e5246565e,2017-11-03 16:43:28,2018-07-02 20:39:32,12,839.3,3.75,57,241,False
c3867b4666c7d76867627c2f7fb22e21,2017-03-30 13:28:48,2018-07-09 00:04:47,228,34788.9,4.0,51,465,False
c394e193cda3b4225ff2094d32184849,2018-04-19 13:54:06,2018-05-13 23:54:31,2,3134.8900000000003,5.0,107,24,True
c398bc00a606d33758afd91f4e64fd15,2018-05-30 22:12:22,2018-06-28 14:33:53,2,150.0,4.5,62,28,False
c3aad7dc65449ae90a5e9c3c6c1e78e0,2018-08-10 15:26:47,2018-08-23 00:23:11,6,510.0,4.666666666666667,6,12,False
c3acdfac4e3e97ff87529454fbc03642,2018-03-24 13:40:27,2018-08-16 18:52:14,12,16788.0,4.25,12,145,False
c3cfdc648177fdbbbb35635a37472c53,2017-01-27 17:16:40,2018-08-27 21:04:17,278,43966.58,4.449044585987261,1,577,False
c3e1abd72a42fe690fcd89cf5720fe29,2018-05-22 19:45:11,2018-08-13 13:36:58,13,1798.61,4.461538461538462,16,82,False
c3e2398fcc7e581cda2e546557bf6968,2018-06-23 20:33:24,2018-06-23 20:33:24,1,14.9,5.0,66,0,False
c3ee2331a724e6fc02c4b698b57a73f3,2017-11-22 08:33:09,2017-12-02 09:45:39,2,1347.0,3.0,270,10,True
c3f5668699a1b04c0fa61ecea1e2bff6,2018-03-26 06:56:38,2018-08-02 20:20:53,3,407.81,5.0,26,129,False
c3fe93ba3085f92855c97e57f38c8c05,2017-06-08 18:45:48,2018-07-24 23:30:08,6,219.0,5.0,35,411,False
c42fd8e4d47dfb18ce5222f2dd7752f9,2017-02-13 11:10:57,2017-05-21 15:02:45,7,466.99,4.454545454545454,464,97,True
c43d924a0f1688ee9fae0efcd6f539d4,2016-10-09 23:50:37,2016-10-09 23:50:37,1,29.9,4.0,688,0,True
c447f8dd3ed213f291d65ef074a268eb,2017-02-06 00:25:15,2017-06-19 02:03:15,7,655.0,3.875,436,133,True
c458e2045a8aa8964f8879af03fdcce6,2017-02-12 18:48:56,2017-05-05 12:35:47,4,494.91,3.111111111111111,481,81,True
c4af86330efa7a2620772227d2d670c9,2018-01-02 19:00:43,2018-06-15 20:46:53,4,5396.0,4.25,74,164,False
c4d51195486dc781531876a7d00453d8,2018-03-31 21:04:40,2018-06-05 00:43:11,17,11468.98,3.9411764705882355,85,65,False
c4f7fee5b0db50e87766f5a4d1b1b758,2018-04-15 13:07:03,2018-04-17 20:37:20,5,2762.0299999999997,4.0,133,2,True
c4fabeea6e569d42d02993bb1f4f1cbc,2018-01-12 12:45:01,2018-08-07 15:42:52,11,859.3000000000001,4.0,21,207,False
c4fb51fb1c5b7c07bc5e67be6e7e8f6e,2017-07-24 13:37:49,2018-08-12 18:23:47,15,1567.9,3.5,16,384,False
c500367424994318b9e779ff1ae9a330,2017-09-01 09:24:39,2017-12-01 16:51:00,9,4346.4,3.7777777777777777,270,91,True
c510bc1718f0f2961eaa42a23330681a,2018-04-17 12:05:48,2018-08-13 19:38:49,12,10141.0,4.25,15,118,False
c522be04e020c1e7b79f3acff36513d5,2018-04-23 01:40:58,2018-08-23 13:33:34,6,649.94,4.0,6,122,False
c52c644cc0dc85121207a27013efc6af,2018-08-10 14:19:56,2018-08-10 14:19:56,1,397.8,5.0,19,0,False
c53bcd3be457a342a97e39e5a9f0be22,2017-01-30 23:20:41,2018-07-22 20:44:34,5,509.5,3.2,37,537,False
c54679b132454625907c773d273d4126,2018-03-27 14:16:24,2018-07-28 18:11:21,7,1032.0,4.875,31,123,False
c5e60e39c0f42b8e827daa13cff74afa,2018-08-15 16:58:08,2018-08-26 11:02:58,6,134.0,4.125,3,10,False
c5ebe6598748b0aeaa61cfb820478b92,2018-07-04 22:19:41,2018-08-28 14:01:04,3,297.0,4.666666666666667,1,54,False
c5f7e746b7e6d07def6c0dae9903279b,2018-04-15 18:59:34,2018-08-22 22:36:53,10,1429.0,4.454545454545454,6,129,False
c5f7feb04a6a1fb3596322bfc3cf1917,2018-06-14 16:20:35,2018-08-17 09:07:53,11,1720.6,4.2727272727272725,12,63,False
c60b801f2d52c7f7f91de00870882a75,2018-01-27 19:13:48,2018-08-21 12:26:53,39,11296.5,3.4358974358974357,8,205,False
c611f4ce9ce875bcc063fa97fd4d7d12,2018-07-31 14:42:55,2018-07-31 14:42:55,1,319.0,4.0,29,0,False
c6218512d16fcac0af02fe92691cf274,2017-04-11 13:00:12,2017-06-02 14:34:31,8,729.0,4.111111111111111,453,52,True
c6381b1321d7d97717a5bb4ed5b77882,2018-07-09 20:42:03,2018-08-09 23:19:46,2,66.0,3.6666666666666665,19,31,False
c6381d2d013342748761e906d45aff76,2017-10-31 23:50:58,2018-07-25 01:12:50,15,2042.98,3.0,35,266,False
c64a2aec32cc408a8a4c6d7c46017f91,2017-11-24 14:41:34,2018-02-14 17:51:11,9,3221.5,3.888888888888889,195,82,True
c66dccfb3f109511246da627dd5a2498,2018-01-15 13:54:27,2018-08-24 16:32:04,44,12182.55,4.568181818181818,4,221,False
c679fb69a36e1d8349e8c50a217b4d58,2018-07-22 21:45:44,2018-08-20 15:12:17,14,1825.68,3.411764705882353,8,28,False
c68fb906c8f4b4b946d8386bfa6e5467,2017-03-18 17:09:49,2018-07-30 17:46:46,45,4541.16,4.5,29,499,False
c6a7539d424a8402232c2228d7a03c5e,2017-09-05 13:30:15,2018-05-22 22:39:03,10,607.5,2.6,98,259,True
c6bda72e4dbf5c5866b13cb1810c6d03,2017-07-12 18:18:00,2018-08-23 18:06:57,59,14169.28,4.383333333333334,5,406,False
c70a353f02429c00775a46a75fb787da,2018-07-17 18:27:15,2018-08-10 15:11:34,6,242.0,4.666666666666667,18,23,False
c70c1b0d8ca86052f45a432a38b73958,2018-04-06 17:12:41,2018-08-29 08:46:11,260,36289.15,4.285714285714286,0,144,False
c714262700f93defc16bf17a51a4cb23,2018-03-16 23:37:45,2018-05-15 00:50:44,4,421.8,3.75,106,59,True
c716e0b86ed568878475b60fbb6323ad,2018-03-26 13:11:28,2018-03-26 13:11:28,1,35.0,5.0,156,0,True
c7246702dc991a06d788120dc7544391,2018-02-19 22:45:39,2018-02-19 22:45:39,1,54.86,5.0,190,0,True
c72de06d72748d1a0dfb2125be43ba63,2018-05-10 12:09:59,2018-08-18 14:50:45,21,17522.0,4.454545454545454,11,100,False
c731d18cea9bf687ffee82a241c25b11,2017-02-23 12:20:44,2018-08-27 12:39:11,24,3662.0,3.8461538461538463,2,550,False
c747d5b92c7648417faea95d36d763e8,2017-11-24 22:46:55,2017-11-24 22:46:55,1,139.0,5.0,277,0,True
c74f14c1e26cf1bd5bd34b6a1e274426,2018-01-27 19:05:19,2018-01-27 19:05:19,1,39.0,5.0,213,0,True
c76d418370990614e89e956c7a7567d9,2017-08-11 14:51:35,2017-09-12 13:52:34,2,305.24,3.5,351,31,True
c79151301b9d90985d1fa52879213105,2017-11-18 11:32:47,2017-12-04 23:06:51,3,267.09999999999997,4.857142857142857,267,16,True
c794dab4928dd97beb41d05514441e86,2017-12-08 09:46:41,2018-06-24 03:33:48,16,1312.4,4.375,66,197,False
c7a0a13cbcf29d5ce51c8f80afdc0b89,2017-10-04 23:18:03,2018-08-08 23:12:35,8,483.08000000000004,4.222222222222222,20,307,False
c7b7db6c8f3c64a7cc1afa634db21d50,2018-03-11 10:27:45,2018-03-11 10:27:45,1,1489.0,1.0,171,0,True
c7bb64409aa480bb7d0335faaaf3d242,2018-06-23 16:04:00,2018-07-02 10:34:59,4,97.6,2.25,58,8,False
c7c7b2682c648339a0e9846bb1023a39,2017-10-12 23:15:50,2017-12-13 18:53:25,2,168.0,4.666666666666667,258,61,True
c7dcd301ecfe5ab7f778ac172cf74be7,2016-10-04 12:06:11,2016-10-04 23:26:51,3,407.79,3.0,693,0,True
c7fdb77fdbff3c41981bc52f787e959e,2018-01-10 02:05:46,2018-07-21 19:34:46,9,658.48,3.5454545454545454,38,192,False
c8025364abeecb115431bf95c11a747f,2018-05-16 19:07:31,2018-08-09 20:57:18,2,928.0,4.5,19,85,False
c8143b3069f6746a77421b5ce30a450c,2017-07-02 13:10:36,2017-07-02 13:10:36,1,142.47,5.0,423,0,True
c826c40d7b19f62a09e2d7c5e7295ee2,2017-08-27 13:02:01,2018-08-27 15:21:15,346,44653.04,4.0849315068493155,1,365,False
c840d3fdbba0790404fdae73d253b253,2017-10-21 09:09:48,2018-06-29 12:41:16,9,4522.28,3.9285714285714284,61,251,False
c8417879a15366a17c30af34c798c332,2017-02-22 10:49:34,2017-09-28 20:11:40,25,1734.7,3.942857142857143,334,218,True
c84592044b180dec206770c38603814b,2018-02-28 14:53:09,2018-05-12 11:42:27,14,491.94,4.428571428571429,109,72,True
c8467937e403e76a8ee9f0ab13f6f5ef,2017-09-21 15:17:42,2018-08-13 20:11:13,30,1853.79,3.878787878787879,15,326,False
c847e075301870dd144a116762eaff9a,2017-02-15 12:18:51,2018-01-10 11:38:12,41,15248.800000000001,4.119047619047619,231,328,True
c864036feaab8c1659f65ea4faebe1da,2017-07-19 16:15:37,2018-08-09 16:23:03,58,10454.2,4.568965517241379,19,386,False
c8660dcf9ba70575f45d80fe28c27713,2017-02-07 13:59:49,2017-03-20 20:31:35,4,335.0,4.714285714285714,526,41,True
c8665a4dd081a2c436b1cd921079d0d9,2018-06-18 12:48:25,2018-06-18 12:48:25,1,79.39,5.0,72,0,False
c8771b1a10bb99bb34d3c459c5cffb53,2017-05-30 16:14:58,2017-05-30 16:14:58,1,64.9,5.0,455,0,True
c878515173c84a492ebe50d6b493230b,2017-03-13 14:28:41,2017-11-15 20:16:54,9,1118.84,4.2,286,247,True
c87abc38c8ed3240861729e1aeadf221,2017-12-26 02:35:27,2017-12-26 02:35:27,1,133.0,1.0,246,0,True
c89cf7c468a48af70aada384e722f9e2,2017-06-07 16:38:50,2018-08-06 14:31:24,14,745.0,3.7857142857142856,23,424,False
c8b0e2b0a7095e5d8219575d5e7e1181,2017-07-12 19:56:51,2018-08-17 12:03:54,84,12170.210000000001,4.011764705882353,12,400,False
c8b3445d737de6befde0c88ede534a5e,2017-11-17 10:26:28,2018-06-27 09:21:40,30,3149.04,3.9722222222222223,63,221,False
c8c1bea22194a4eefa2dc9a9fa89f536,2018-06-04 10:34:10,2018-08-03 10:20:22,7,1266.0,5.0,26,59,False
c8cc60ffd415254af5d9b9f34f32c369,2018-06-05 19:11:38,2018-08-15 17:47:48,8,722.2,4.666666666666667,13,70,False
c8e135e7b21ecbc36c1153a29d2f5a06,2017-02-01 14:39:07,2017-05-28 21:29:35,7,1165.5,4.857142857142857,457,116,True
c963a25b8671419c6ce9eebe8fd03218,2018-05-01 01:28:38,2018-05-01 01:28:38,1,49.0,5.0,120,0,True
c97aa4ee7420f937da13b7f9e2228b99,2018-08-17 20:47:06,2018-08-17 20:47:06,1,29.9,1.0,11,0,False
c990d6cf976a5718aaedc539f383ab88,2017-10-05 15:37:40,2018-01-20 17:59:58,8,183.1,3.4444444444444446,220,107,True
c9a06ece156bb057372c68718ec8909b,2016-10-07 12:06:30,2017-01-15 17:55:56,11,3849.0,3.3636363636363638,590,100,True
c9aafcd0621b2207c10e32c649cada4d,2018-07-14 21:25:42,2018-08-10 14:09:09,40,2671.26,4.340425531914893,19,26,False
c9c7905cffc4ef9ff9f113554423e671,2017-06-02 09:41:21,2018-08-21 19:49:49,127,10712.18,4.164285714285715,7,445,False
c9d2ba8dde44a275ae06475ed1d2fafc,2017-02-06 00:33:42,2017-02-06 00:33:42,1,28.79,5.0,569,0,True
c9e5ad1f6647f5dbd1172adf6ae3cada,2017-10-23 22:10:42,2018-06-09 01:16:23,4,259.03,4.75,81,228,False
ca3bd7cd9f149df75950150d010fe4a2,2017-01-25 11:32:02,2018-08-06 17:47:40,68,9253.47,3.785185185185185,22,558,False
ca4b77513ac2040591b0d8fae6958380,2018-07-15 13:52:04,2018-08-22 10:28:17,14,1772.45,4.466666666666667,7,37,False
ca5832c6960267b71041f74bb39e8b12,2017-06-19 17:11:51,2017-06-19 17:11:51,1,79.9,1.0,435,0,True
ca77545ca4d2dfd1431bf61334e2fa3c,2018-01-02 09:37:13,2018-04-24 15:34:22,6,760.0,4.8,126,112,True
ca7c6bd577e559472af1c699de9e764e,2018-03-22 11:49:41,2018-04-04 13:47:39,6,148.0,4.0,147,13,True
caa9bc43a9fe8cf9c564ddd8a03cc4a6,2018-04-16 13:04:33,2018-08-27 18:50:06,13,803.87,4.5,1,133,False
cab85505710c7cb9b720bceb52b01cee,2016-10-08 04:01:53,2018-08-28 11:26:02,201,11239.4,4.320388349514563,1,689,False
cac4c8e7b1ca6252d8f20b2fc1a2e4af,2016-10-08 17:43:26,2018-08-16 04:29:53,74,4628.17,3.5357142857142856,13,676,False
cac4e0bc1a3269fa2b6ea5e763f6115b,2017-11-26 20:39:49,2018-03-27 05:53:39,2,57.88,5.0,155,120,True
cac63f48c38cd7d002a7e846dcd99a23,2017-11-27 22:26:08,2018-08-18 19:39:10,10,963.9000000000001,4.818181818181818,10,263,False
cac876b37d3abcd6bd76caca30277996,2018-02-13 12:38:05,2018-07-26 13:09:26,27,2229.77,4.575757575757576,34,163,False
cad10cc982ab6a391570c211b995c17c,2018-04-22 12:03:21,2018-04-22 12:03:21,1,47.4,5.0,129,0,True
cad9969167c09b48ae6f1d123f7fa68d,2018-07-24 10:56:17,2018-07-24 10:56:17,1,24.0,5.0,36,0,False
cb0b3bcf14e0a709df412a99424a59d7,2018-04-05 22:53:51,2018-04-16 17:46:55,2,460.0,4.5,134,10,True
cb162c8eef257253782d245c08d9097c,2017-11-19 20:37:11,2017-11-19 20:37:11,1,34.99,5.0,282,0,True
cb32766839f443db85c82a43c4a6c19e,2017-02-10 15:43:45,2017-02-26 16:03:49,2,234.0,3.0,548,16,True
cb3dd9ce66268c7a3ca7241ac70ab58c,2017-02-07 01:47:42,2018-04-23 21:42:34,48,2900.29,4.245283018867925,127,440,True
cb41bfbcbda0aea354a834ab222f9a59,2017-11-28 09:10:12,2018-07-06 16:21:43,11,3792.0,3.272727272727273,53,220,False
cb4a705d00e100b9732d0ca34817d441,2017-11-24 22:07:05,2017-11-24 22:07:05,1,998.0,1.0,277,0,True
cb5df0dcb9e280b1780e9d589889f2c7,2017-01-29 14:57:59,2017-06-14 17:06:33,11,1614.88,3.3333333333333335,440,136,True
cb5ff1b9715e99589f3e0c7a6afab9e3,2018-08-02 12:05:14,2018-08-21 15:22:16,4,85.0,4.0,7,19,False
cb6c9f5888a7a090c75beaf615925792,2018-04-30 06:31:44,2018-08-19 19:12:14,11,779.89,3.8181818181818183,9,111,False
cb810bd318f51b3dc3c753944d61a1fa,2018-08-16 15:02:31,2018-08-16 15:02:31,1,1750.0,4.0,12,0,False
cb8bcce248bb1fb274ba762d8b971456,2017-01-26 00:16:29,2018-08-14 17:42:27,66,9152.4,4.343283582089552,14,565,False
cb9fb4ca75d7ba8437480e8dde64fe98,2017-06-07 16:32:26,2017-10-11 09:41:39,10,532.14,4.0,322,125,True
cbbd5ae8f53de5f5097cd8217b529e24,2017-02-10 21:37:36,2017-02-10 21:37:36,1,175.9,4.0,564,0,True
cbd996ad3c1b7dc71fd0e5f5df9087e2,2017-02-19 11:03:43,2018-08-27 22:12:59,160,8217.5,4.079365079365079,1,554,False
cbf09e831b0c11f6f23ffb51004db972,2018-05-03 11:21:25,2018-08-21 17:40:41,10,1535.2,4.4,7,110,False
cc1f04647be106ba74e62b21f358af25,2018-06-22 12:48:41,2018-06-22 12:48:41,1,11.9,1.0,68,0,False
cc3d14116804f7209f3884f6367f1152,2017-05-03 21:07:12,2018-08-21 16:40:15,27,5477.8,4.666666666666667,7,474,False
cc419e0650a3c5ba77189a1882b7556a,2017-01-31 17:15:33,2018-08-27 16:12:22,1651,103152.56,4.141557703240477,1,572,False
cc5a78bbad32776dc4e3af205218368c,2018-05-08 13:49:19,2018-08-24 02:24:29,33,4269.179999999999,4.473684210526316,5,107,False
cc63f0dd2acba93ffed4fe9f8e0321fa,2018-05-10 14:37:54,2018-08-24 09:17:45,55,7096.71,4.0476190476190474,5,105,False
cc80e2f693fa6e2408f47ccf62413fc1,2017-11-27 17:51:39,2017-12-01 16:49:36,2,420.0,4.0,270,3,True
cca3071e3e9bb7d12640c9fbe2301306,2016-10-03 22:06:03,2018-08-22 22:53:19,699,64655.23,3.8373205741626792,6,688,False
ccada0ef508e698917a6eab263375905,2017-07-13 09:44:51,2017-10-05 17:01:01,3,172.8,3.6666666666666665,327,84,True
ccb83a794700270fde70898fe9ff368b,2017-02-21 21:50:47,2017-08-06 13:09:40,12,11062.0,4.333333333333333,388,165,True
ccbd753e6863fe7314dc6c0ca5a074e7,2018-08-12 20:58:54,2018-08-12 20:58:54,1,495.0,4.0,16,0,False
ccc4bbb5f32a6ab2b7066a4130f114e3,2017-01-07 13:29:22,2018-08-21 20:53:43,184,72926.72,4.322751322751323,7,591,False
cce6ab8d1682639fe45ab70234f1665f,2017-05-31 17:06:39,2017-11-28 21:32:25,61,2442.7,4.53125,273,181,True
ccf8813e5a7d6c84d865cd38bfc2b130,2017-08-30 15:25:39,2018-08-23 09:27:52,26,2635.5,4.384615384615385,6,357,False
cd06602b43d8800bd0afad514919d35c,2017-01-26 11:48:46,2018-08-04 16:19:07,43,2555.31,3.730769230769231,24,555,False
cd2169d9f31ff6fbb9ca3373b0c9e354,2018-06-15 11:46:28,2018-06-15 11:46:28,1,569.0,4.0,75,0,False
cd233f8bfa30ebfd651f47ee7d054951,2018-08-19 11:28:23,2018-08-19 11:28:23,1,79.9,5.0,10,0,False
cd3d09fbe6e3e9ff0c0ac0c300e93ae7,2018-06-27 12:13:43,2018-08-18 12:18:56,12,651.04,4.166666666666667,11,52,False
cd52a8efd71af3336b14b5039b951cc1,2017-09-11 15:20:28,2017-09-13 08:23:41,2,111.8,3.0,350,1,True
cd68562d3f44870c08922d380acae552,2017-04-16 19:48:10,2018-03-30 23:32:46,122,18119.7,3.891472868217054,151,348,True
cd6efc47efaabf134f8bdb654e10b4f1,2017-11-13 08:04:09,2018-08-15 14:18:13,31,4158.55,4.5,14,275,False
cd843d4cf8ef32827de0396605163ba3,2017-07-28 10:36:12,2018-08-13 16:25:25,5,1915.0,3.8,15,381,False
cda598c48d7c614bc1cad7d8ff6f0010,2018-03-17 21:11:23,2018-08-15 10:36:56,17,1118.6000000000001,3.9444444444444446,14,150,False
ce20a2ec1514c25e16f2b5b39bc818f0,2018-06-01 14:12:09,2018-08-13 14:18:20,4,287.0,4.857142857142857,16,73,False
ce248b21cb2adc36282ede306b7660e5,2017-07-18 15:19:37,2018-08-04 12:12:10,64,13640.09,4.257575757575758,25,381,False
ce27a3cc3c8cc1ea79d11e561e9bebb6,2016-10-04 12:53:17,2018-08-25 13:07:13,122,9465.45,3.6357615894039736,4,690,False
ce33c6211beaa8fef4cae8b52db39862,2017-02-12 15:53:19,2017-02-12 15:53:19,1,49.0,3.0,562,0,True
ce3ad9de960102d0677a81f5d0bb7b2d,2018-07-30 12:20:10,2018-07-30 12:20:10,1,158.0,5.0,30,0,False
ce4755084bc097113867e6454f8f5e52,2018-06-12 11:26:30,2018-06-12 11:26:30,1,18.9,5.0,78,0,False
ce616e1913288884e7742faac9d981db,2018-05-19 20:17:34,2018-08-21 19:13:36,14,333.3,4.636363636363637,7,93,False
ce69a8021d18961dd2a40269b7c2c293,2018-03-27 20:39:09,2018-08-20 19:34:29,19,4818.0,4.473684210526316,8,145,False
ce7d1888639e6fb06b2749cbfdac1ff7,2017-08-12 20:33:46,2018-08-18 13:33:20,78,11793.89,4.107142857142857,11,370,False
cea729054f157f5870bdd321a958d994,2018-03-27 00:17:22,2018-08-13 13:59:20,24,2482.1,4.1923076923076925,16,139,False
ceaec5548eefc6e23e6607c5435102e7,2018-01-18 21:47:52,2018-08-15 20:48:09,198,51478.18,4.194174757281553,13,208,False
cecd97bc34ed8330bd4cd15713eda670,2018-08-13 17:09:30,2018-08-13 17:09:30,1,57.99,1.0,15,0,False
cee48807215b30a12ca2ca10ffb5f250,2017-08-04 15:34:27,2018-08-21 12:20:32,39,7212.2300000000005,3.7,8,381,False
cf1313c6e2c01c2f4b014f97db4bcd2b,2018-06-15 15:55:16,2018-08-06 20:55:21,5,315.70000000000005,5.0,22,52,False
cf2384dd2f1dddea3f838efed0945e65,2017-03-09 20:28:23,2018-08-02 12:14:15,16,2101.5,3.9375,27,510,False
cf654707ed6a99f112c7ec3d6f314b8b,2018-05-14 08:59:51,2018-08-14 21:18:48,3,756.0,4.75,14,92,False
cf8ab1616079e2793aa29d524df01bb1,2017-12-01 14:09:20,2018-03-09 00:37:23,6,9594.0,2.5,173,97,True
cfa5ab0e4d3fc212fd0b3410e7081c62,2017-10-15 16:50:20,2018-08-20 21:59:32,15,4780.81,3.65,8,309,False
cfb1a033743668a192316f3c6d1d2671,2017-02-01 09:12:31,2018-08-10 23:06:33,143,13062.04,3.983695652173913,18,555,False
cfd7ddab722b902f7ac5b5f3ba6d723d,2018-06-07 18:54:10,2018-08-02 20:52:16,12,3385.0299999999997,4.538461538461538,26,56,False
cfe94489ddd337d1e29e12f2a7205d10,2018-02-26 18:44:28,2018-08-22 18:20:04,20,2376.0,4.125,6,176,False
d03698c2efd04a549382afa6623e27fb,2016-10-07 22:46:51,2018-07-31 20:19:04,18,8865.47,4.523809523809524,28,661,False
d05ae8f7a5bd1d2a690a44cd079e4e27,2017-04-22 16:02:43,2018-08-18 12:25:09,77,13244.0,3.7875,11,482,False
d06d019f72a04e5497a0b64190af170c,2018-03-28 11:15:26,2018-08-21 17:00:16,17,2415.93,4.529411764705882,7,146,False
d0d70d21e2234dd7cd3cf63fe414148a,2018-06-28 00:41:07,2018-08-15 20:43:17,8,598.4,4.222222222222222,13,48,False
d101c6da914ae3d53f7bee42283f2fe2,2016-10-05 08:46:55,2017-05-30 09:27:49,13,1384.1000000000001,4.0,456,237,True
d12c926d74ceff0a90a21184466ce161,2016-10-06 23:21:10,2018-05-13 22:20:16,76,3923.76,4.111111111111111,107,583,True
d13e50eaa47b4cbe9eb81465865d8cfc,2018-08-04 09:09:37,2018-08-28 10:00:01,66,7073.05,4.8088235294117645,1,24,False
d149de2f383552baea37a7198c2296ce,2018-08-20 21:01:51,2018-08-27 17:18:42,3,320.70000000000005,5.0,1,6,False
d1582f4043306e6b91afa6a8a884f898,2017-11-20 11:47:02,2018-02-12 20:28:01,9,990.0,4.111111111111111,197,84,True
d17f467e4bf608a510c20d82f4ba3b6b,2018-07-18 10:52:14,2018-07-31 20:20:14,11,2963.78,4.2727272727272725,28,13,False
d180e07dc1e58c31c3f0cd599dc4d945,2018-01-26 14:08:25,2018-01-26 14:08:25,1,58.8,3.0,215,0,True
d197aa8fbc64087f61984deef05f6227,2018-05-16 21:36:57,2018-08-21 13:46:22,6,519.09,4.714285714285714,8,96,False
d1a5cc844736958c11b8efab9a2b4c87,2017-10-23 13:04:06,2017-10-23 13:04:06,1,237.6,1.0,310,0,True
d1aa1ec0839dcab73a6161130eb1f94a,2017-04-19 10:20:51,2017-04-19 10:20:51,1,119.9,4.0,497,0,True
d1b65fc7debc3361ea86b5f14c68d2e2,2017-03-28 09:00:00,2018-06-06 20:01:45,39,11413.17,4.65,83,435,False
d1b9d4be4b6f9ebd85f8acd6745ba612,2017-10-11 14:49:49,2018-08-21 17:03:40,11,1154.35,4.181818181818182,7,314,False
d1c281d3ae149232351cd8c8cc885f0d,2017-02-14 23:12:30,2018-08-16 18:04:47,214,27444.52,3.8024193548387095,12,547,False
d1c7fa84e48cfa21a0e595167c1c500e,2018-03-24 18:25:24,2018-07-23 15:59:52,12,1156.03,4.333333333333333,36,120,False
d1ef48b38baca7e831711c4a0aeb398f,2018-02-23 12:26:34,2018-07-25 21:14:25,28,1439.1299999999999,4.529411764705882,34,152,False
d20b021d3efdf267a402c402a48ea64b,2017-02-26 15:43:16,2018-07-30 00:59:02,86,4002.29,3.70873786407767,30,518,False
d23019c84ffae2d5ef2270367b8605fc,2017-10-10 10:47:08,2018-08-22 19:54:03,39,29205.1,4.410256410256411,6,316,False
d2374cbcbb3ca4ab1086534108cc3ab7,2017-02-10 15:36:37,2018-08-21 11:28:41,514,22092.59,3.616692426584235,8,556,False
d2572f31e9023e9850ef986a636ff9bf,2017-03-25 12:28:48,2017-03-25 12:28:48,1,279.0,5.0,522,0,True
d25aa0aaacb370e912f8cf6efeba38b3,2018-03-11 12:49:14,2018-08-14 19:44:00,17,2658.45,4.523809523809524,14,156,False
d263fa444c1504a75cbca5cc465f592a,2018-07-24 09:46:27,2018-07-24 09:46:27,1,399.0,5.0,36,0,False
d26aa40b90272d4843d63be7c1462c8d,2018-07-11 20:15:42,2018-08-01 12:43:05,2,152.9,4.5,28,20,False
d297f1055de2956aedfd3b04113dce3e,2018-08-20 22:00:09,2018-08-20 22:00:09,1,54.3,4.0,8,0,False
d29ba1220fb8634fa3a107e54497b8a4,2018-04-15 17:04:07,2018-08-15 21:17:21,9,724.94,3.2222222222222223,13,122,False
d2df77822373f19934e87694d8640767,2018-04-18 19:29:53,2018-04-26 10:46:49,2,155.9,3.0,125,7,True
d2e753bb80b7d4faa77483ed00edc8ca,2017-10-06 16:05:51,2018-05-18 00:35:08,14,1389.7,3.625,103,223,True
d2f3e277560ed4c6361284429b00f037,2017-07-08 11:34:46,2017-10-08 13:26:33,7,320.55,4.714285714285714,325,92,True
d32e3909cfb714fb2a6cb092c85b9c5f,2017-08-10 17:08:10,2018-04-25 10:36:34,10,2827.9,3.6363636363636362,126,257,True
d354c38a7182125a748cb10474fe963b,2017-05-02 17:07:34,2018-03-08 19:03:20,17,1500.34,4.2105263157894735,173,310,True
d3674f271c91f824f82d24d92011f669,2017-07-07 13:26:33,2018-08-12 20:53:01,20,1718.3,4.1,16,401,False
d36b07fd3c5088e477a72d1fccfe29d4,2017-05-06 11:20:18,2017-05-06 11:20:18,1,328.9,5.0,480,0,True
d379f449f2a3b271bc01c0782020f705,2017-01-28 13:23:50,2018-08-22 10:48:54,28,4423.06,3.9310344827586206,7,570,False
d3891911c2feae53c52fea2bd14054e5,2018-06-04 19:02:10,2018-06-19 14:14:49,2,141.0,5.0,71,14,False
d3dcf0604eabf0224fbd5948b5e02f69,2018-02-15 08:09:22,2018-07-27 15:54:52,9,2902.3,3.888888888888889,32,162,False
d3e7d37c0df9aef383f3f2a15b0dddfb,2018-07-22 11:50:22,2018-07-22 11:50:22,1,161.0,5.0,38,0,False
d3f39f05462b79a4562d35893a28f159,2017-08-23 13:10:47,2018-06-17 02:25:02,33,2363.4,3.324324324324324,73,297,False
d4828feed4cda2cd9d6b37899a95a71e,2018-08-07 00:33:24,2018-08-07 00:33:24,1,39.9,2.0,22,0,False
d4910f1cdcfdabd48d6b316e395d4a23,2018-07-30 13:01:12,2018-08-17 17:13:02,11,1146.88,4.916666666666667,11,18,False
d4a5e99e0dd915df64ba55a7fbd583fd,2017-10-26 11:22:23,2017-10-26 22:55:40,2,65.15,1.6666666666666667,306,0,True
d4d99b60c4c94cd35acd502cec65dc8d,2016-10-09 12:13:58,2016-10-09 12:13:58,1,72.9,3.0,689,0,True
d4e12e7884759a14fa0f5f896c791cae,2017-09-07 15:21:22,2018-07-23 08:06:43,29,1400.0,4.625,37,318,False
d4e4b5192cba4e0e66eb12a9d347239d,2017-03-14 00:25:55,2017-10-23 12:48:12,11,431.9,4.454545454545454,310,223,True
d4f117125b59ce73c3302f88ee40c458,2017-12-05 19:02:08,2018-08-12 15:55:36,17,783.29,4.823529411764706,16,249,False
d4f91e8be86b38da2ee35bc489645a9d,2016-10-08 09:50:08,2016-10-08 09:50:08,1,49.99,5.0,690,0,True
d4ffeb15b67e81ff9af2b4252d99fb7e,2018-04-26 13:43:04,2018-07-27 19:57:12,11,1400.4,3.75,32,92,False
d50d79cb34e38265a8649c383dcffd48,2016-10-08 15:02:10,2018-08-10 10:56:10,70,13012.42,4.214285714285714,19,670,False
d51e0a403fe2e689ece6c73359d96e12,2017-08-21 15:49:41,2018-07-25 11:49:46,18,7380.0,4.32,35,337,False
d52cbce9845184537284a23c3bc3da0e,2018-02-02 00:54:15,2018-03-02 10:30:09,2,75.0,5.0,180,28,True
d558ebe531605a1285ab2b1bc3256dfb,2018-03-16 18:48:02,2018-06-09 18:56:00,3,709.0,4.666666666666667,80,85,False
d566c37fa119d5e66c4e9052e83ee4ea,2018-03-16 14:11:50,2018-08-26 19:39:08,65,5145.7,4.616438356164384,2,163,False
d57e18d5f73c7ccb7f7339b61166898d,2017-09-10 12:54:36,2018-08-21 13:41:26,61,3187.7,4.444444444444445,8,345,False
d58d521f3789def2e7a22715e0badd93,2017-11-10 10:25:55,2018-03-20 12:08:39,2,65.98,3.5,162,130,True
d594982fd877af63ace38ea1fca27c76,2018-06-29 18:11:23,2018-08-21 11:11:03,7,217.04,4.428571428571429,8,52,False
d598f929fc44e1e38678e7f47250ec04,2018-06-22 10:43:09,2018-06-22 10:43:09,1,69.9,5.0,68,0,False
d5b9a084373da994a6e37f732169a853,2018-01-20 21:21:28,2018-05-07 22:23:50,7,1769.0,3.5714285714285716,113,107,True
d5ba419e26d246a0719437cf37d9b46d,2017-05-05 18:30:01,2018-08-22 10:44:46,33,3911.5,3.911764705882353,7,473,False
d5c530f4884a75ae0dba9c148718d278,2017-09-15 13:52:28,2017-11-28 14:56:51,5,252.93,2.875,274,74,True
d624126b9206f595fb3fbb6ba03b28a8,2017-05-14 21:45:11,2018-08-16 19:27:59,23,7198.8,4.321428571428571,12,458,False
d63c73efd41eb002280e7ec831424edb,2017-11-20 11:46:07,2018-05-29 14:21:11,2,5598.0,4.0,92,190,True
d63f306de130e0391d38a792541723b8,2018-08-20 10:09:33,2018-08-20 10:09:33,1,49.0,5.0,9,0,False
d650b663c3b5f6fb392b6326366efa9a,2017-12-03 19:47:05,2018-08-13 22:51:49,57,18335.9,4.368421052631579,15,253,False
d66c11a9572221d92fbb8c4897db5f9b,2018-06-23 22:12:28,2018-08-22 18:36:40,16,776.56,4.5625,6,59,False
d66c305afaec317ebee552073a674429,2017-01-11 00:13:51,2017-05-19 18:41:40,38,4156.49,4.533333333333333,466,128,True
d673a59aac7a70d8b01e6902bf090a11,2017-10-31 18:03:11,2018-08-23 00:20:45,79,3936.84,3.976470588235294,6,295,False
d6ab728cf30867cf3f1a2e216ae2f9b7,2018-03-12 09:49:18,2018-08-21 15:43:35,12,2002.0,4.428571428571429,7,162,False
d6b1ce66b035a475f00c017792ff9769,2018-03-17 14:39:25,2018-08-26 22:50:16,92,12277.4,4.046296296296297,2,162,False
d6b664fa0667064c6d76394e7848d790,2017-05-04 01:04:02,2018-05-16 12:19:35,6,6080.0,4.833333333333333,105,377,True
d6cd01c59123df02fc226eadbadb5f89,2018-01-11 23:07:22,2018-01-11 23:07:22,1,69.9,5.0,229,0,True
d71d863e5ef30d94e440c11be17dcd8f,2017-10-15 20:06:58,2018-05-02 18:57:37,23,9246.9,3.4,118,198,True
d73cbd89533ce8b041a9190241453ac8,2017-03-23 12:31:36,2017-07-12 08:58:21,3,268.70000000000005,4.333333333333333,413,110,True
d7485b33791774c36108f8c69602d48d,2018-04-06 12:25:07,2018-07-24 22:56:00,10,399.82,3.7,35,109,False
d7827b2af99326a03b0ed9c7a24db0d3,2018-04-12 19:18:18,2018-04-12 19:18:18,1,1455.0,5.0,138,0,True
d79e8478eed9999493990b44955fb22e,2018-06-28 09:14:43,2018-08-19 12:33:05,5,721.89,4.2,10,52,False
d7ab82074b5f1dfba46db123df101bff,2018-01-03 23:46:30,2018-01-04 12:52:13,2,38.67,4.333333333333333,237,0,True
d7b2377bae6ace1b11fc69a11900ac36,2017-08-31 18:00:12,2017-11-29 21:46:31,3,239.70000000000002,3.6666666666666665,272,90,True
d7d517afce974cd491b8d52bb5b5b1fc,2018-08-16 02:24:08,2018-08-16 02:24:08,1,89.99,4.0,13,0,False
d7f1cfc638473be93baedbfd02208016,2018-07-19 01:00:07,2018-07-19 01:00:07,1,30.0,5.0,41,0,False
d85efbc8eff2b7adf524e2820569adc8,2018-05-12 22:49:25,2018-05-12 22:49:25,1,55.0,5.0,108,0,True
d8b8f2cf9ff6ba0389072541cb42498c,2018-05-23 10:49:50,2018-05-23 10:49:50,1,149.0,5.0,98,0,True
d8bf0fc082fd4a77fc2e5679b6c00133,2018-07-20 14:50:31,2018-07-20 14:50:31,1,139.9,5.0,40,0,False
d8c7ba53e7e38711eaef8c2849d6d2e1,2018-05-08 23:46:50,2018-08-21 06:58:44,22,1190.87,4.5,8,104,False
d8cf3b6a2151949f930d0252b180ec42,2018-04-13 10:09:10,2018-06-21 11:12:14,6,623.7,3.0,69,69,False
d8d9567d0bfb0bc7eb845a205ba42657,2018-03-28 22:20:31,2018-08-22 08:25:48,4,74.6,3.5,7,146,False
d8dd176509baa37f359644d082bf7f7b,2017-11-16 13:02:20,2017-11-25 11:34:38,2,198.0,1.5,277,8,True
d90fe2229fee1a5da999ccd0c06c1667,2018-07-22 13:03:37,2018-08-08 19:23:00,3,450.0,4.666666666666667,20,17,False
d91fb3b7d041e83b64a00a3edfb37e4f,2017-02-07 23:53:13,2018-08-24 17:59:20,524,41272.38,4.120938628158845,4,562,False
d921b68bf747894be13a97ae52b0f386,2018-04-17 08:33:54,2018-08-22 10:59:51,77,15645.8,4.558441558441558,7,127,False
d93844a9c55ba7ce353388bcf849ea56,2017-03-15 08:19:58,2018-04-29 09:43:34,12,2708.5,4.214285714285714,122,410,True
d93919c944be9cff128f6c9cb899eacb,2017-11-29 14:47:08,2018-07-24 14:38:19,33,2666.7000000000003,4.0,36,236,False
d93b8458c6fe139d85cfa5eadbf55bd2,2017-11-19 19:35:01,2017-11-19 19:35:01,1,19.9,5.0,282,0,True
d9442042130b7fe579d1295f9f4a248f,2017-04-23 00:17:47,2017-09-11 20:01:57,19,772.16,4.2272727272727275,351,141,True
d94a40fd42351c259927028d163af842,2017-07-22 07:12:13,2018-08-08 13:18:36,100,13674.8,4.10091743119266,21,382,False
d94ba08b99bedd6a5f6c875ecc4a6fac,2017-04-12 11:02:29,2017-07-27 10:15:39,8,539.1,4.777777777777778,398,105,True
d97df38225e5abadaff1e72cb72b823c,2017-11-03 16:38:02,2018-08-08 17:25:12,28,1776.0,3.9642857142857144,20,278,False
d98eec89afa3380e14463da2aabaea72,2017-01-18 08:01:37,2018-08-27 10:46:53,168,7008.52,4.271739130434782,2,586,False
d9a84e1403de8da0c3aa531d6d108ba6,2018-02-22 15:13:31,2018-08-28 09:18:17,53,1385.3,4.620689655172414,1,186,False
d9b00a97818674c7f8d8b1ef0e689679,2018-08-14 15:26:06,2018-08-14 15:26:06,1,69.9,3.0,14,0,False
d9bd94811c3338dceb4181f3dbc0c73e,2018-05-01 12:25:50,2018-08-21 15:39:07,54,6911.02,4.819672131147541,7,112,False
d9c349beabc06aa6ff1c6d68b5e9e22e,2018-04-30 16:52:39,2018-04-30 16:52:39,1,168.1,5.0,120,0,True
d9cb0052a666de5308b32f32ad5f1b1c,2018-01-19 00:21:43,2018-05-15 22:07:28,3,231.89999999999998,3.6666666666666665,105,116,True
d9cd369bffa979d1634f8e1318bf2f1b,2018-05-13 22:12:59,2018-08-10 11:02:08,3,678.0,5.0,19,88,False
d9d43faf741ceaa8da52fdbb81d9e0e3,2018-04-05 11:22:54,2018-08-07 09:46:50,4,161.0,3.6666666666666665,22,123,False
d9e7e7778b32987280a6f2cb9a39c57d,2018-01-10 14:42:48,2018-06-08 16:40:18,11,722.5,3.1538461538461537,81,149,False
d9e8c084b68fe958861d8f2c21202e6b,2017-10-05 11:57:47,2018-07-20 16:14:47,9,3050.0,4.166666666666667,39,288,False
da03c298e3999e9d828591fc2179d109,2017-12-04 21:12:17,2018-02-28 16:31:10,4,787.7,4.8,181,85,True
da20530872245d6cd9d2f5725613c430,2017-10-18 23:22:09,2017-10-26 23:51:35,2,314.96000000000004,4.666666666666667,306,8,True
da2782c804606d2a5d8e1760dbb3e7ec,2017-11-26 00:47:01,2017-11-26 00:47:01,1,89.0,1.0,276,0,True
da3fede3469bf49b7293ce3fc45b294d,2018-03-17 18:07:02,2018-03-17 18:07:02,1,44.9,5.0,164,0,True
da6a60cc8cc724fe51be021ff8be779c,2018-05-21 21:49:53,2018-08-17 00:51:18,12,728.79,4.769230769230769,12,87,False
da7039f29f90ce5b4846ffc0fcc93beb,2018-04-20 08:04:26,2018-08-18 09:47:18,17,1259.1,4.555555555555555,11,120,False
da8622b14eb17ae2831f4ac5b9dab84a,2017-02-05 21:46:05,2018-08-28 21:56:30,1311,162303.67,4.070655633354551,0,569,False
dace965ca58120f92f8d742a9fa1864b,2018-03-25 18:37:26,2018-05-19 16:18:30,8,1442.0,4.625,101,54,True
daeb5653dd96c1b11860f72209795012,2017-09-07 16:56:45,2018-08-10 15:03:50,38,1908.8999999999999,4.219512195121951,18,336,False
daf565f087a52def0fd5c5825b3661bc,2018-06-16 21:14:44,2018-08-22 12:44:03,9,813.9,3.3333333333333335,7,66,False
db1f0f7c7e5e87f40b62226f020bb297,2017-04-03 18:04:29,2017-05-09 10:19:17,3,59.01,4.666666666666667,477,35,True
db2956745b3a8e9f3785c99f34b5d25e,2018-04-14 15:12:34,2018-08-10 23:54:45,45,8261.0,3.8043478260869565,18,118,False
db4350fd57ae30082dec7acbaacc17f9,2017-03-06 19:45:34,2018-08-21 16:53:34,136,3304.3199999999997,4.151724137931034,7,532,False
db46ca7bce82b11f7e247539271fc390,2017-03-21 10:42:25,2017-07-05 09:08:28,16,933.97,4.5625,420,105,True
db6a4d4b5f1f5f98820ce6ce2619e2de,2018-01-08 16:50:16,2018-01-08 16:50:16,1,135.99,5.0,232,0,True
db7ed69a53aa9fb1c01930ba54a88bbe,2018-06-22 18:52:53,2018-06-22 18:52:53,1,109.0,5.0,67,0,False
dbb9b48c841a0e39e21f98e1a6b2ec3e,2017-01-11 10:24:36,2018-06-26 18:51:12,108,7186.85,4.203389830508475,63,531,False
dbbcfe2c8d026742134ac3e28ccde274,2017-07-25 09:07:16,2018-06-06 10:11:30,4,478.49,4.2,84,316,False
dbc22125167c298ef99da25668e1011f,2017-04-09 13:43:53,2018-08-23 19:09:34,394,32938.020000000004,4.267942583732057,5,501,False
dbc51f5e45d654ecc16cb68e6817ecea,2017-02-24 22:28:55,2017-02-24 22:28:55,1,199.99,4.0,550,0,True
dbd66278cbfe1aa1000f90a217ca4695,2017-11-25 20:26:00,2018-08-23 00:09:30,85,4928.9,4.454545454545454,6,270,False
dbdd0ec73a4817971d962698f2fea022,2018-04-30 11:04:32,2018-08-19 21:21:03,16,6384.0,4.375,9,111,False
dbec9a0a7efeff029d4d9dce7dc4cc95,2018-06-15 21:45:12,2018-08-14 18:15:54,3,1170.0,4.0,14,59,False
dc120d932ddf9d4dfb6fd68beefda622,2018-04-25 09:00:27,2018-04-25 09:00:27,1,130.0,1.0,126,0,True
dc317f341ab0e22f39acbd9dbf9b4a1f,2017-01-16 14:04:11,2018-07-01 17:40:56,55,18988.4,4.120689655172414,58,531,False
dc4a0fc896dc34b0d5bfec8438291c80,2017-02-04 21:27:04,2018-08-20 12:55:19,225,24455.58,3.792,9,561,False
dc50afafdfa325eadc890c7fa42a8f4e,2018-06-25 16:10:17,2018-08-11 10:25:29,4,424.20000000000005,4.75,18,46,False
dc64d75cc406bb0697be983831430e60,2018-05-22 15:15:50,2018-08-16 09:41:52,4,813.0,4.75,13,85,False
dc7192adf8ba09569261f4a8d576afe0,2018-07-22 19:49:25,2018-08-22 18:50:34,7,917.0,3.625,6,30,False
dc8798cbf453b7e0f98745e396cc5616,2016-10-05 00:32:31,2017-11-06 21:04:43,35,1733.0,3.488372093023256,295,397,True
dcb7367a92f5ffb89f1e2152ed260285,2018-03-18 16:47:16,2018-03-18 16:47:16,1,79.9,5.0,163,0,True
dcf3755cefcdc158ad0b7bdde51e871b,2018-03-18 14:44:29,2018-08-11 10:48:51,3,269.70000000000005,4.333333333333333,18,145,False
dd264199fc8b687ad029de7de6d760e6,2017-01-19 11:47:55,2017-01-19 11:47:55,1,87.9,5.0,587,0,True
dd2bdf855a9172734fbc3744021ae9b9,2016-10-05 12:44:09,2018-01-03 10:05:57,105,10866.9,3.7567567567567566,238,454,True
dd39ad39b5d3df33037e141c72497ba6,2017-05-03 10:35:16,2017-06-10 22:07:50,2,135.8,5.0,444,38,True
dd4d95ba2d15c071e6c695e2ef6ce169,2018-07-08 17:12:30,2018-08-12 13:03:21,4,1748.0,4.25,17,34,False
dd533b429f380718b70ad9922c294bae,2017-03-31 13:22:29,2017-12-29 11:40:59,39,2244.88,3.86046511627907,243,272,True
dd5450b022b2d00a2145a66331e1aef6,2018-06-29 12:16:28,2018-06-29 12:16:28,1,59.0,5.0,61,0,False
dd55f1bb788714a40e7954c3be6df745,2017-11-10 09:22:13,2018-07-16 19:20:36,35,7041.759999999999,3.810810810810811,43,248,False
dd58ee93286b0821565574c570e9e1dc,2017-01-30 17:05:18,2017-05-06 15:22:18,2,2948.0,5.0,479,95,True
dd7ddc04e1b6c2c614352b383efe2d36,2017-04-26 10:53:06,2018-07-25 15:40:35,121,9148.61,3.76056338028169,34,455,False
dd88d13bea9e4c2bf47daf224f8141e5,2018-04-10 23:09:48,2018-04-10 23:09:48,1,458.0,5.0,140,0,True
dd8a29ce82d5c705ba932d81494600a5,2017-05-25 21:25:09,2017-09-01 16:13:42,2,205.75,3.5,361,98,True
dd9661d3cda1e6feb237f0c4d8b26f2e,2017-10-12 09:19:59,2017-10-12 09:19:59,1,174.0,5.0,321,0,True
dda37071807e404c5bb2a1590c66326f,2018-04-24 08:37:20,2018-04-24 08:37:20,1,199.99,5.0,127,0,True
ddd51ae8cda92f3995a51fc0f0f3eec7,2017-01-28 18:30:17,2018-01-16 20:24:56,8,842.6999999999999,4.6,224,353,True
dde698c6d0bd24834c586e5111c2bba7,2018-07-30 02:16:14,2018-07-30 02:16:14,1,155.9,5.0,30,0,False
de09d00cfc265b8804c7df34075a68fa,2017-10-15 10:29:07,2018-05-07 15:48:42,3,784.0,3.3333333333333335,113,204,True
de0c78824586e9a5f5f04fd84e25df39,2018-04-08 10:59:17,2018-08-03 14:39:54,14,2489.3,4.4375,26,117,False
de23c3b98a88888289c6f5cc1209054a,2017-05-05 14:21:17,2018-08-09 09:45:06,161,25933.670000000002,4.314606741573034,20,460,False
de66a66f2dd06bb9ec37aa96987466a3,2016-10-10 11:08:53,2017-02-04 21:38:34,7,353.32,4.25,570,117,True
de722cd6dad950a92b7d4f82673f8833,2018-01-09 15:59:12,2018-08-23 13:48:07,337,55126.3,4.159151193633952,6,225,False
de9727ca376d1be6ec121b110aa7954c,2018-05-15 14:07:20,2018-08-15 08:52:48,9,997.8000000000001,3.6363636363636362,14,91,False
debe6615cd90cc0c2eac2b8988e1f628,2017-01-28 23:09:31,2017-03-20 19:58:27,5,278.5,4.6,526,50,True
dedcab67899479e4ea5dcc4eba47f587,2018-06-10 22:28:53,2018-08-17 17:59:38,2,84.0,4.5,11,67,False
dee656f0f566ed1aa85bd137c943f08f,2017-10-10 19:29:16,2018-08-22 10:16:30,92,6212.08,4.382978723404255,7,315,False
df0f42bc4c2142eacf0eaf2cffd0cfbb,2017-11-19 21:30:09,2018-07-15 01:16:15,14,1654.0,4.0625,45,237,False
df47da4ae86fa4db890d05aaf24e21d8,2018-07-23 17:57:33,2018-08-23 10:47:14,5,310.5,4.2,6,30,False
df560393f3a51e74553ab94004ba5c87,2016-10-04 14:13:22,2018-03-10 21:24:16,26,3429.78,3.925925925925926,171,522,True
df56d7b40d437f88407c5f78b63bc328,2017-10-19 10:05:02,2018-03-28 11:26:34,22,2791.28,3.88,154,160,True
df683dfda87bf71ac3fc63063fba369d,2017-03-13 20:17:10,2017-03-13 20:17:10,1,39.9,1.0,533,0,True
df91910b6a03bb2e3358fa6a35e32f6f,2018-06-24 09:54:00,2018-08-14 21:21:39,13,2093.2,4.615384615384615,14,51,False
dfa0c4c6229ab200a4a1336b4d7128ff,2018-05-02 10:23:08,2018-08-23 07:36:13,77,4777.1,4.011627906976744,6,112,False
dfc475d54e1b6dbeeb7d7d9bdaa63827,2018-02-21 14:30:22,2018-08-24 13:04:05,18,1708.37,4.55,5,183,False
dfc5fb7259bb2b599ca565e6e9448f0f,2017-07-27 19:34:53,2018-08-06 22:05:30,33,6124.63,4.117647058823529,22,375,False
e00d85ce20ea50c1224c66ca5050527d,2017-07-13 11:24:43,2017-07-13 11:24:43,1,149.0,4.0,412,0,True
e0482f2c769468c3bbcd8a01e09d98c5,2018-08-10 20:43:30,2018-08-10 20:43:30,1,189.0,4.0,18,0,False
e0487761face83d64fcada2408959a36,2018-08-24 15:05:27,2018-08-27 18:58:15,2,49.25,4.5,1,3,False
e067ad2c1c0b48758eb1b5228bcf7a68,2017-02-01 12:44:51,2018-08-13 20:25:15,54,5042.55,4.131147540983607,15,558,False
e06f09ec0a4aca210779cf1cfc63cf19,2017-06-27 23:17:52,2017-12-19 23:35:40,29,5833.39,4.03030303030303,252,175,True
e0878efa0e0b7e5313ac0b43bc04c081,2017-11-04 19:22:13,2018-03-05 08:58:05,26,5285.299999999999,3.5517241379310347,177,120,True
e09887ca8c7bf8a4621ce481820414ef,2017-09-09 08:33:15,2017-11-14 10:04:27,2,79.97,3.6666666666666665,288,66,True
e0a366315b1b726b6c7832d664c0f530,2017-06-10 15:22:55,2018-08-16 22:08:23,43,7400.09,4.333333333333333,12,432,False
e0a3c37054ade6478d923a6efc10f308,2018-07-03 20:23:05,2018-07-17 21:05:10,2,219.8,5.0,42,14,False
e0b162a693bc7f9eab00f783a31d60ea,2018-05-04 13:13:49,2018-05-04 13:13:49,1,20.0,5.0,117,0,True
e0eabded302882513ced4ea3eb0c7059,2018-04-02 03:54:22,2018-06-03 20:14:44,8,978.4000000000001,4.625,86,62,False
e1643dff33666ca629e3644c02738179,2018-05-11 00:09:19,2018-05-28 21:16:13,3,170.0,4.333333333333333,92,17,True
e1b12447a7563944843191754aeb5562,2017-09-12 13:52:02,2018-01-05 00:47:54,9,472.46000000000004,4.5,236,114,True
e1bed63d68ac36fe1f3061befe196af5,2017-01-30 18:30:53,2017-01-30 18:30:53,1,199.0,5.0,575,0,True
e1c76f339ebd5460999f25a2aa8c92c5,2018-05-12 17:51:47,2018-05-12 17:51:47,1,899.9,5.0,108,0,True
e1dc0754bada9ee4cfe9713f22f61292,2018-06-13 18:23:39,2018-08-20 14:38:06,12,885.0,3.8333333333333335,9,67,False
e21a1e8be4715b0fcfd5385643bc49c4,2017-05-09 13:20:39,2018-02-22 20:29:58,20,673.6999999999999,3.6956521739130435,187,289,True
e24d3429d294b2eb200b064ebb035879,2018-06-25 09:22:58,2018-08-26 04:53:46,19,1878.58,4.136363636363637,3,61,False
e24fc9fcd865784fb25705606fe3dfe7,2016-10-08 10:07:25,2018-03-26 23:31:51,51,12768.0,4.181818181818182,155,534,True
e250d617a0ad591ba9bd663e584a895d,2018-02-26 19:29:46,2018-08-21 10:47:37,8,904.12,2.8,8,175,False
e256a62e0ac58c0edfba09966142d561,2018-04-15 18:43:59,2018-07-30 09:37:39,12,1474.1100000000001,4.5,30,105,False
e26901d5ab434ce92fd9b5c256820a4e,2017-01-30 15:32:24,2017-09-12 22:47:46,197,11601.5,4.144186046511628,350,225,True
e2a1ac9bf33e5549a2a4f834e70df2f8,2017-03-08 18:51:06,2017-07-06 14:51:37,5,14999.449999999999,4.8,419,119,True
e2aee0892199b1d92530e371abd825bf,2017-01-12 00:06:12,2018-07-31 20:54:24,36,5392.77,3.8974358974358974,28,565,False
e2c92f9c1c7746d899d18f2e158bbff7,2018-04-23 09:49:26,2018-08-07 16:05:28,12,1641.9,4.583333333333333,21,106,False
e333046ce6517bd8bb510291d44f0130,2017-07-13 09:00:21,2018-08-24 16:27:11,68,7268.0,4.391891891891892,4,407,False
e38db885400cd35c71dfd162f2c1dbcf,2017-08-20 19:32:32,2018-08-15 14:11:19,30,2066.8,4.5,14,359,False
e3a386fc36e22064434e1fa256f6a9fa,2018-01-23 17:08:56,2018-08-16 06:29:04,16,793.9,4.235294117647059,13,204,False
e3b4998c7a498169dc7bce44e6bb6277,2017-02-12 20:37:36,2017-02-12 20:37:36,1,6735.0,5.0,562,0,True
e3d3b3efac954a60d61be70b7e05b49b,2018-06-06 12:18:34,2018-06-25 01:28:11,3,1282.05,4.333333333333333,65,18,False
e3dd723429d1b23614b7fa85e2c7a853,2018-03-25 14:10:37,2018-06-08 17:19:34,7,471.04999999999995,3.375,81,75,False
e3e290b38963293022cdcd6db8328103,2017-11-25 01:04:21,2017-12-03 20:13:13,3,135.7,3.3333333333333335,268,8,True
e433f5fd4050e3352b5d83522b7fe24b,2018-08-23 11:45:59,2018-08-23 11:45:59,1,548.06,4.0,6,0,False
e439f7176d763f92de325271111b2fd5,2018-05-01 16:18:19,2018-08-01 11:11:04,6,1320.9,5.0,28,91,False
e45edf75f568ed2f93f78d060e246e25,2018-06-06 11:26:30,2018-07-24 20:48:52,6,164.29999999999998,4.142857142857143,35,48,False
e48b04bf1aa1ef711caebeb7aede6180,2017-01-26 18:33:10,2018-07-31 16:16:19,25,3187.1000000000004,4.48,28,550,False
e48cc16ab70bfa09e1401740dce0b3d7,2017-05-27 10:15:14,2018-06-14 10:51:59,14,1084.83,3.235294117647059,76,383,False
e49c26c3edfa46d227d5121a6b6e4d37,2017-02-04 18:51:41,2018-07-25 14:20:31,34,3624.35,4.514285714285714,35,535,False
e4ebd3f87bf70440014f07ddda7fbe03,2017-12-07 21:14:24,2018-03-05 18:13:14,7,671.5,4.571428571428571,176,87,True
e4f121bf6ef8b9a1d4d3e65dd0473fab,2018-04-01 21:17:46,2018-05-07 08:58:38,2,70.0,3.0,114,35,True
e4fc40017a6d22c46a14ac2e17f87c3e,2017-05-30 15:55:30,2017-05-30 15:55:30,1,129.0,5.0,455,0,True
e503f22be6a4f456d9851920a5d9c670,2018-07-30 12:28:26,2018-08-14 15:12:04,2,198.9,4.0,14,15,False
e504a4e2efaa45cbff7e268a2c58c956,2018-05-14 17:58:27,2018-08-15 10:11:11,10,1088.9,3.909090909090909,14,92,False
e51f22821f0c12a16ad5c020cdcd55e9,2018-05-29 09:23:00,2018-08-07 15:17:28,4,898.71,4.75,21,70,False
e53d5b9b29d1218281f4a907ada18626,2018-07-20 16:50:02,2018-08-20 08:11:26,4,350.67,4.8,9,30,False
e546117ed9cafbc40239c0c78635c584,2018-04-23 17:07:27,2018-08-23 19:02:12,2,456.0,4.5,5,122,False
e5475dcab1e07b63d7f6e902d8f5eda8,2017-09-10 11:01:26,2018-08-06 20:27:28,19,2220.0,4.05,22,330,False
e5545d4d4473876ea78c5bcebca365c3,2018-06-27 11:45:21,2018-06-27 11:45:21,1,44.5,5.0,63,0,False
e560e4022d8f7aebf155db95946c5c0f,2018-06-12 11:26:51,2018-07-11 20:39:58,2,780.0,5.0,48,29,False
e5899683388855d3dabe8913bbe365de,2018-07-01 22:28:19,2018-08-22 13:05:05,3,452.88,4.0,7,51,False
e58a5b390e28abc0b216cfb0e07d27d7,2018-04-25 19:54:53,2018-08-09 10:30:41,7,1022.6,4.857142857142857,20,105,False
e595809a6c31ec4314fd06ef198c244d,2018-03-12 03:12:59,2018-03-12 03:12:59,1,39.0,5.0,170,0,True
e59aa562b9f8076dd550fcddf0e73491,2017-09-05 16:19:06,2018-08-20 14:22:51,69,30716.3,4.329268292682927,9,348,False
e59e489e2ea74bd409b798b5daf49de3,2017-09-05 18:29:33,2018-05-01 15:58:00,3,495.0,2.2,119,237,True
e59e575a175fadcadf8479e191770425,2018-06-09 11:53:43,2018-06-09 11:53:43,1,199.9,5.0,81,0,False
e5a3438891c0bfdb9394643f95273d8e,2017-05-19 21:06:12,2018-04-11 10:56:21,216,7597.5599999999995,3.8473895582329316,140,326,True
e5a38146df062edaf55c38afa99e42dc,2016-10-08 13:54:03,2018-08-21 17:33:29,120,15421.87,3.9523809523809526,7,682,False
e5bd51692380fd8cabb19b756b95e714,2017-12-20 22:59:28,2017-12-23 01:03:28,2,79.8,3.0,249,2,True
e5c84227854980f1db19a58958c551d9,2018-07-26 16:14:02,2018-08-15 11:56:10,4,72.81,4.75,14,19,False
e5cbe890e679490127e9a390b46bbd20,2018-06-11 22:31:34,2018-08-19 20:04:58,2,908.99,4.5,9,68,False
e5d4b2b0c3bca22085f7a19a28de0c42,2017-08-26 13:41:37,2017-11-26 05:27:45,4,205.8,4.5,276,91,True
e5def42655b7490edac5a56fe8e9e603,2017-03-28 21:56:39,2017-03-28 21:56:39,1,129.9,5.0,518,0,True
e5e33c0d8e7e002f398f5dc4cbbb338f,2017-03-04 17:36:19,2018-08-08 18:04:56,26,6494.9,4.592592592592593,20,522,False
e5f9e61ceb5f523cc966e0f34095032f,2017-07-10 14:25:38,2018-02-28 11:29:07,4,2908.0,4.2,182,232,True
e601b04acf48b4576e73ddca9481f0dc,2018-04-13 08:56:04,2018-08-27 11:19:47,15,491.94,3.875,2,136,False
e603cf3fec55f8697c9059638d6c8eb5,2017-02-07 11:32:53,2017-04-03 17:54:02,7,270.0,4.7,512,55,True
e627629ba868740e287800f1a9be81c2,2017-02-03 21:44:34,2017-07-13 13:08:15,11,337.09999999999997,4.909090909090909,412,159,True
e62b2d6ac10570a035a30bafcf01d263,2017-09-16 20:43:05,2018-08-20 13:42:28,62,5340.39,3.6619718309859155,9,337,False
e63e8bfa530fb16910dd6956e592bb81,2017-08-07 09:14:30,2018-08-28 10:44:03,41,1312.7,4.348837209302325,1,386,False
e644cbadf7eeb30d0d29f335ce7d52ec,2018-07-03 09:10:24,2018-08-21 23:14:33,7,768.91,4.0,7,49,False
e64882b4ef12aee8d0faca4db5b681f4,2018-01-12 15:28:49,2018-01-12 15:28:49,1,230.0,4.0,228,0,True
e64d65bc8dbec2accda90c58de5d1246,2017-11-19 13:57:09,2018-03-15 09:38:31,12,1678.8000000000002,3.0833333333333335,167,115,True
e64ddbe1cbcf4f2fc3092b7c481f3f9d,2018-03-30 12:00:06,2018-03-30 12:00:06,1,20.9,5.0,152,0,True
e6a69c4a27dfdd98ffe5aa757ad744bc,2017-02-01 17:21:33,2018-06-10 18:20:21,21,508.51,4.304347826086956,79,494,False
e70053bf73d1b5863932e53a9fa47496,2018-02-14 13:38:33,2018-08-04 16:22:05,7,4025.0,4.285714285714286,24,171,False
e72b4feb7abe210c52aa667abc25a3a2,2017-06-17 11:54:02,2017-06-17 11:54:02,1,38.2,5.0,438,0,True
e732329483fd5f27367dd997b47f598a,2017-08-31 15:28:40,2017-08-31 15:28:40,1,109.9,5.0,362,0,True
e73bf2cea7fe4b0b4d287a7568ed1099,2018-07-29 19:40:38,2018-08-26 10:48:04,4,737.7,5.0,3,27,False
e76ecc7e9a1a1e3c6df9d2a8261c423d,2017-08-13 10:23:44,2017-08-13 10:23:44,1,20.0,5.0,381,0,True
e7d5b006eb624f13074497221eb37807,2017-08-12 11:02:56,2018-07-19 13:03:38,28,3478.93,3.111111111111111,41,341,False
e7df4cd29ab5abab70fb0783ddb53987,2017-02-16 12:58:36,2018-08-19 20:46:26,23,9608.7,4.291666666666667,9,549,False
e7f3bf1ecd8526eb7f3b18059e6716e5,2017-02-28 17:39:47,2017-09-19 00:03:56,17,1382.04,4.444444444444445,344,202,True
e819bcfade7b5d88a27325eb6cfd62c5,2018-07-20 14:35:51,2018-08-20 23:35:44,5,202.89999999999998,3.5454545454545454,8,31,False
e81e1f9c3e762e620f3fb60a51499e16,2017-05-02 11:14:08,2018-04-25 20:10:45,17,4465.99,3.8333333333333335,125,358,True
e82de6494d91d3c4c54450f59b227a94,2017-10-09 01:17:54,2018-03-02 10:22:22,3,118.9,3.6666666666666665,180,144,True
e83c76265fc54bf41eac728805e4da77,2017-02-10 17:43:20,2017-05-08 09:08:43,8,237.29999999999998,3.625,478,86,True
e83e93b71371817b11d78a63ff156aee,2017-02-07 20:31:37,2017-04-09 15:32:33,2,286.0,4.666666666666667,506,60,True
e84ad2127668df3aafc6b73531a0beb8,2017-12-11 15:30:13,2018-08-08 13:37:57,19,987.0,4.391304347826087,21,239,False
e88165a185134e13fdfc85d4fa654db8,2018-05-16 20:57:48,2018-06-18 09:27:06,2,108.0,3.0,72,32,False
e882b2a25a10b9c057cc49695f222c19,2018-01-04 19:07:29,2018-08-18 15:49:58,57,52774.27,4.6,10,225,False
e883aa812c37a7413226856f4579fe91,2018-02-04 20:43:02,2018-08-17 18:20:27,26,4097.1,3.896551724137931,11,193,False
e88c9b79e592e370d6bd852eeefbf057,2017-05-21 19:53:52,2017-07-13 11:44:22,8,251.87,4.777777777777778,412,52,True
e88f7a2995ba184710d339c5c4bf2e30,2018-03-08 12:54:55,2018-04-26 10:43:55,2,251.6,5.0,125,48,True
e89c4adbe7b1d0819dbb636e16461cf1,2018-01-10 13:22:49,2018-08-17 16:12:59,24,3181.3,3.88,11,219,False
e8a85b5f3df47be0984c55fd4064dbb4,2018-02-11 08:14:07,2018-08-21 08:35:57,8,743.0,4.714285714285714,8,191,False
e8b3a3a38279a82f0e5d006d5e5b7d2c,2017-10-10 01:06:52,2018-03-05 15:23:25,80,11962.3,3.941860465116279,176,146,True
e8b4225284fbb02d16f200513f1f395d,2018-04-05 20:32:06,2018-08-19 11:55:56,30,5638.62,4.3,10,135,False
e8dba4d70f7f2b20e775d09cae01142d,2018-05-29 21:59:03,2018-08-21 12:20:19,9,855.91,4.333333333333333,8,83,False
e8f6dc8e6a1dcde89d20e3995c8d90b3,2016-10-04 13:40:43,2017-11-30 02:29:55,35,2148.7400000000002,3.5681818181818183,272,421,True
e8ff5a6ceb895583033fc2a0f314e3c2,2018-08-26 14:17:08,2018-08-26 14:17:08,1,139.89,5.0,3,0,False
e908c0f3646e8b60375734a350d95d71,2017-04-05 16:12:50,2017-04-05 16:12:50,1,2951.0,4.0,510,0,True
e94b64dc6979b302a5a5be1662c83bb6,2018-07-01 12:21:19,2018-07-03 19:34:23,2,306.89,5.0,56,2,False
e9511df20ccd82658a30c37b7fb343af,2017-11-23 19:55:23,2018-08-08 14:23:32,22,2096.6,4.466666666666667,21,257,False
e96498ed8daaa3e9c23f7a62da76591c,2017-10-10 17:26:22,2018-07-19 20:37:53,34,9619.09,3.9411764705882355,40,282,False
e9729944ba65dc3ce425e0c5a22ae7b2,2018-05-03 07:32:52,2018-06-09 13:31:20,4,916.7,3.75,81,37,False
e9779976487b77c6d4ac45f75ec7afe9,2017-03-01 09:25:31,2018-08-28 01:57:12,645,42327.18,4.193504736129905,1,544,False
e9874ae10b2d60d43917b6bbfa13a599,2018-04-18 20:42:34,2018-04-18 20:42:34,1,199.0,5.0,132,0,True
e99e927c81e3f51739c94fcdfca9f10f,2017-01-26 22:15:22,2018-03-23 16:00:33,21,2597.85,3.625,158,420,True
e9b6c33b71b67737693b4cfa68341c8d,2017-08-16 20:08:12,2017-08-16 20:08:12,1,119.9,4.0,377,0,True
e9bc59e7b60fc3063eb2290deda4cced,2017-03-07 16:07:57,2018-08-16 16:37:43,209,33543.69,4.0346153846153845,12,527,False
e9c2dc0dd4ac38448289be644ac94f42,2018-07-03 23:37:11,2018-08-21 22:39:47,3,118.39,5.0,7,48,False
e9c6969d40e6a3d2d0f90013165c2b98,2017-11-06 08:57:51,2018-06-03 13:31:36,10,5239.98,4.4,87,209,False
e9d99831abad74458942f21e16f33f92,2017-01-24 17:11:53,2018-08-26 20:58:26,130,4922.4800000000005,3.8993288590604025,2,579,False
e9e446d01bd10a97a8ffcfc4a3a20cb2,2018-06-05 19:53:27,2018-07-08 19:59:16,3,51.15,4.333333333333333,51,33,False
ea00f977a203ff88adf7057cb7806998,2018-07-02 21:01:18,2018-08-20 22:53:49,18,381.72999999999996,4.277777777777778,8,49,False
ea1776927851da2532aa70d6a32c095a,2018-07-17 20:51:27,2018-07-20 17:53:08,2,283.9,3.5,39,2,False
ea3ebea5317b0efbc663ecc8ce5e9bc2,2018-05-03 08:15:45,2018-05-20 20:16:42,3,299.70000000000005,4.0,100,17,True
ea4e9ce63a2134743b4a92777437fcdd,2018-04-15 15:23:10,2018-08-21 10:00:51,3,316.6,4.75,8,127,False
ea566164622c6b439516ab18062c42cd,2017-11-12 23:19:39,2018-08-19 22:47:43,50,10309.42,3.75,9,279,False
ea65d8b58316a6f2362f2a9e4b3e86ad,2018-03-01 16:43:57,2018-08-25 12:13:10,9,2061.4,3.1875,4,176,False
ea67327e24487bdfac5fbfa37ea124df,2018-01-07 23:08:30,2018-08-22 16:41:47,32,6250.18,3.5588235294117645,6,226,False
ea6b12bf9ffe2bac34602ec631d97a47,2017-02-12 00:20:45,2017-05-30 22:15:57,9,1047.3,4.333333333333333,455,107,True
ea846a0e7ad98a741783e886d89dfa44,2018-08-07 09:30:10,2018-08-17 16:44:32,2,137.0,5.0,11,10,False
ea8482cd71df3c1969d7b9473ff13abc,2017-08-15 12:54:48,2018-08-24 09:20:03,1132,36696.76,3.968013468013468,5,373,False
eaaa46e98c9e61f6764dd1d7a2ab8b3e,2018-08-05 14:07:53,2018-08-05 14:07:53,1,98.0,5.0,24,0,False
ead2bab70821ea148476ae9bc08548ac,2017-10-04 16:29:59,2018-08-01 17:19:21,9,482.0,4.3,27,301,False
eae9af4811c294c56795d70e715b7337,2017-10-17 01:24:28,2017-10-17 01:24:28,1,15.9,5.0,316,0,True
eaf6d55068dea77334e8477d3878d89e,2018-06-26 11:01:38,2018-07-28 19:53:30,3,51.0,5.0,31,32,False
eb1bf309f4f6af9a97e9ddac3fdbeabe,2018-05-24 11:05:40,2018-05-24 11:05:40,1,22.3,5.0,97,0,True
eb3071b9f0b0ddaa2df5ea130f09f26b,2017-02-15 11:20:36,2018-05-16 10:05:44,9,6230.0,4.636363636363637,105,454,True
eb4a59a06b3948e851a7d7a830bcbc42,2018-02-23 17:55:18,2018-02-23 17:55:18,1,32.0,5.0,186,0,True
eb4df17aed01d918c65f0f8d650900c0,2017-11-09 12:22:48,2018-08-15 15:01:55,11,3739.87,3.909090909090909,13,279,False
eb5b6204dde3a6e03b5f1bb8479f055b,2017-12-16 19:22:08,2018-06-11 22:12:41,19,452.2,3.857142857142857,78,177,False
eb72802c83dc7547529c9546d1a9b8ef,2018-05-07 20:36:52,2018-07-27 10:59:09,8,1063.92,4.625,33,80,False
eb9267cccc90f1b49c8d2f9887c7dd97,2018-05-06 21:44:22,2018-05-06 21:44:22,1,319.9,5.0,114,0,True
eb9cd5b35d95206585e2185318cb5c61,2018-06-21 12:24:00,2018-07-16 11:01:26,2,550.0,2.3333333333333335,44,24,False
eba88037e1dca898cd02881f67ced679,2017-04-26 14:18:33,2018-03-10 17:32:15,6,838.1,4.333333333333333,171,318,True
ebd1417732defaf66c50b5a800eb293e,2017-03-28 09:40:41,2017-03-28 09:40:41,1,309.0,5.0,519,0,True
ebd2d60905fb58271facef5596b620d3,2017-02-13 14:48:03,2018-08-17 18:41:50,82,7713.02,4.235294117647059,11,550,False
ebe3dabc4955c9b0d695e7bda38bf5c3,2018-02-20 15:22:53,2018-02-20 15:22:53,1,55.0,3.0,189,0,True
ebef8d8c92b4fd3226e5d407bbff21ac,2017-01-29 13:42:10,2017-03-13 22:19:52,3,253.70000000000002,2.6666666666666665,533,43,True
ec21206b7894c503788a684a7bc822a6,2017-11-14 20:28:14,2017-11-14 20:28:14,1,75.0,3.0,287,0,True
ec2e006556300a79a5a91e4876ab3a56,2018-02-02 14:26:45,2018-08-15 14:02:53,2,77.4,1.5,14,193,False
ec4608a1f76453166bb312b2968aeaf4,2017-02-22 15:57:47,2018-08-14 14:19:51,17,968.81,3.0344827586206895,15,537,False
ec5c1d94df153d473b37f880977ae58e,2018-05-22 14:50:54,2018-06-03 13:21:09,2,199.67000000000002,1.6666666666666667,87,11,False
ec80e49e69745ab6c14f984bf2149423,2018-02-04 22:12:07,2018-08-22 22:17:56,12,3709.0,3.8333333333333335,6,199,False
ec8463980a4e0ea9f8517aea1ed0c419,2018-07-16 16:35:30,2018-07-16 22:36:53,2,239.2,5.0,43,0,False
ec8879960bd2221d5c32f8e12f7da711,2017-05-16 22:35:38,2018-04-11 16:50:30,35,3957.5,4.2,139,329,True
ec933281fb017b5020d06df29c3f77e8,2017-10-16 10:45:42,2018-07-30 21:21:05,8,1432.0,5.0,29,287,False
ecccfa2bb93b34a3bf033cc5d1dcdc69,2016-09-15 12:16:38,2016-10-10 11:39:06,12,1120.8500000000001,2.5,688,24,True
ececbfcff9804a2d6b40f589df8eef2b,2017-06-26 16:05:09,2018-08-15 16:54:26,97,6771.14,4.125,13,415,False
ed4311e67debd72b8610a5347a743087,2017-12-14 14:07:48,2018-08-28 16:33:22,25,3636.0,4.346153846153846,0,257,False
ed46f1eb4a638113deb2a1137b5f22e9,2018-07-26 16:11:51,2018-08-23 23:05:07,4,3470.0,4.0,5,28,False
ed49da7cadefc454d6a67de249eab240,2016-10-08 16:02:07,2016-10-08 16:02:07,1,21.5,5.0,689,0,True
ed4acab38528488b65a9a9c603ff024a,2017-03-23 16:39:19,2018-07-27 15:27:42,32,12759.45,3.725,32,490,False
ed859002ad59dbf8cf3602696a6c3000,2016-10-04 20:41:55,2017-01-23 20:35:00,6,2063.9,4.545454545454546,582,110,True
ed8cb7b190ceb6067227478e48cf8dde,2018-07-19 15:36:35,2018-08-27 12:39:11,15,573.5,3.176470588235294,2,38,False
ed9eef5be0992d413d251fadba1a410d,2017-01-26 00:20:23,2017-03-17 10:30:06,3,404.09999999999997,4.555555555555555,530,50,True
edb1ef5e36e0c8cd84eb3c9b003e486d,2017-09-28 09:48:29,2018-08-20 19:09:20,165,79144.90000000001,4.454022988505747,8,326,False
edb58a1390adf273840030a3d6253829,2018-08-25 11:15:44,2018-08-25 11:15:44,1,39.9,5.0,4,0,False
edb65fe661681b1c0de8bd47c8655855,2017-04-26 12:37:33,2017-04-26 12:37:33,1,69.0,3.0,490,0,True
edc518ba25576a0188a0e8f2c3af186f,2018-06-30 20:06:44,2018-08-20 13:02:40,6,1647.3899999999999,3.5,9,50,False
edd066cd02126d7800f9b66e980e9931,2017-06-17 11:42:52,2018-06-13 07:25:51,6,987.6999999999999,5.0,77,360,False
eddd1991bd6d9309995a480c39b95137,2017-11-06 13:59:41,2017-11-06 18:48:57,2,601.0,3.5,295,0,True
ede0c03645598cdfc63ca8237acbe73d,2018-02-21 12:25:12,2018-05-23 21:11:01,43,2352.15,3.5531914893617023,97,91,True
ede2977fbaf3738583170735ca403f6c,2018-02-25 17:37:45,2018-02-25 17:37:45,1,289.9,5.0,184,0,True
edf3fabebcc20f7463cc9c53da932ea8,2018-05-22 21:13:21,2018-05-22 21:13:21,1,219.9,4.0,98,0,True
edf96ef93ed595084bbcbd9224bd2894,2017-02-07 23:16:34,2018-08-16 15:32:45,25,3757.0,3.7857142857142856,12,554,False
ee27a8f15b1dded4d213a468ba4eb391,2017-05-24 18:14:34,2017-05-24 18:14:34,1,6499.0,5.0,461,0,True
ee2fbacc2fc3794e656cc4d933d59ce7,2018-08-07 14:05:50,2018-08-21 21:36:22,2,464.97,4.333333333333333,7,14,False
eeb6de78f79159600292e314a77cbd18,2017-02-18 18:28:46,2018-08-11 08:30:03,82,43510.84,4.421686746987952,18,538,False
eebb3372362aa9a46975164bed19a7e7,2017-03-28 11:33:47,2017-05-09 20:50:26,4,295.96,3.25,476,42,True
eec3469d83e142f9a104886655338c37,2017-02-03 16:32:12,2018-08-17 14:22:37,4,185.70000000000002,4.5,12,559,False
eed78ac17f7f795a19a709745f00cd4e,2017-08-01 18:44:07,2018-07-17 14:25:51,22,4349.5,3.4107142857142856,43,349,False
ef0ace09169ac090589d85746e3e036f,2017-11-14 10:43:54,2018-08-23 21:20:25,128,16225.300000000001,4.364285714285714,5,282,False
ef2fbc2b607d8492bcffe657a4645434,2018-07-02 16:44:40,2018-08-26 11:44:34,19,920.9,4.0476190476190474,3,54,False
ef30892870c278497523264be1be2241,2017-12-05 21:18:13,2018-01-31 18:59:31,9,783.2,4.555555555555555,209,56,True
ef506c96320abeedfb894c34db06f478,2017-01-23 07:03:04,2018-08-21 13:16:24,316,9596.49,3.918918918918919,8,575,False
ef728fa1f17436c91ed1ccd03dcf9631,2018-07-23 18:35:14,2018-08-23 12:31:37,3,128.7,4.0,6,30,False
ef990a83bbea832f36ebe81376335aa8,2017-11-27 20:25:14,2018-08-12 18:43:51,43,4642.59,3.659090909090909,16,257,False
ef9952469137ff190bacafe117f51537,2017-03-10 12:46:23,2017-05-30 15:57:13,5,1002.66,4.8,455,81,True
efb628aa07c8ca93d7db0d85b91a4f5a,2017-11-17 08:47:34,2017-11-17 08:47:34,1,204.0,4.0,285,0,True
efcd8d2104f1a05d028af7bad20d974b,2017-04-26 03:54:32,2018-08-22 03:16:24,46,2504.78,4.2075471698113205,7,482,False
efff9341f3f8f5237b44ff67ed36a7bf,2018-05-01 22:37:30,2018-08-15 19:42:43,5,872.99,4.4,13,105,False
f00e21b1e91a79653163b7fd8f293ff1,2017-03-25 21:54:29,2017-12-02 18:38:46,31,3900.09,4.064516129032258,269,251,True
f00f5b35d0abcacbdd863672f4bb2c1a,2017-05-27 14:15:33,2017-05-27 14:15:33,1,299.0,4.0,459,0,True
f021c962aaba8ef6eb527a9c2c8394d1,2017-05-17 11:36:51,2017-08-06 17:55:55,5,4398.5,4.2,387,81,True
f049a72cf58fd31b11f8919cade515e7,2018-07-25 12:03:29,2018-08-06 18:48:35,3,138.75,3.5,22,12,False
f0837c8d71434931d9e38e7b79234797,2017-11-18 12:08:24,2018-08-14 17:27:42,22,4596.9,4.625,14,269,False
f08a5b9dd6767129688d001acafc21e5,2017-10-07 14:32:01,2018-01-16 09:15:25,11,14069.630000000001,3.4444444444444446,225,100,True
f08c008c8a8d31417763738a1788a2a8,2017-10-10 23:58:26,2018-01-09 15:55:38,20,1211.92,3.1904761904761907,231,90,True
f09b760d23495ac9a7e00d29b769007c,2016-10-03 16:56:50,2016-10-03 16:56:50,1,21.9,4.0,694,0,True
f0b47fbbc6dee9aafe415a6e33051b3f,2017-07-25 10:57:26,2018-08-28 19:32:05,67,3766.92,4.258823529411765,0,399,False
f0e103c63864d5405b958d984b6e94c9,2017-04-04 14:13:05,2017-08-26 00:59:30,11,951.7,4.7272727272727275,368,143,True
f0ec78809fe0bc3edb11c9fe5b97b059,2018-06-09 12:47:27,2018-07-18 12:50:16,2,62.599999999999994,4.0,42,39,False
f114dca2828bf718548db175ebe2cfcd,2018-01-06 01:06:31,2018-01-06 01:06:31,1,139.0,1.0,235,0,True
f1198c871e0171278b63f40d112caeec,2017-08-15 21:33:49,2017-11-10 18:13:05,2,475.8,4.5,291,86,True
f125f3a310c2e5f822d116147de1e474,2018-01-15 19:59:47,2018-08-20 16:19:23,16,2761.4,4.363636363636363,8,216,False
f12d3c2a14729ae461b920c11fe20fdc,2018-05-03 20:25:44,2018-07-31 20:56:04,9,364.45,4.2727272727272725,28,89,False
f12ff17ad8bbf01ec5c33b17e506649b,2018-01-03 12:03:50,2018-05-22 11:20:15,28,6101.0,3.857142857142857,99,138,True
f18112da765e0971ca5d510dec322bdd,2018-01-01 22:11:36,2018-01-02 19:20:35,2,327.8,4.0,238,0,True
f181738b150df1f37cb0bd72e705b193,2017-05-15 19:45:02,2018-08-22 16:51:32,36,5529.7,4.486486486486487,6,463,False
f19516b9ff26bfeb091b30108db4ddbd,2017-09-24 06:37:27,2017-11-14 21:09:04,3,162.7,3.6666666666666665,287,51,True
f1b854361f4e15d5851b494df66f22b2,2018-04-15 17:02:51,2018-07-25 15:35:55,3,1168.8,2.75,34,100,False
f1b93673502375d491780bb49d615dbc,2018-03-11 19:07:43,2018-08-18 11:57:34,8,2638.93,2.7,11,159,False
f1c1ac3f3efc07e659c035008e615e66,2017-03-30 12:39:15,2017-09-27 12:56:13,3,2294.96,2.7777777777777777,336,181,True
f1ce5fdecd64935c28b9ff932751d0dc,2017-03-25 21:48:06,2017-06-29 17:19:23,2,158.0,4.5,425,95,True
f1ed6bd0a9b11b581f16c851c6a5a527,2017-03-04 21:08:40,2018-05-19 00:41:02,17,1677.24,4.421052631578948,102,440,True
f1fd5ab1181f827ffad998c1a5de7d74,2017-11-16 13:58:07,2018-08-09 06:47:46,15,7045.99,4.666666666666667,20,265,False
f1fdf2d13186575751aa25876536d85c,2018-03-29 21:39:51,2018-03-29 21:39:51,1,26.3,5.0,152,0,True
f205b1a3ca9a34e0f8a228bae6e4c7b3,2018-07-13 12:35:28,2018-08-26 17:28:44,8,1088.0,4.875,2,44,False
f214d28e8d8e3ef068748498ccc2f813,2017-08-13 19:57:41,2018-08-19 13:40:36,52,2152.43,4.0701754385964914,10,370,False
f22a247b79dd22ecd91dc8e3b2a1b07c,2018-05-02 15:21:52,2018-08-23 20:21:35,8,439.94,4.0,5,113,False
f2336e113377dd21c744d9c4fc8293a9,2017-02-22 17:46:56,2017-09-15 13:18:29,4,3563.0,4.25,348,204,True
f235413f677777a0738ff215d0184901,2017-01-16 18:36:49,2017-01-23 19:32:40,2,1191.98,5.0,582,7,True
f25e239052084705e17a982bc600ab2a,2017-03-18 17:56:04,2018-08-15 18:01:23,8,7380.0,4.25,13,515,False
f262cbc1c910c83959f849465454ddd3,2017-11-04 10:25:02,2018-08-27 07:18:36,189,10199.86,4.102941176470588,2,295,False
f266295f49a28eee21f413e0cbb0521d,2017-11-08 18:18:31,2017-11-09 15:06:08,2,149.8,4.5,292,0,True
f26d70155c2b6326fcfa1780c8c684e4,2017-06-26 16:50:06,2017-06-26 16:50:06,1,202.89,5.0,428,0,True
f27e33c6d29b5138fa9967bcd445b6d5,2017-07-25 12:31:12,2018-08-25 20:24:40,93,8888.3,4.091836734693878,3,396,False
f3041c2e75ec683697a6a5ea82192210,2017-02-05 20:43:42,2017-02-05 20:43:42,1,145.0,5.0,569,0,True
f307937c1bb287c3efc2a514b94b0d1d,2017-06-03 23:46:04,2017-06-03 23:46:04,1,189.99,5.0,451,0,True
f326006815956455b2859abd58fe7e39,2017-11-07 14:07:03,2018-08-01 13:30:49,9,3147.16,4.7,28,266,False
f3295428338a40977a03f555246a70f4,2017-10-23 14:59:46,2018-02-05 23:24:02,7,644.98,3.5714285714285716,204,105,True
f3511c85f59f8dec53d140501ee8e7a8,2017-08-13 20:03:35,2017-08-13 20:03:35,1,69.9,5.0,380,0,True
f356c348fbc8df6a882823e21f5ce8b7,2018-08-17 13:57:35,2018-08-20 12:40:44,2,195.18,2.5,9,2,False
f35b3c613c4f7b2275f4185d0a3c59ec,2018-02-28 07:37:29,2018-06-03 00:27:27,9,4047.25,4.555555555555555,87,94,False
f35becee938e982bd615edf8ef12bcfb,2017-03-09 10:36:58,2017-08-02 18:18:33,6,148.59,4.0,391,146,True
f3862c2188522d89860c38a3ea8b550d,2018-05-15 17:41:00,2018-05-15 17:41:00,1,15.5,5.0,105,0,True
f3975e8a41157005d4bcbb358678cd9b,2018-04-02 16:10:57,2018-08-19 14:29:37,2,178.8,5.0,10,138,False
f3b80352b986ab4d1057a4b724be19d0,2017-02-17 22:27:53,2018-07-26 19:00:25,86,9815.1,4.164835164835165,33,523,False
f3c38ab652836d21de61fb8314b69182,2018-04-11 13:05:11,2018-08-06 17:54:58,15,1581.0,4.266666666666667,22,117,False
f3da5b2ff499efb8d4a6d371d175d7dd,2017-11-04 09:24:45,2018-07-10 15:47:15,77,3599.79,3.8795180722891565,49,248,False
f410c8873029fcc3809b9df6d0b28914,2018-08-08 18:22:24,2018-08-20 09:32:27,2,289.8,5.0,9,11,False
f419677537694f0462a91990df6ca44f,2017-12-27 08:36:53,2018-03-14 15:47:48,6,220.5,4.0,167,77,True
f41ce2e25237f9092cd8e6e7516c7a2f,2016-10-07 14:42:07,2017-12-18 14:55:09,26,1961.9,4.444444444444445,254,437,True
f435898e493ba0356019a0b1cb8b55b1,2017-02-05 02:16:12,2018-05-25 10:23:03,10,649.76,4.333333333333333,96,474,True
f43827dd686be3a4a80e00aa299990fb,2018-01-25 10:09:48,2018-01-25 10:09:48,1,95.54,2.0,216,0,True
f44b6f775a2b390380e0e30b5c9d3eee,2017-06-30 20:06:54,2018-08-26 13:49:27,10,2930.0,4.9,3,421,False
f44bdc12aa39f5271f0b95f66cd4c289,2017-11-20 15:39:42,2018-08-07 19:58:03,5,357.5,2.857142857142857,21,260,False
f45122a9ab94eb4f3f8953578bc0c560,2017-02-09 22:25:41,2018-08-22 09:39:57,184,21764.68,3.9238578680203045,7,558,False
f457c46070d02cadd8a68551231220dd,2017-12-23 17:20:36,2018-06-30 13:24:32,195,19471.7,3.80672268907563,60,188,False
f46490624488d3ff7ce78613913a7711,2018-05-23 13:50:08,2018-08-21 16:39:32,80,5690.95,3.574712643678161,7,90,False
f4a04f7be452aa3bb31760bf00055dd0,2017-10-31 21:47:13,2018-08-17 16:02:15,18,1312.1,4.666666666666667,11,289,False
f4aba7c0bca51484c30ab7bdc34bcdd1,2016-10-10 14:02:01,2017-07-29 15:38:47,108,2951.8999999999996,3.8956521739130436,395,292,True
f4c4daa86e30c7e5a553a8d518ac03a5,2017-03-21 14:37:07,2017-11-13 21:54:11,18,5984.3099999999995,4.0,288,237,True
f4ce8ca9fa7157e3b33f536ac9a4487d,2018-07-16 08:45:31,2018-08-20 10:58:06,4,409.6,4.75,9,35,False
f4db9b37944bcb8873e6b456ee190bbf,2017-04-08 19:22:41,2018-08-15 10:31:34,21,3409.78,4.545454545454546,14,493,False
f524ad65d7e0f1daab730ef2d2e86196,2018-01-29 22:29:52,2018-01-29 22:29:52,1,578.0,1.0,211,0,True
f52c2422904463fdd7741f99045fecb6,2018-06-15 21:52:01,2018-08-21 18:44:58,12,567.79,4.3076923076923075,7,66,False
f593898ec748b7a8cb81fc04edafd98a,2017-09-17 16:34:35,2018-02-06 20:34:19,19,2588.04,3.4545454545454546,203,142,True
f5a590cf36251cf1162ea35bef76fe84,2017-03-28 18:48:20,2018-08-18 23:53:24,113,51232.78,4.279661016949152,10,508,False
f5b44895715ddfe3087dc414f30268f3,2017-09-18 12:19:09,2018-07-25 20:05:09,19,378.8,4.0,34,310,False
f5b84683a9bf9e1df748cf40f601b39c,2016-10-08 22:11:57,2016-10-08 22:11:57,1,83.9,5.0,689,0,True
f5f1f2c5f923f36ad79ea1d07185ddc9,2018-02-22 14:47:02,2018-04-04 18:42:39,10,1517.77,3.4545454545454546,146,41,True
f5f2ab9bdb6b30c14c61be68c5ed37da,2016-10-05 22:53:45,2017-12-04 19:12:17,18,2134.6800000000003,4.277777777777778,267,424,True
f5f46307a4d15880ca14fab4ad9dfc9b,2017-07-12 14:37:58,2017-11-29 21:51:19,9,1422.94,4.0,272,140,True
f5fea3ffed6c2e889bab72705557c63a,2017-04-18 23:53:54,2017-04-18 23:53:54,1,345.0,5.0,497,0,True
f6122bc84774df1b372bdb3bb88ddb9f,2017-10-04 09:43:36,2018-03-19 14:01:34,3,4799.87,3.6666666666666665,163,166,True
f615fe7efbef0f4f08fd3086bc7a3e60,2017-07-12 17:40:18,2017-10-09 20:20:21,22,2061.37,4.521739130434782,323,89,True
f61c63d13f7cd800549d5acdd390ae72,2017-09-14 10:23:41,2018-08-20 10:19:46,26,3072.3,4.0,9,339,False
f626e15b7314c267e4429010866f70e9,2018-02-24 09:33:05,2018-07-30 20:48:59,5,193.54999999999998,4.142857142857143,29,156,False
f62d7bb4a613ec758a03342d46b580b2,2018-01-10 18:29:18,2018-08-09 18:02:26,32,24665.0,4.375,19,210,False
f63d8f293af3a6454377546bd9dd19ff,2017-05-14 14:59:05,2018-02-13 16:01:40,17,1751.82,3.8214285714285716,196,275,True
f650a9708fa1bab22bdd8d3a818cc415,2017-01-25 13:42:49,2017-02-25 19:21:14,4,416.04,4.0,549,31,True
f664f98bfda2eaf266a23ff144e7a872,2017-07-18 11:48:20,2017-11-19 20:27:48,2,153.99,3.0,282,124,True
f67efa3f0b6761102a7f8c6b7b571f5d,2016-10-04 18:02:37,2018-04-09 10:47:49,31,5188.68,4.4375,142,551,True
f680f85bee2d253556ac91be391d2c82,2017-09-30 19:19:56,2018-08-24 21:06:11,45,5183.92,4.296296296296297,4,328,False
f682e0f848abafc6f41e0d4e868c66ef,2017-10-11 12:45:13,2018-05-18 14:37:45,2,269.98,3.5,103,219,True
f7315bb81aea4ddca2d39e249a801c98,2018-06-14 12:12:21,2018-08-01 15:15:05,2,379.8,4.5,27,48,False
f7496d659ca9fdaf323c0aae84176632,2016-10-08 10:55:44,2018-08-16 11:34:12,25,4837.67,4.576923076923077,13,677,False
f76a3b1349b6df1ee875d1f3fa4340f0,2018-01-04 17:09:02,2018-08-17 19:14:14,24,4160.79,3.4583333333333335,11,225,False
f7720c4fa8e3aba4546301ab80ea1f1b,2017-03-28 23:13:25,2018-08-17 18:16:56,59,2075.45,4.230769230769231,11,506,False
f783a638e9c6af4a7d0dbfde811e7a81,2018-02-04 03:44:01,2018-04-03 16:17:10,5,849.8,4.0,147,58,True
f789d2c4f2c2eb38fc4373e7a4b35264,2017-04-04 22:29:47,2018-08-22 11:28:14,44,4864.24,4.183673469387755,7,504,False
f7ba60f8c3f99e7ee4042fdef03b70c4,2017-07-31 16:03:55,2018-08-26 22:37:58,218,68455.0,4.225108225108225,2,391,False
f7c31656c19db6275a8acadca289f426,2018-02-15 11:26:40,2018-02-15 11:26:40,1,61.56,3.0,195,0,True
f7ccf836d21b2fb1de37564105216cc1,2017-12-08 13:53:26,2018-08-19 22:12:22,69,2748.4,3.780821917808219,9,254,False
f805b96fa705ba7995a221f1749dc141,2017-06-28 12:18:17,2018-03-14 16:13:12,7,2744.44,4.428571428571429,167,259,True
f80edd2c5aaa505cc4b0a3b219abf4b8,2017-04-06 15:51:57,2018-08-27 12:59:16,116,8855.5,4.128,2,507,False
f8201cab383e484733266d1906e2fdfa,2017-06-17 15:21:29,2018-08-11 19:39:37,10,889.0,4.1,17,420,False
f84a00e60c73a49e7e851c9bdca3a5bb,2017-02-20 11:45:39,2018-07-25 11:32:31,88,5849.24,3.7216494845360826,35,519,False
f84fa566034f5e8e880a07ec624c56af,2017-07-21 00:45:06,2018-08-14 16:22:27,89,5053.8099999999995,4.306930693069307,14,389,False
f88adb15807168d3c43d71021090ce4a,2018-04-23 22:45:21,2018-08-14 18:06:34,3,488.8,3.3333333333333335,14,112,False
f8d5c7085db9a4ad2b8c1ffbeb2798c8,2017-03-30 11:59:33,2018-02-05 19:51:29,6,263.0,5.0,204,312,True
f8db351d8c4c4c22c6835c19a46f01b0,2017-01-25 22:46:24,2018-08-25 19:56:43,659,50183.4,4.237430167597766,3,576,False
f8e2c1b59cd4225a3e4fd0d013a76b93,2017-09-01 10:23:11,2017-12-31 02:09:21,2,219.8,5.0,241,120,True
f8f35af4634605e6693c17cc3ffff5a8,2017-11-12 18:04:56,2017-11-12 18:04:56,1,90.0,5.0,289,0,True
f90f77ef2799a27f80d90c425ca944f7,2018-05-15 08:42:18,2018-05-15 08:42:18,1,70.0,5.0,106,0,True
f918546be4bec7104d117789ba758b2b,2017-12-05 09:22:52,2018-06-26 15:07:53,20,1483.0,3.8260869565217392,63,203,False
f9244d45189d3a3605499abddeade7d5,2017-02-07 22:29:03,2018-08-18 12:45:56,20,15081.44,4.35,11,556,False
f92d8c817434bd2d84d4e9c61322b7fa,2018-01-19 14:57:16,2018-07-26 18:24:47,5,174.84,4.6,33,188,False
f97e2b0650c2068227e1d366140eb62f,2017-06-14 17:57:21,2018-08-19 09:49:20,16,3654.0,3.619047619047619,10,430,False
f9903dd0f812c7e771fcad47b6fff231,2017-11-15 10:43:50,2018-08-20 14:34:51,10,1684.8500000000001,2.933333333333333,9,278,False
f9bbdd976532d50b7816d285a22bd01e,2017-05-25 23:22:43,2017-09-14 21:21:35,2,268.0,5.0,348,111,True
f9d010e39375d9c91dce3f40b73a2f84,2018-02-17 15:54:49,2018-07-23 09:02:12,4,1212.0,3.0,37,155,False
f9ec7093df3a7b346b7bcf7864069ca3,2018-07-05 06:46:44,2018-08-26 20:08:21,9,519.2,4.777777777777778,2,52,False
f9eedec3129e8cc6b6429c42d0808c5b,2018-07-24 21:30:17,2018-07-26 00:39:18,2,789.8,4.5,34,1,False
f9f68daa2af419d38f745478bcb3da1a,2017-01-27 19:55:05,2017-01-27 19:55:05,1,11.2,5.0,578,0,True
fa14641f57b655e933124a9ea49cd7a5,2017-05-19 18:42:14,2018-02-05 13:55:53,7,359.92999999999995,4.571428571428571,205,261,True
fa1a9dec3a9940c072684a46728bf1fc,2016-10-06 12:22:07,2018-08-22 20:55:15,55,6674.0,3.933333333333333,6,685,False
fa1c13f2614d7b5c4749cbc52fecda94,2017-01-07 20:45:31,2018-08-29 09:48:09,578,190917.13999999998,4.360967184801382,0,598,False
fa3a0b5aabb344b9a92e3524b0202123,2018-01-26 00:09:45,2018-06-16 21:53:42,7,1789.0,4.142857142857143,73,141,False
fa40cc5b934574b62717c68f3d678b6d,2016-10-10 00:01:50,2018-05-21 20:30:42,304,15945.380000000001,4.431952662721893,99,588,True
fa5fdc4e4bb6bd1009ad0e4ac4096562,2016-10-10 12:39:06,2016-10-10 12:39:06,1,161.99,5.0,688,0,True
fa74b2f3287d296e9fbd2cc80f2d1cf1,2017-07-20 16:59:53,2017-12-20 08:32:26,5,1274.49,3.2,252,152,True
fa8d335d68129e464e60c1826a683e96,2017-10-20 08:49:05,2017-10-20 08:49:05,1,139.9,4.0,313,0,True
fac1a9017ade7bdc94058fc1c969f355,2018-05-11 15:21:35,2018-08-17 14:01:36,9,2010.84,4.7,12,97,False
fac35d150712afb921ec59ac5f39bb11,2018-02-24 14:37:03,2018-07-16 13:57:23,5,696.0,4.166666666666667,44,141,False
fad44952713764836814be105382aee5,2018-01-04 19:21:49,2018-08-14 08:38:20,32,5129.0,4.28125,15,221,False
fadb07c842a2aef5d5a676b85f220e71,2018-06-05 13:24:11,2018-08-27 15:04:59,7,398.75,4.714285714285714,1,83,False
fb3cfbc8a86f5d7fbb4d36b8df63f60d,2018-06-11 23:08:00,2018-08-18 15:58:52,10,1007.3,3.1333333333333333,10,67,False
fb503a924a0b9db19d83dd0ac6dbef8c,2017-05-16 00:48:59,2017-05-16 00:48:59,1,13.9,5.0,470,0,True
fb8904a8ea99f8831b64ce27db2c1765,2017-11-12 14:52:36,2017-11-24 21:39:39,2,278.0,4.5,277,12,True
fb89df7f89fd1b8f03fa2acca1ba7364,2017-10-10 20:21:15,2018-08-18 21:18:15,22,2220.0,3.84,10,312,False
fbc14c0cf93505ef89f64665ffa4a7b5,2017-08-17 17:36:22,2018-08-08 21:34:09,18,12227.82,4.055555555555555,20,356,False
fc0b214b59a83615fea981c6424a02ae,2018-08-17 10:15:31,2018-08-17 10:15:31,1,159.9,5.0,12,0,False
fc38b5dceee1a730fad8853453437fbd,2017-04-05 08:23:43,2017-12-15 19:13:52,5,119.2,4.6,256,254,True
fc4751cfe3b279c419615b9b00c1abb4,2017-02-16 15:53:00,2017-02-16 15:53:00,1,453.7,5.0,558,0,True
fc59392d66ef99377e50356ee4f3b4e1,2018-05-20 01:15:58,2018-08-12 07:47:57,5,519.99,3.6,17,84,False
fc5a0d7a310a7a41abf86a458585ff2b,2017-06-02 16:34:22,2017-06-02 16:34:22,1,117.9,4.0,452,0,True
fc6295add6f51a0936407ead70c1001d,2017-11-06 19:20:14,2017-11-06 19:20:14,1,160.0,1.0,295,0,True
fc906263ca5083d09dce42fe02247800,2017-04-11 12:45:06,2017-12-23 18:17:06,112,4457.8,4.38135593220339,248,256,True
fc908879b9ca1bd65419e54e50432d38,2017-12-18 10:29:38,2018-07-25 21:39:51,4,119.19999999999999,5.0,34,219,False
fcb5ace8bcc92f75707dc0f01a27d269,2017-11-23 13:18:15,2018-08-09 23:10:26,59,8036.45,3.9295774647887325,19,259,False
fcba71d4d5db057f43249145e4eb1e27,2017-10-30 21:45:33,2018-02-26 21:43:45,3,494.55,4.666666666666667,183,118,True
fcdd820084f17e9982427971e4e9d47f,2018-03-07 15:15:15,2018-08-17 11:15:25,16,4783.99,3.259259259259259,12,162,False
fce62094ffe6a4009188ec44e681dfdd,2017-02-07 18:01:15,2018-03-01 18:07:51,4,2969.7,3.1818181818181817,180,387,True
fcf16b7a8697e559f0123190bb30177d,2018-02-18 18:41:59,2018-08-13 20:33:57,3,1052.8,3.142857142857143,15,176,False
fd312b6bf05efac6c3772d5b52205d8a,2017-03-29 17:44:04,2017-06-26 16:04:07,2,118.69999999999999,5.0,428,88,True
fd386aa7bed2af3c7035c65506c9b4a3,2018-02-23 10:29:24,2018-08-28 14:11:30,69,2304.15,4.355263157894737,1,186,False
fd435faa3c0422b60440ea3480d0e77c,2018-08-20 07:36:53,2018-08-20 07:36:53,1,749.0,5.0,9,0,False
fdaaf5bfda82b7b80535610c831b8d09,2017-09-05 22:14:52,2018-05-06 11:40:50,10,2588.9,3.933333333333333,115,242,True
fdb9095204a334cd8872252ffec6f2db,2017-06-27 23:21:05,2018-05-28 10:55:14,46,8246.0,4.129032258064516,93,334,True
fde0cc9ea29c8ccfc0a2c22256a58c71,2017-10-11 13:27:29,2018-08-19 19:06:06,35,3922.0,4.485714285714286,9,312,False
fdf736c18c589ed030e058312203e1b2,2018-08-02 12:07:30,2018-08-02 12:07:30,1,30.0,5.0,27,0,False
fe19dce63ae80346207c6c55713d1023,2017-01-31 15:39:27,2017-01-31 15:39:27,1,49.9,5.0,574,0,True
fe1b067411b8c5066e962aa146ccee03,2018-07-24 13:41:59,2018-08-21 09:33:04,8,847.78,4.625,8,27,False
fe1bbc5feda5c8979a8a1b3b2512d5a6,2017-02-03 06:55:52,2017-07-14 17:24:41,9,724.72,3.8,410,161,True
fe2032dab1a61af8794248c8196565c9,2017-03-08 11:54:55,2018-08-21 15:12:32,293,65689.71,4.370491803278688,7,531,False
fe26f3ecb51a15e6d8335cd92da42562,2017-11-17 13:15:59,2018-02-18 21:05:38,7,2708.96,4.428571428571429,191,93,True
fe49ee029e61e789a1f3a5525f57ba8d,2017-11-28 14:09:58,2018-03-19 12:58:21,16,2473.69,4.25,163,110,True
fe4cd9461203cee790d36792420b310f,2017-03-13 08:11:00,2017-09-06 22:28:42,3,391.15,4.0,356,177,True
fe701d88b67eaca109dffd464d1be9f9,2017-11-21 23:13:30,2018-07-24 14:11:22,10,1359.0,4.3,36,244,False
fe8055980a4ff7f64ed889c2b5926929,2018-06-11 13:46:46,2018-07-25 19:07:16,3,196.70000000000002,4.666666666666667,34,44,False
fe87f472055fbcf1d7e691c00b1560dc,2018-05-07 13:09:18,2018-08-19 21:44:37,6,1085.8,4.5,9,104,False
fe9d9cf8631285d5982c6e2cf27fb114,2018-07-19 21:58:43,2018-07-19 21:58:43,1,69.9,4.0,40,0,False
feb793c88d836c3a75efa4b5a3465d70,2018-03-23 19:26:13,2018-03-23 19:26:13,1,466.0,5.0,158,0,True
febab0275244b9a49a623f0bd613ca2f,2017-02-15 20:49:15,2018-08-17 20:05:53,106,7094.82,4.317460317460317,11,547,False
fec6275253471ace26d209bbaa64cd0f,2018-01-22 11:14:54,2018-07-06 16:38:58,9,2840.0,4.6,53,165,False
fec8cd45395b3cb0c2b173d7739706a1,2018-01-04 11:11:33,2018-04-25 15:44:24,4,1280.0,3.75,125,111,True
fedaedd3ca31d56ab33e92035e4b361c,2016-10-06 20:06:26,2016-10-06 20:06:26,1,39.9,4.0,691,0,True
fedf2c1386e137f296b3bbf3b635e69d,2018-02-28 09:08:07,2018-05-23 20:01:45,2,131.74,3.2,97,84,True
ff063b022a9a0aab91bad2c9088760b7,2017-02-14 06:59:36,2018-08-20 14:39:22,94,12076.5,4.25,9,552,False
ff1e15b778c700abdd4d239b81ac466d,2018-08-02 12:06:18,2018-08-21 18:42:15,7,414.3,4.571428571428571,7,19,False
ff1fb4c404b2efe68b03350a8dc24122,2018-01-20 23:30:17,2018-08-21 06:06:38,46,6771.0,4.061224489795919,8,212,False
ff314fa6033cc68ec451c47aee2d6ba4,2017-01-25 09:09:46,2017-05-19 16:09:06,2,537.9,5.0,466,114,True
ff4e2d38692ce827b1a4f4b8196e680d,2017-08-20 16:31:57,2018-07-08 10:36:42,11,518.9,4.2727272727272725,52,321,False
ff4ea69c2a729e83e63c7579e4ef8170,2017-02-28 19:07:02,2017-05-22 18:54:48,8,6368.0,4.5,463,82,True
ff69aa92bb6b1bf9b8b7a51c2ed9cf8b,2017-12-02 19:55:21,2018-06-18 22:43:08,20,21940.8,3.65,71,198,False
ff82e8873fba613f2261a9acc896fd84,2017-12-06 12:41:52,2018-02-16 19:30:29,4,124.6,3.5,193,72,True
ffa6adafb71b807dc13159e26431354c,2018-03-16 07:38:09,2018-08-13 14:18:44,17,2500.9,3.9411764705882355,16,150,False
ffad1e7127fb622cb64a900751590acd,2018-03-13 14:21:08,2018-07-14 17:40:59,10,884.3,4.866666666666666,45,123,False
ffc470761de7d0232558ba5e786e57b7,2018-02-20 18:47:21,2018-08-17 20:31:07,27,1529.13,4.3,11,178,False
ffdd9f82b9a447f6f8d4b91554cc7dd3,2017-03-05 16:21:27,2018-08-19 14:37:08,18,2101.2,4.25,10,531,False
ffeee66ac5d5a62fe688b9d26f83f534,2017-09-30 15:56:56,2018-05-14 08:55:22,14,1839.8600000000001,4.214285714285714,107,225,True
fffd5413c0700ac820c7069d66d98c89,2017-07-24 21:13:55,2018-08-26 19:56:12,57,8535.0,3.9310344827586206,2,397,False
ffff564a4f9085cd26170f4732393726,2016-10-07 17:37:49,2017-01-24 12:38:48,8,359.0,3.25,582,108,True
